ISO-10303-21;
HEADER;
FILE_DESCRIPTION(('KiCad electronic assembly'),'2;1');
FILE_NAME('sensor_pcb.step','2025-07-23T22:14:02',('Pcbnew'),('Kicad'),
  'Open CASCADE STEP processor 7.8','KiCad to STEP converter','Unknown'
  );
FILE_SCHEMA(('AUTOMOTIVE_DESIGN { 1 0 10303 214 1 1 1 1 }'));
ENDSEC;
DATA;
#1 = APPLICATION_PROTOCOL_DEFINITION('international standard',
  'automotive_design',2000,#2);
#2 = APPLICATION_CONTEXT(
  'core data for automotive mechanical design processes');
#3 = SHAPE_DEFINITION_REPRESENTATION(#4,#10);
#4 = PRODUCT_DEFINITION_SHAPE('','',#5);
#5 = PRODUCT_DEFINITION('design','',#6,#9);
#6 = PRODUCT_DEFINITION_FORMATION('','',#7);
#7 = PRODUCT('sensor_pcb 1','sensor_pcb 1','',(#8));
#8 = PRODUCT_CONTEXT('',#2,'mechanical');
#9 = PRODUCT_DEFINITION_CONTEXT('part definition',#2,'design');
#10 = SHAPE_REPRESENTATION('',(#11,#15,#19,#23,#27),#31);
#11 = AXIS2_PLACEMENT_3D('',#12,#13,#14);
#12 = CARTESIAN_POINT('',(0.,0.,0.));
#13 = DIRECTION('',(0.,0.,1.));
#14 = DIRECTION('',(1.,0.,-0.));
#15 = AXIS2_PLACEMENT_3D('',#16,#17,#18);
#16 = CARTESIAN_POINT('',(-3.8,5.,1.595));
#17 = DIRECTION('',(0.,-0.,1.));
#18 = DIRECTION('',(1.110223024625E-16,1.,0.));
#19 = AXIS2_PLACEMENT_3D('',#20,#21,#22);
#20 = CARTESIAN_POINT('',(-3.8,-5.,1.595));
#21 = DIRECTION('',(0.,-0.,1.));
#22 = DIRECTION('',(1.110223024625E-16,1.,0.));
#23 = AXIS2_PLACEMENT_3D('',#24,#25,#26);
#24 = CARTESIAN_POINT('',(0.,-1.040949779275E-17,-8.5E-02));
#25 = DIRECTION('',(0.,-1.224646799147E-16,-1.));
#26 = DIRECTION('',(1.,0.,0.));
#27 = AXIS2_PLACEMENT_3D('',#28,#29,#30);
#28 = CARTESIAN_POINT('',(0.,0.,0.));
#29 = DIRECTION('',(0.,0.,1.));
#30 = DIRECTION('',(1.,0.,-0.));
#31 = ( GEOMETRIC_REPRESENTATION_CONTEXT(3) 
GLOBAL_UNCERTAINTY_ASSIGNED_CONTEXT((#35)) GLOBAL_UNIT_ASSIGNED_CONTEXT(
(#32,#33,#34)) REPRESENTATION_CONTEXT('Context #1',
  '3D Context with UNIT and UNCERTAINTY') );
#32 = ( LENGTH_UNIT() NAMED_UNIT(*) SI_UNIT(.MILLI.,.METRE.) );
#33 = ( NAMED_UNIT(*) PLANE_ANGLE_UNIT() SI_UNIT($,.RADIAN.) );
#34 = ( NAMED_UNIT(*) SI_UNIT($,.STERADIAN.) SOLID_ANGLE_UNIT() );
#35 = UNCERTAINTY_MEASURE_WITH_UNIT(LENGTH_MEASURE(1.E-07),#32,
  'distance_accuracy_value','confusion accuracy');
#36 = PRODUCT_RELATED_PRODUCT_CATEGORY('part',$,(#7));
#37 = SHAPE_DEFINITION_REPRESENTATION(#38,#44);
#38 = PRODUCT_DEFINITION_SHAPE('','',#39);
#39 = PRODUCT_DEFINITION('design','',#40,#43);
#40 = PRODUCT_DEFINITION_FORMATION('','',#41);
#41 = PRODUCT('PinHeader_1x04_P2.54mm_Vertical',
  'PinHeader_1x04_P2.54mm_Vertical','',(#42));
#42 = PRODUCT_CONTEXT('',#2,'mechanical');
#43 = PRODUCT_DEFINITION_CONTEXT('part definition',#2,'design');
#44 = ADVANCED_BREP_SHAPE_REPRESENTATION('',(#11,#45),#2825);
#45 = MANIFOLD_SOLID_BREP('',#46);
#46 = CLOSED_SHELL('',(#47,#87,#118,#149,#478,#807,#824,#841,#858,#875,
    #892,#909,#926,#943,#960,#977,#994,#1011,#1028,#1045,#1062,#1079,
    #1096,#1113,#1130,#1147,#1164,#1181,#1193,#1224,#1248,#1272,#1289,
    #1320,#1344,#1368,#1385,#1416,#1440,#1464,#1481,#1512,#1536,#1560,
    #1577,#1608,#1632,#1656,#1673,#1704,#1728,#1752,#1769,#1800,#1824,
    #1848,#1865,#1896,#1920,#1944,#1961,#1992,#2016,#2040,#2057,#2088,
    #2112,#2136,#2153,#2184,#2208,#2232,#2249,#2280,#2304,#2328,#2345,
    #2376,#2400,#2424,#2441,#2472,#2496,#2520,#2537,#2568,#2592,#2616,
    #2633,#2664,#2688,#2712,#2729,#2741,#2753,#2765,#2777,#2789,#2801,
    #2813));
#47 = ADVANCED_FACE('',(#48),#82,.F.);
#48 = FACE_BOUND('',#49,.F.);
#49 = EDGE_LOOP('',(#50,#60,#68,#76));
#50 = ORIENTED_EDGE('',*,*,#51,.T.);
#51 = EDGE_CURVE('',#52,#54,#56,.T.);
#52 = VERTEX_POINT('',#53);
#53 = CARTESIAN_POINT('',(-1.016,1.27,0.));
#54 = VERTEX_POINT('',#55);
#55 = CARTESIAN_POINT('',(-1.016,1.27,2.54));
#56 = LINE('',#57,#58);
#57 = CARTESIAN_POINT('',(-1.016,1.27,0.));
#58 = VECTOR('',#59,1.);
#59 = DIRECTION('',(0.,0.,1.));
#60 = ORIENTED_EDGE('',*,*,#61,.T.);
#61 = EDGE_CURVE('',#54,#62,#64,.T.);
#62 = VERTEX_POINT('',#63);
#63 = CARTESIAN_POINT('',(-1.27,1.016,2.54));
#64 = LINE('',#65,#66);
#65 = CARTESIAN_POINT('',(-1.016,1.27,2.54));
#66 = VECTOR('',#67,1.);
#67 = DIRECTION('',(-0.707106781187,-0.707106781187,0.));
#68 = ORIENTED_EDGE('',*,*,#69,.F.);
#69 = EDGE_CURVE('',#70,#62,#72,.T.);
#70 = VERTEX_POINT('',#71);
#71 = CARTESIAN_POINT('',(-1.27,1.016,0.));
#72 = LINE('',#73,#74);
#73 = CARTESIAN_POINT('',(-1.27,1.016,0.));
#74 = VECTOR('',#75,1.);
#75 = DIRECTION('',(0.,0.,1.));
#76 = ORIENTED_EDGE('',*,*,#77,.F.);
#77 = EDGE_CURVE('',#52,#70,#78,.T.);
#78 = LINE('',#79,#80);
#79 = CARTESIAN_POINT('',(-1.016,1.27,0.));
#80 = VECTOR('',#81,1.);
#81 = DIRECTION('',(-0.707106781187,-0.707106781187,0.));
#82 = PLANE('',#83);
#83 = AXIS2_PLACEMENT_3D('',#84,#85,#86);
#84 = CARTESIAN_POINT('',(-1.016,1.27,0.));
#85 = DIRECTION('',(0.707106781187,-0.707106781187,0.));
#86 = DIRECTION('',(-0.707106781187,-0.707106781187,0.));
#87 = ADVANCED_FACE('',(#88),#113,.F.);
#88 = FACE_BOUND('',#89,.F.);
#89 = EDGE_LOOP('',(#90,#100,#106,#107));
#90 = ORIENTED_EDGE('',*,*,#91,.T.);
#91 = EDGE_CURVE('',#92,#94,#96,.T.);
#92 = VERTEX_POINT('',#93);
#93 = CARTESIAN_POINT('',(1.016,1.27,0.));
#94 = VERTEX_POINT('',#95);
#95 = CARTESIAN_POINT('',(1.016,1.27,2.54));
#96 = LINE('',#97,#98);
#97 = CARTESIAN_POINT('',(1.016,1.27,0.));
#98 = VECTOR('',#99,1.);
#99 = DIRECTION('',(0.,0.,1.));
#100 = ORIENTED_EDGE('',*,*,#101,.T.);
#101 = EDGE_CURVE('',#94,#54,#102,.T.);
#102 = LINE('',#103,#104);
#103 = CARTESIAN_POINT('',(1.016,1.27,2.54));
#104 = VECTOR('',#105,1.);
#105 = DIRECTION('',(-1.,0.,0.));
#106 = ORIENTED_EDGE('',*,*,#51,.F.);
#107 = ORIENTED_EDGE('',*,*,#108,.F.);
#108 = EDGE_CURVE('',#92,#52,#109,.T.);
#109 = LINE('',#110,#111);
#110 = CARTESIAN_POINT('',(1.016,1.27,0.));
#111 = VECTOR('',#112,1.);
#112 = DIRECTION('',(-1.,0.,0.));
#113 = PLANE('',#114);
#114 = AXIS2_PLACEMENT_3D('',#115,#116,#117);
#115 = CARTESIAN_POINT('',(1.016,1.27,0.));
#116 = DIRECTION('',(0.,-1.,0.));
#117 = DIRECTION('',(-1.,0.,0.));
#118 = ADVANCED_FACE('',(#119),#144,.F.);
#119 = FACE_BOUND('',#120,.F.);
#120 = EDGE_LOOP('',(#121,#122,#130,#138));
#121 = ORIENTED_EDGE('',*,*,#69,.T.);
#122 = ORIENTED_EDGE('',*,*,#123,.T.);
#123 = EDGE_CURVE('',#62,#124,#126,.T.);
#124 = VERTEX_POINT('',#125);
#125 = CARTESIAN_POINT('',(-1.27,-1.016,2.54));
#126 = LINE('',#127,#128);
#127 = CARTESIAN_POINT('',(-1.27,1.016,2.54));
#128 = VECTOR('',#129,1.);
#129 = DIRECTION('',(0.,-1.,0.));
#130 = ORIENTED_EDGE('',*,*,#131,.F.);
#131 = EDGE_CURVE('',#132,#124,#134,.T.);
#132 = VERTEX_POINT('',#133);
#133 = CARTESIAN_POINT('',(-1.27,-1.016,0.));
#134 = LINE('',#135,#136);
#135 = CARTESIAN_POINT('',(-1.27,-1.016,0.));
#136 = VECTOR('',#137,1.);
#137 = DIRECTION('',(0.,0.,1.));
#138 = ORIENTED_EDGE('',*,*,#139,.F.);
#139 = EDGE_CURVE('',#70,#132,#140,.T.);
#140 = LINE('',#141,#142);
#141 = CARTESIAN_POINT('',(-1.27,1.016,0.));
#142 = VECTOR('',#143,1.);
#143 = DIRECTION('',(0.,-1.,0.));
#144 = PLANE('',#145);
#145 = AXIS2_PLACEMENT_3D('',#146,#147,#148);
#146 = CARTESIAN_POINT('',(-1.27,1.016,0.));
#147 = DIRECTION('',(1.,0.,0.));
#148 = DIRECTION('',(0.,-1.,0.));
#149 = ADVANCED_FACE('',(#150,#337,#371,#405,#439),#473,.F.);
#150 = FACE_BOUND('',#151,.F.);
#151 = EDGE_LOOP('',(#152,#153,#154,#162,#170,#178,#186,#194,#202,#210,
    #218,#226,#234,#242,#250,#258,#266,#274,#282,#290,#298,#306,#314,
    #322,#330,#336));
#152 = ORIENTED_EDGE('',*,*,#77,.T.);
#153 = ORIENTED_EDGE('',*,*,#139,.T.);
#154 = ORIENTED_EDGE('',*,*,#155,.T.);
#155 = EDGE_CURVE('',#132,#156,#158,.T.);
#156 = VERTEX_POINT('',#157);
#157 = CARTESIAN_POINT('',(-1.016,-1.27,0.));
#158 = LINE('',#159,#160);
#159 = CARTESIAN_POINT('',(-1.27,-1.016,0.));
#160 = VECTOR('',#161,1.);
#161 = DIRECTION('',(0.707106781187,-0.707106781187,0.));
#162 = ORIENTED_EDGE('',*,*,#163,.T.);
#163 = EDGE_CURVE('',#156,#164,#166,.T.);
#164 = VERTEX_POINT('',#165);
#165 = CARTESIAN_POINT('',(-1.27,-1.524,0.));
#166 = LINE('',#167,#168);
#167 = CARTESIAN_POINT('',(-1.016,-1.27,0.));
#168 = VECTOR('',#169,1.);
#169 = DIRECTION('',(-0.707106781187,-0.707106781187,0.));
#170 = ORIENTED_EDGE('',*,*,#171,.T.);
#171 = EDGE_CURVE('',#164,#172,#174,.T.);
#172 = VERTEX_POINT('',#173);
#173 = CARTESIAN_POINT('',(-1.27,-3.556,0.));
#174 = LINE('',#175,#176);
#175 = CARTESIAN_POINT('',(-1.27,-1.524,0.));
#176 = VECTOR('',#177,1.);
#177 = DIRECTION('',(0.,-1.,0.));
#178 = ORIENTED_EDGE('',*,*,#179,.T.);
#179 = EDGE_CURVE('',#172,#180,#182,.T.);
#180 = VERTEX_POINT('',#181);
#181 = CARTESIAN_POINT('',(-1.016,-3.81,0.));
#182 = LINE('',#183,#184);
#183 = CARTESIAN_POINT('',(-1.27,-3.556,0.));
#184 = VECTOR('',#185,1.);
#185 = DIRECTION('',(0.707106781187,-0.707106781187,0.));
#186 = ORIENTED_EDGE('',*,*,#187,.T.);
#187 = EDGE_CURVE('',#180,#188,#190,.T.);
#188 = VERTEX_POINT('',#189);
#189 = CARTESIAN_POINT('',(-1.27,-4.064,0.));
#190 = LINE('',#191,#192);
#191 = CARTESIAN_POINT('',(-1.016,-3.81,0.));
#192 = VECTOR('',#193,1.);
#193 = DIRECTION('',(-0.707106781187,-0.707106781187,0.));
#194 = ORIENTED_EDGE('',*,*,#195,.T.);
#195 = EDGE_CURVE('',#188,#196,#198,.T.);
#196 = VERTEX_POINT('',#197);
#197 = CARTESIAN_POINT('',(-1.27,-6.096,0.));
#198 = LINE('',#199,#200);
#199 = CARTESIAN_POINT('',(-1.27,-4.064,0.));
#200 = VECTOR('',#201,1.);
#201 = DIRECTION('',(0.,-1.,0.));
#202 = ORIENTED_EDGE('',*,*,#203,.T.);
#203 = EDGE_CURVE('',#196,#204,#206,.T.);
#204 = VERTEX_POINT('',#205);
#205 = CARTESIAN_POINT('',(-1.016,-6.35,0.));
#206 = LINE('',#207,#208);
#207 = CARTESIAN_POINT('',(-1.27,-6.096,0.));
#208 = VECTOR('',#209,1.);
#209 = DIRECTION('',(0.707106781187,-0.707106781187,0.));
#210 = ORIENTED_EDGE('',*,*,#211,.T.);
#211 = EDGE_CURVE('',#204,#212,#214,.T.);
#212 = VERTEX_POINT('',#213);
#213 = CARTESIAN_POINT('',(-1.27,-6.604,0.));
#214 = LINE('',#215,#216);
#215 = CARTESIAN_POINT('',(-1.016,-6.35,0.));
#216 = VECTOR('',#217,1.);
#217 = DIRECTION('',(-0.707106781187,-0.707106781187,0.));
#218 = ORIENTED_EDGE('',*,*,#219,.T.);
#219 = EDGE_CURVE('',#212,#220,#222,.T.);
#220 = VERTEX_POINT('',#221);
#221 = CARTESIAN_POINT('',(-1.27,-8.636,0.));
#222 = LINE('',#223,#224);
#223 = CARTESIAN_POINT('',(-1.27,-6.604,0.));
#224 = VECTOR('',#225,1.);
#225 = DIRECTION('',(0.,-1.,0.));
#226 = ORIENTED_EDGE('',*,*,#227,.T.);
#227 = EDGE_CURVE('',#220,#228,#230,.T.);
#228 = VERTEX_POINT('',#229);
#229 = CARTESIAN_POINT('',(-1.016,-8.89,0.));
#230 = LINE('',#231,#232);
#231 = CARTESIAN_POINT('',(-1.27,-8.636,0.));
#232 = VECTOR('',#233,1.);
#233 = DIRECTION('',(0.707106781187,-0.707106781187,0.));
#234 = ORIENTED_EDGE('',*,*,#235,.T.);
#235 = EDGE_CURVE('',#228,#236,#238,.T.);
#236 = VERTEX_POINT('',#237);
#237 = CARTESIAN_POINT('',(1.016,-8.89,0.));
#238 = LINE('',#239,#240);
#239 = CARTESIAN_POINT('',(-1.016,-8.89,0.));
#240 = VECTOR('',#241,1.);
#241 = DIRECTION('',(1.,0.,0.));
#242 = ORIENTED_EDGE('',*,*,#243,.T.);
#243 = EDGE_CURVE('',#236,#244,#246,.T.);
#244 = VERTEX_POINT('',#245);
#245 = CARTESIAN_POINT('',(1.27,-8.636,0.));
#246 = LINE('',#247,#248);
#247 = CARTESIAN_POINT('',(1.016,-8.89,0.));
#248 = VECTOR('',#249,1.);
#249 = DIRECTION('',(0.707106781187,0.707106781187,0.));
#250 = ORIENTED_EDGE('',*,*,#251,.T.);
#251 = EDGE_CURVE('',#244,#252,#254,.T.);
#252 = VERTEX_POINT('',#253);
#253 = CARTESIAN_POINT('',(1.27,-6.604,0.));
#254 = LINE('',#255,#256);
#255 = CARTESIAN_POINT('',(1.27,-8.636,0.));
#256 = VECTOR('',#257,1.);
#257 = DIRECTION('',(0.,1.,0.));
#258 = ORIENTED_EDGE('',*,*,#259,.T.);
#259 = EDGE_CURVE('',#252,#260,#262,.T.);
#260 = VERTEX_POINT('',#261);
#261 = CARTESIAN_POINT('',(1.016,-6.35,0.));
#262 = LINE('',#263,#264);
#263 = CARTESIAN_POINT('',(1.27,-6.604,0.));
#264 = VECTOR('',#265,1.);
#265 = DIRECTION('',(-0.707106781187,0.707106781187,0.));
#266 = ORIENTED_EDGE('',*,*,#267,.T.);
#267 = EDGE_CURVE('',#260,#268,#270,.T.);
#268 = VERTEX_POINT('',#269);
#269 = CARTESIAN_POINT('',(1.27,-6.096,0.));
#270 = LINE('',#271,#272);
#271 = CARTESIAN_POINT('',(1.016,-6.35,0.));
#272 = VECTOR('',#273,1.);
#273 = DIRECTION('',(0.707106781187,0.707106781187,0.));
#274 = ORIENTED_EDGE('',*,*,#275,.T.);
#275 = EDGE_CURVE('',#268,#276,#278,.T.);
#276 = VERTEX_POINT('',#277);
#277 = CARTESIAN_POINT('',(1.27,-4.064,0.));
#278 = LINE('',#279,#280);
#279 = CARTESIAN_POINT('',(1.27,-6.096,0.));
#280 = VECTOR('',#281,1.);
#281 = DIRECTION('',(0.,1.,0.));
#282 = ORIENTED_EDGE('',*,*,#283,.T.);
#283 = EDGE_CURVE('',#276,#284,#286,.T.);
#284 = VERTEX_POINT('',#285);
#285 = CARTESIAN_POINT('',(1.016,-3.81,0.));
#286 = LINE('',#287,#288);
#287 = CARTESIAN_POINT('',(1.27,-4.064,0.));
#288 = VECTOR('',#289,1.);
#289 = DIRECTION('',(-0.707106781187,0.707106781187,0.));
#290 = ORIENTED_EDGE('',*,*,#291,.T.);
#291 = EDGE_CURVE('',#284,#292,#294,.T.);
#292 = VERTEX_POINT('',#293);
#293 = CARTESIAN_POINT('',(1.27,-3.556,0.));
#294 = LINE('',#295,#296);
#295 = CARTESIAN_POINT('',(1.016,-3.81,0.));
#296 = VECTOR('',#297,1.);
#297 = DIRECTION('',(0.707106781187,0.707106781187,0.));
#298 = ORIENTED_EDGE('',*,*,#299,.T.);
#299 = EDGE_CURVE('',#292,#300,#302,.T.);
#300 = VERTEX_POINT('',#301);
#301 = CARTESIAN_POINT('',(1.27,-1.524,0.));
#302 = LINE('',#303,#304);
#303 = CARTESIAN_POINT('',(1.27,-3.556,0.));
#304 = VECTOR('',#305,1.);
#305 = DIRECTION('',(0.,1.,0.));
#306 = ORIENTED_EDGE('',*,*,#307,.T.);
#307 = EDGE_CURVE('',#300,#308,#310,.T.);
#308 = VERTEX_POINT('',#309);
#309 = CARTESIAN_POINT('',(1.016,-1.27,0.));
#310 = LINE('',#311,#312);
#311 = CARTESIAN_POINT('',(1.27,-1.524,0.));
#312 = VECTOR('',#313,1.);
#313 = DIRECTION('',(-0.707106781187,0.707106781187,0.));
#314 = ORIENTED_EDGE('',*,*,#315,.T.);
#315 = EDGE_CURVE('',#308,#316,#318,.T.);
#316 = VERTEX_POINT('',#317);
#317 = CARTESIAN_POINT('',(1.27,-1.016,0.));
#318 = LINE('',#319,#320);
#319 = CARTESIAN_POINT('',(1.016,-1.27,0.));
#320 = VECTOR('',#321,1.);
#321 = DIRECTION('',(0.707106781187,0.707106781187,0.));
#322 = ORIENTED_EDGE('',*,*,#323,.T.);
#323 = EDGE_CURVE('',#316,#324,#326,.T.);
#324 = VERTEX_POINT('',#325);
#325 = CARTESIAN_POINT('',(1.27,1.016,0.));
#326 = LINE('',#327,#328);
#327 = CARTESIAN_POINT('',(1.27,-1.016,0.));
#328 = VECTOR('',#329,1.);
#329 = DIRECTION('',(0.,1.,0.));
#330 = ORIENTED_EDGE('',*,*,#331,.T.);
#331 = EDGE_CURVE('',#324,#92,#332,.T.);
#332 = LINE('',#333,#334);
#333 = CARTESIAN_POINT('',(1.27,1.016,0.));
#334 = VECTOR('',#335,1.);
#335 = DIRECTION('',(-0.707106781187,0.707106781187,0.));
#336 = ORIENTED_EDGE('',*,*,#108,.T.);
#337 = FACE_BOUND('',#338,.F.);
#338 = EDGE_LOOP('',(#339,#349,#357,#365));
#339 = ORIENTED_EDGE('',*,*,#340,.F.);
#340 = EDGE_CURVE('',#341,#343,#345,.T.);
#341 = VERTEX_POINT('',#342);
#342 = CARTESIAN_POINT('',(0.32,-4.76,0.));
#343 = VERTEX_POINT('',#344);
#344 = CARTESIAN_POINT('',(-0.32,-4.76,0.));
#345 = LINE('',#346,#347);
#346 = CARTESIAN_POINT('',(-0.16,-4.76,0.));
#347 = VECTOR('',#348,1.);
#348 = DIRECTION('',(-1.,0.,0.));
#349 = ORIENTED_EDGE('',*,*,#350,.F.);
#350 = EDGE_CURVE('',#351,#341,#353,.T.);
#351 = VERTEX_POINT('',#352);
#352 = CARTESIAN_POINT('',(0.32,-5.4,0.));
#353 = LINE('',#354,#355);
#354 = CARTESIAN_POINT('',(0.32,-4.605,0.));
#355 = VECTOR('',#356,1.);
#356 = DIRECTION('',(0.,1.,0.));
#357 = ORIENTED_EDGE('',*,*,#358,.T.);
#358 = EDGE_CURVE('',#351,#359,#361,.T.);
#359 = VERTEX_POINT('',#360);
#360 = CARTESIAN_POINT('',(-0.32,-5.4,0.));
#361 = LINE('',#362,#363);
#362 = CARTESIAN_POINT('',(-0.16,-5.4,0.));
#363 = VECTOR('',#364,1.);
#364 = DIRECTION('',(-1.,0.,0.));
#365 = ORIENTED_EDGE('',*,*,#366,.T.);
#366 = EDGE_CURVE('',#359,#343,#367,.T.);
#367 = LINE('',#368,#369);
#368 = CARTESIAN_POINT('',(-0.32,-4.605,0.));
#369 = VECTOR('',#370,1.);
#370 = DIRECTION('',(0.,1.,0.));
#371 = FACE_BOUND('',#372,.F.);
#372 = EDGE_LOOP('',(#373,#383,#391,#399));
#373 = ORIENTED_EDGE('',*,*,#374,.F.);
#374 = EDGE_CURVE('',#375,#377,#379,.T.);
#375 = VERTEX_POINT('',#376);
#376 = CARTESIAN_POINT('',(0.32,-7.94,0.));
#377 = VERTEX_POINT('',#378);
#378 = CARTESIAN_POINT('',(0.32,-7.3,0.));
#379 = LINE('',#380,#381);
#380 = CARTESIAN_POINT('',(0.32,-5.875,0.));
#381 = VECTOR('',#382,1.);
#382 = DIRECTION('',(0.,1.,0.));
#383 = ORIENTED_EDGE('',*,*,#384,.T.);
#384 = EDGE_CURVE('',#375,#385,#387,.T.);
#385 = VERTEX_POINT('',#386);
#386 = CARTESIAN_POINT('',(-0.32,-7.94,0.));
#387 = LINE('',#388,#389);
#388 = CARTESIAN_POINT('',(-0.16,-7.94,0.));
#389 = VECTOR('',#390,1.);
#390 = DIRECTION('',(-1.,0.,0.));
#391 = ORIENTED_EDGE('',*,*,#392,.T.);
#392 = EDGE_CURVE('',#385,#393,#395,.T.);
#393 = VERTEX_POINT('',#394);
#394 = CARTESIAN_POINT('',(-0.32,-7.3,0.));
#395 = LINE('',#396,#397);
#396 = CARTESIAN_POINT('',(-0.32,-5.875,0.));
#397 = VECTOR('',#398,1.);
#398 = DIRECTION('',(0.,1.,0.));
#399 = ORIENTED_EDGE('',*,*,#400,.F.);
#400 = EDGE_CURVE('',#377,#393,#401,.T.);
#401 = LINE('',#402,#403);
#402 = CARTESIAN_POINT('',(-0.16,-7.3,0.));
#403 = VECTOR('',#404,1.);
#404 = DIRECTION('',(-1.,0.,0.));
#405 = FACE_BOUND('',#406,.F.);
#406 = EDGE_LOOP('',(#407,#417,#425,#433));
#407 = ORIENTED_EDGE('',*,*,#408,.F.);
#408 = EDGE_CURVE('',#409,#411,#413,.T.);
#409 = VERTEX_POINT('',#410);
#410 = CARTESIAN_POINT('',(0.32,-0.32,0.));
#411 = VERTEX_POINT('',#412);
#412 = CARTESIAN_POINT('',(0.32,0.32,0.));
#413 = LINE('',#414,#415);
#414 = CARTESIAN_POINT('',(0.32,-2.065,0.));
#415 = VECTOR('',#416,1.);
#416 = DIRECTION('',(0.,1.,0.));
#417 = ORIENTED_EDGE('',*,*,#418,.T.);
#418 = EDGE_CURVE('',#409,#419,#421,.T.);
#419 = VERTEX_POINT('',#420);
#420 = CARTESIAN_POINT('',(-0.32,-0.32,0.));
#421 = LINE('',#422,#423);
#422 = CARTESIAN_POINT('',(-0.16,-0.32,0.));
#423 = VECTOR('',#424,1.);
#424 = DIRECTION('',(-1.,0.,0.));
#425 = ORIENTED_EDGE('',*,*,#426,.T.);
#426 = EDGE_CURVE('',#419,#427,#429,.T.);
#427 = VERTEX_POINT('',#428);
#428 = CARTESIAN_POINT('',(-0.32,0.32,0.));
#429 = LINE('',#430,#431);
#430 = CARTESIAN_POINT('',(-0.32,-2.065,0.));
#431 = VECTOR('',#432,1.);
#432 = DIRECTION('',(0.,1.,0.));
#433 = ORIENTED_EDGE('',*,*,#434,.F.);
#434 = EDGE_CURVE('',#411,#427,#435,.T.);
#435 = LINE('',#436,#437);
#436 = CARTESIAN_POINT('',(-0.16,0.32,0.));
#437 = VECTOR('',#438,1.);
#438 = DIRECTION('',(-1.,0.,0.));
#439 = FACE_BOUND('',#440,.F.);
#440 = EDGE_LOOP('',(#441,#451,#459,#467));
#441 = ORIENTED_EDGE('',*,*,#442,.F.);
#442 = EDGE_CURVE('',#443,#445,#447,.T.);
#443 = VERTEX_POINT('',#444);
#444 = CARTESIAN_POINT('',(0.32,-2.22,0.));
#445 = VERTEX_POINT('',#446);
#446 = CARTESIAN_POINT('',(-0.32,-2.22,0.));
#447 = LINE('',#448,#449);
#448 = CARTESIAN_POINT('',(-0.16,-2.22,0.));
#449 = VECTOR('',#450,1.);
#450 = DIRECTION('',(-1.,0.,0.));
#451 = ORIENTED_EDGE('',*,*,#452,.F.);
#452 = EDGE_CURVE('',#453,#443,#455,.T.);
#453 = VERTEX_POINT('',#454);
#454 = CARTESIAN_POINT('',(0.32,-2.86,0.));
#455 = LINE('',#456,#457);
#456 = CARTESIAN_POINT('',(0.32,-3.335,0.));
#457 = VECTOR('',#458,1.);
#458 = DIRECTION('',(0.,1.,0.));
#459 = ORIENTED_EDGE('',*,*,#460,.T.);
#460 = EDGE_CURVE('',#453,#461,#463,.T.);
#461 = VERTEX_POINT('',#462);
#462 = CARTESIAN_POINT('',(-0.32,-2.86,0.));
#463 = LINE('',#464,#465);
#464 = CARTESIAN_POINT('',(-0.16,-2.86,0.));
#465 = VECTOR('',#466,1.);
#466 = DIRECTION('',(-1.,0.,0.));
#467 = ORIENTED_EDGE('',*,*,#468,.T.);
#468 = EDGE_CURVE('',#461,#445,#469,.T.);
#469 = LINE('',#470,#471);
#470 = CARTESIAN_POINT('',(-0.32,-3.335,0.));
#471 = VECTOR('',#472,1.);
#472 = DIRECTION('',(0.,1.,0.));
#473 = PLANE('',#474);
#474 = AXIS2_PLACEMENT_3D('',#475,#476,#477);
#475 = CARTESIAN_POINT('',(4.259053689278E-17,-3.81,0.));
#476 = DIRECTION('',(0.,0.,1.));
#477 = DIRECTION('',(1.,0.,-0.));
#478 = ADVANCED_FACE('',(#479,#666,#700,#734,#768),#802,.T.);
#479 = FACE_BOUND('',#480,.T.);
#480 = EDGE_LOOP('',(#481,#482,#483,#491,#499,#507,#515,#523,#531,#539,
    #547,#555,#563,#571,#579,#587,#595,#603,#611,#619,#627,#635,#643,
    #651,#659,#665));
#481 = ORIENTED_EDGE('',*,*,#61,.T.);
#482 = ORIENTED_EDGE('',*,*,#123,.T.);
#483 = ORIENTED_EDGE('',*,*,#484,.T.);
#484 = EDGE_CURVE('',#124,#485,#487,.T.);
#485 = VERTEX_POINT('',#486);
#486 = CARTESIAN_POINT('',(-1.016,-1.27,2.54));
#487 = LINE('',#488,#489);
#488 = CARTESIAN_POINT('',(-1.27,-1.016,2.54));
#489 = VECTOR('',#490,1.);
#490 = DIRECTION('',(0.707106781187,-0.707106781187,0.));
#491 = ORIENTED_EDGE('',*,*,#492,.T.);
#492 = EDGE_CURVE('',#485,#493,#495,.T.);
#493 = VERTEX_POINT('',#494);
#494 = CARTESIAN_POINT('',(-1.27,-1.524,2.54));
#495 = LINE('',#496,#497);
#496 = CARTESIAN_POINT('',(-1.016,-1.27,2.54));
#497 = VECTOR('',#498,1.);
#498 = DIRECTION('',(-0.707106781187,-0.707106781187,0.));
#499 = ORIENTED_EDGE('',*,*,#500,.T.);
#500 = EDGE_CURVE('',#493,#501,#503,.T.);
#501 = VERTEX_POINT('',#502);
#502 = CARTESIAN_POINT('',(-1.27,-3.556,2.54));
#503 = LINE('',#504,#505);
#504 = CARTESIAN_POINT('',(-1.27,-1.524,2.54));
#505 = VECTOR('',#506,1.);
#506 = DIRECTION('',(0.,-1.,0.));
#507 = ORIENTED_EDGE('',*,*,#508,.T.);
#508 = EDGE_CURVE('',#501,#509,#511,.T.);
#509 = VERTEX_POINT('',#510);
#510 = CARTESIAN_POINT('',(-1.016,-3.81,2.54));
#511 = LINE('',#512,#513);
#512 = CARTESIAN_POINT('',(-1.27,-3.556,2.54));
#513 = VECTOR('',#514,1.);
#514 = DIRECTION('',(0.707106781187,-0.707106781187,0.));
#515 = ORIENTED_EDGE('',*,*,#516,.T.);
#516 = EDGE_CURVE('',#509,#517,#519,.T.);
#517 = VERTEX_POINT('',#518);
#518 = CARTESIAN_POINT('',(-1.27,-4.064,2.54));
#519 = LINE('',#520,#521);
#520 = CARTESIAN_POINT('',(-1.016,-3.81,2.54));
#521 = VECTOR('',#522,1.);
#522 = DIRECTION('',(-0.707106781187,-0.707106781187,0.));
#523 = ORIENTED_EDGE('',*,*,#524,.T.);
#524 = EDGE_CURVE('',#517,#525,#527,.T.);
#525 = VERTEX_POINT('',#526);
#526 = CARTESIAN_POINT('',(-1.27,-6.096,2.54));
#527 = LINE('',#528,#529);
#528 = CARTESIAN_POINT('',(-1.27,-4.064,2.54));
#529 = VECTOR('',#530,1.);
#530 = DIRECTION('',(0.,-1.,0.));
#531 = ORIENTED_EDGE('',*,*,#532,.T.);
#532 = EDGE_CURVE('',#525,#533,#535,.T.);
#533 = VERTEX_POINT('',#534);
#534 = CARTESIAN_POINT('',(-1.016,-6.35,2.54));
#535 = LINE('',#536,#537);
#536 = CARTESIAN_POINT('',(-1.27,-6.096,2.54));
#537 = VECTOR('',#538,1.);
#538 = DIRECTION('',(0.707106781187,-0.707106781187,0.));
#539 = ORIENTED_EDGE('',*,*,#540,.T.);
#540 = EDGE_CURVE('',#533,#541,#543,.T.);
#541 = VERTEX_POINT('',#542);
#542 = CARTESIAN_POINT('',(-1.27,-6.604,2.54));
#543 = LINE('',#544,#545);
#544 = CARTESIAN_POINT('',(-1.016,-6.35,2.54));
#545 = VECTOR('',#546,1.);
#546 = DIRECTION('',(-0.707106781187,-0.707106781187,0.));
#547 = ORIENTED_EDGE('',*,*,#548,.T.);
#548 = EDGE_CURVE('',#541,#549,#551,.T.);
#549 = VERTEX_POINT('',#550);
#550 = CARTESIAN_POINT('',(-1.27,-8.636,2.54));
#551 = LINE('',#552,#553);
#552 = CARTESIAN_POINT('',(-1.27,-6.604,2.54));
#553 = VECTOR('',#554,1.);
#554 = DIRECTION('',(0.,-1.,0.));
#555 = ORIENTED_EDGE('',*,*,#556,.T.);
#556 = EDGE_CURVE('',#549,#557,#559,.T.);
#557 = VERTEX_POINT('',#558);
#558 = CARTESIAN_POINT('',(-1.016,-8.89,2.54));
#559 = LINE('',#560,#561);
#560 = CARTESIAN_POINT('',(-1.27,-8.636,2.54));
#561 = VECTOR('',#562,1.);
#562 = DIRECTION('',(0.707106781187,-0.707106781187,0.));
#563 = ORIENTED_EDGE('',*,*,#564,.T.);
#564 = EDGE_CURVE('',#557,#565,#567,.T.);
#565 = VERTEX_POINT('',#566);
#566 = CARTESIAN_POINT('',(1.016,-8.89,2.54));
#567 = LINE('',#568,#569);
#568 = CARTESIAN_POINT('',(-1.016,-8.89,2.54));
#569 = VECTOR('',#570,1.);
#570 = DIRECTION('',(1.,0.,0.));
#571 = ORIENTED_EDGE('',*,*,#572,.T.);
#572 = EDGE_CURVE('',#565,#573,#575,.T.);
#573 = VERTEX_POINT('',#574);
#574 = CARTESIAN_POINT('',(1.27,-8.636,2.54));
#575 = LINE('',#576,#577);
#576 = CARTESIAN_POINT('',(1.016,-8.89,2.54));
#577 = VECTOR('',#578,1.);
#578 = DIRECTION('',(0.707106781187,0.707106781187,0.));
#579 = ORIENTED_EDGE('',*,*,#580,.T.);
#580 = EDGE_CURVE('',#573,#581,#583,.T.);
#581 = VERTEX_POINT('',#582);
#582 = CARTESIAN_POINT('',(1.27,-6.604,2.54));
#583 = LINE('',#584,#585);
#584 = CARTESIAN_POINT('',(1.27,-8.636,2.54));
#585 = VECTOR('',#586,1.);
#586 = DIRECTION('',(0.,1.,0.));
#587 = ORIENTED_EDGE('',*,*,#588,.T.);
#588 = EDGE_CURVE('',#581,#589,#591,.T.);
#589 = VERTEX_POINT('',#590);
#590 = CARTESIAN_POINT('',(1.016,-6.35,2.54));
#591 = LINE('',#592,#593);
#592 = CARTESIAN_POINT('',(1.27,-6.604,2.54));
#593 = VECTOR('',#594,1.);
#594 = DIRECTION('',(-0.707106781187,0.707106781187,0.));
#595 = ORIENTED_EDGE('',*,*,#596,.T.);
#596 = EDGE_CURVE('',#589,#597,#599,.T.);
#597 = VERTEX_POINT('',#598);
#598 = CARTESIAN_POINT('',(1.27,-6.096,2.54));
#599 = LINE('',#600,#601);
#600 = CARTESIAN_POINT('',(1.016,-6.35,2.54));
#601 = VECTOR('',#602,1.);
#602 = DIRECTION('',(0.707106781187,0.707106781187,0.));
#603 = ORIENTED_EDGE('',*,*,#604,.T.);
#604 = EDGE_CURVE('',#597,#605,#607,.T.);
#605 = VERTEX_POINT('',#606);
#606 = CARTESIAN_POINT('',(1.27,-4.064,2.54));
#607 = LINE('',#608,#609);
#608 = CARTESIAN_POINT('',(1.27,-6.096,2.54));
#609 = VECTOR('',#610,1.);
#610 = DIRECTION('',(0.,1.,0.));
#611 = ORIENTED_EDGE('',*,*,#612,.T.);
#612 = EDGE_CURVE('',#605,#613,#615,.T.);
#613 = VERTEX_POINT('',#614);
#614 = CARTESIAN_POINT('',(1.016,-3.81,2.54));
#615 = LINE('',#616,#617);
#616 = CARTESIAN_POINT('',(1.27,-4.064,2.54));
#617 = VECTOR('',#618,1.);
#618 = DIRECTION('',(-0.707106781187,0.707106781187,0.));
#619 = ORIENTED_EDGE('',*,*,#620,.T.);
#620 = EDGE_CURVE('',#613,#621,#623,.T.);
#621 = VERTEX_POINT('',#622);
#622 = CARTESIAN_POINT('',(1.27,-3.556,2.54));
#623 = LINE('',#624,#625);
#624 = CARTESIAN_POINT('',(1.016,-3.81,2.54));
#625 = VECTOR('',#626,1.);
#626 = DIRECTION('',(0.707106781187,0.707106781187,0.));
#627 = ORIENTED_EDGE('',*,*,#628,.T.);
#628 = EDGE_CURVE('',#621,#629,#631,.T.);
#629 = VERTEX_POINT('',#630);
#630 = CARTESIAN_POINT('',(1.27,-1.524,2.54));
#631 = LINE('',#632,#633);
#632 = CARTESIAN_POINT('',(1.27,-3.556,2.54));
#633 = VECTOR('',#634,1.);
#634 = DIRECTION('',(0.,1.,0.));
#635 = ORIENTED_EDGE('',*,*,#636,.T.);
#636 = EDGE_CURVE('',#629,#637,#639,.T.);
#637 = VERTEX_POINT('',#638);
#638 = CARTESIAN_POINT('',(1.016,-1.27,2.54));
#639 = LINE('',#640,#641);
#640 = CARTESIAN_POINT('',(1.27,-1.524,2.54));
#641 = VECTOR('',#642,1.);
#642 = DIRECTION('',(-0.707106781187,0.707106781187,0.));
#643 = ORIENTED_EDGE('',*,*,#644,.T.);
#644 = EDGE_CURVE('',#637,#645,#647,.T.);
#645 = VERTEX_POINT('',#646);
#646 = CARTESIAN_POINT('',(1.27,-1.016,2.54));
#647 = LINE('',#648,#649);
#648 = CARTESIAN_POINT('',(1.016,-1.27,2.54));
#649 = VECTOR('',#650,1.);
#650 = DIRECTION('',(0.707106781187,0.707106781187,0.));
#651 = ORIENTED_EDGE('',*,*,#652,.T.);
#652 = EDGE_CURVE('',#645,#653,#655,.T.);
#653 = VERTEX_POINT('',#654);
#654 = CARTESIAN_POINT('',(1.27,1.016,2.54));
#655 = LINE('',#656,#657);
#656 = CARTESIAN_POINT('',(1.27,-1.016,2.54));
#657 = VECTOR('',#658,1.);
#658 = DIRECTION('',(0.,1.,0.));
#659 = ORIENTED_EDGE('',*,*,#660,.T.);
#660 = EDGE_CURVE('',#653,#94,#661,.T.);
#661 = LINE('',#662,#663);
#662 = CARTESIAN_POINT('',(1.27,1.016,2.54));
#663 = VECTOR('',#664,1.);
#664 = DIRECTION('',(-0.707106781187,0.707106781187,0.));
#665 = ORIENTED_EDGE('',*,*,#101,.T.);
#666 = FACE_BOUND('',#667,.T.);
#667 = EDGE_LOOP('',(#668,#678,#686,#694));
#668 = ORIENTED_EDGE('',*,*,#669,.F.);
#669 = EDGE_CURVE('',#670,#672,#674,.T.);
#670 = VERTEX_POINT('',#671);
#671 = CARTESIAN_POINT('',(0.32,-4.76,2.54));
#672 = VERTEX_POINT('',#673);
#673 = CARTESIAN_POINT('',(-0.32,-4.76,2.54));
#674 = LINE('',#675,#676);
#675 = CARTESIAN_POINT('',(-0.16,-4.76,2.54));
#676 = VECTOR('',#677,1.);
#677 = DIRECTION('',(-1.,0.,0.));
#678 = ORIENTED_EDGE('',*,*,#679,.F.);
#679 = EDGE_CURVE('',#680,#670,#682,.T.);
#680 = VERTEX_POINT('',#681);
#681 = CARTESIAN_POINT('',(0.32,-5.4,2.54));
#682 = LINE('',#683,#684);
#683 = CARTESIAN_POINT('',(0.32,-4.605,2.54));
#684 = VECTOR('',#685,1.);
#685 = DIRECTION('',(0.,1.,0.));
#686 = ORIENTED_EDGE('',*,*,#687,.T.);
#687 = EDGE_CURVE('',#680,#688,#690,.T.);
#688 = VERTEX_POINT('',#689);
#689 = CARTESIAN_POINT('',(-0.32,-5.4,2.54));
#690 = LINE('',#691,#692);
#691 = CARTESIAN_POINT('',(-0.16,-5.4,2.54));
#692 = VECTOR('',#693,1.);
#693 = DIRECTION('',(-1.,0.,0.));
#694 = ORIENTED_EDGE('',*,*,#695,.T.);
#695 = EDGE_CURVE('',#688,#672,#696,.T.);
#696 = LINE('',#697,#698);
#697 = CARTESIAN_POINT('',(-0.32,-4.605,2.54));
#698 = VECTOR('',#699,1.);
#699 = DIRECTION('',(0.,1.,0.));
#700 = FACE_BOUND('',#701,.T.);
#701 = EDGE_LOOP('',(#702,#712,#720,#728));
#702 = ORIENTED_EDGE('',*,*,#703,.F.);
#703 = EDGE_CURVE('',#704,#706,#708,.T.);
#704 = VERTEX_POINT('',#705);
#705 = CARTESIAN_POINT('',(0.32,-7.94,2.54));
#706 = VERTEX_POINT('',#707);
#707 = CARTESIAN_POINT('',(0.32,-7.3,2.54));
#708 = LINE('',#709,#710);
#709 = CARTESIAN_POINT('',(0.32,-5.875,2.54));
#710 = VECTOR('',#711,1.);
#711 = DIRECTION('',(0.,1.,0.));
#712 = ORIENTED_EDGE('',*,*,#713,.T.);
#713 = EDGE_CURVE('',#704,#714,#716,.T.);
#714 = VERTEX_POINT('',#715);
#715 = CARTESIAN_POINT('',(-0.32,-7.94,2.54));
#716 = LINE('',#717,#718);
#717 = CARTESIAN_POINT('',(-0.16,-7.94,2.54));
#718 = VECTOR('',#719,1.);
#719 = DIRECTION('',(-1.,0.,0.));
#720 = ORIENTED_EDGE('',*,*,#721,.T.);
#721 = EDGE_CURVE('',#714,#722,#724,.T.);
#722 = VERTEX_POINT('',#723);
#723 = CARTESIAN_POINT('',(-0.32,-7.3,2.54));
#724 = LINE('',#725,#726);
#725 = CARTESIAN_POINT('',(-0.32,-5.875,2.54));
#726 = VECTOR('',#727,1.);
#727 = DIRECTION('',(0.,1.,0.));
#728 = ORIENTED_EDGE('',*,*,#729,.F.);
#729 = EDGE_CURVE('',#706,#722,#730,.T.);
#730 = LINE('',#731,#732);
#731 = CARTESIAN_POINT('',(-0.16,-7.3,2.54));
#732 = VECTOR('',#733,1.);
#733 = DIRECTION('',(-1.,0.,0.));
#734 = FACE_BOUND('',#735,.T.);
#735 = EDGE_LOOP('',(#736,#746,#754,#762));
#736 = ORIENTED_EDGE('',*,*,#737,.F.);
#737 = EDGE_CURVE('',#738,#740,#742,.T.);
#738 = VERTEX_POINT('',#739);
#739 = CARTESIAN_POINT('',(0.32,-0.32,2.54));
#740 = VERTEX_POINT('',#741);
#741 = CARTESIAN_POINT('',(0.32,0.32,2.54));
#742 = LINE('',#743,#744);
#743 = CARTESIAN_POINT('',(0.32,-2.065,2.54));
#744 = VECTOR('',#745,1.);
#745 = DIRECTION('',(0.,1.,0.));
#746 = ORIENTED_EDGE('',*,*,#747,.T.);
#747 = EDGE_CURVE('',#738,#748,#750,.T.);
#748 = VERTEX_POINT('',#749);
#749 = CARTESIAN_POINT('',(-0.32,-0.32,2.54));
#750 = LINE('',#751,#752);
#751 = CARTESIAN_POINT('',(-0.16,-0.32,2.54));
#752 = VECTOR('',#753,1.);
#753 = DIRECTION('',(-1.,0.,0.));
#754 = ORIENTED_EDGE('',*,*,#755,.T.);
#755 = EDGE_CURVE('',#748,#756,#758,.T.);
#756 = VERTEX_POINT('',#757);
#757 = CARTESIAN_POINT('',(-0.32,0.32,2.54));
#758 = LINE('',#759,#760);
#759 = CARTESIAN_POINT('',(-0.32,-2.065,2.54));
#760 = VECTOR('',#761,1.);
#761 = DIRECTION('',(0.,1.,0.));
#762 = ORIENTED_EDGE('',*,*,#763,.F.);
#763 = EDGE_CURVE('',#740,#756,#764,.T.);
#764 = LINE('',#765,#766);
#765 = CARTESIAN_POINT('',(-0.16,0.32,2.54));
#766 = VECTOR('',#767,1.);
#767 = DIRECTION('',(-1.,0.,0.));
#768 = FACE_BOUND('',#769,.T.);
#769 = EDGE_LOOP('',(#770,#780,#788,#796));
#770 = ORIENTED_EDGE('',*,*,#771,.F.);
#771 = EDGE_CURVE('',#772,#774,#776,.T.);
#772 = VERTEX_POINT('',#773);
#773 = CARTESIAN_POINT('',(0.32,-2.22,2.54));
#774 = VERTEX_POINT('',#775);
#775 = CARTESIAN_POINT('',(-0.32,-2.22,2.54));
#776 = LINE('',#777,#778);
#777 = CARTESIAN_POINT('',(-0.16,-2.22,2.54));
#778 = VECTOR('',#779,1.);
#779 = DIRECTION('',(-1.,0.,0.));
#780 = ORIENTED_EDGE('',*,*,#781,.F.);
#781 = EDGE_CURVE('',#782,#772,#784,.T.);
#782 = VERTEX_POINT('',#783);
#783 = CARTESIAN_POINT('',(0.32,-2.86,2.54));
#784 = LINE('',#785,#786);
#785 = CARTESIAN_POINT('',(0.32,-3.335,2.54));
#786 = VECTOR('',#787,1.);
#787 = DIRECTION('',(0.,1.,0.));
#788 = ORIENTED_EDGE('',*,*,#789,.T.);
#789 = EDGE_CURVE('',#782,#790,#792,.T.);
#790 = VERTEX_POINT('',#791);
#791 = CARTESIAN_POINT('',(-0.32,-2.86,2.54));
#792 = LINE('',#793,#794);
#793 = CARTESIAN_POINT('',(-0.16,-2.86,2.54));
#794 = VECTOR('',#795,1.);
#795 = DIRECTION('',(-1.,0.,0.));
#796 = ORIENTED_EDGE('',*,*,#797,.T.);
#797 = EDGE_CURVE('',#790,#774,#798,.T.);
#798 = LINE('',#799,#800);
#799 = CARTESIAN_POINT('',(-0.32,-3.335,2.54));
#800 = VECTOR('',#801,1.);
#801 = DIRECTION('',(0.,1.,0.));
#802 = PLANE('',#803);
#803 = AXIS2_PLACEMENT_3D('',#804,#805,#806);
#804 = CARTESIAN_POINT('',(4.259053689278E-17,-3.81,2.54));
#805 = DIRECTION('',(0.,0.,1.));
#806 = DIRECTION('',(1.,0.,-0.));
#807 = ADVANCED_FACE('',(#808),#819,.F.);
#808 = FACE_BOUND('',#809,.F.);
#809 = EDGE_LOOP('',(#810,#816,#817,#818));
#810 = ORIENTED_EDGE('',*,*,#811,.T.);
#811 = EDGE_CURVE('',#324,#653,#812,.T.);
#812 = LINE('',#813,#814);
#813 = CARTESIAN_POINT('',(1.27,1.016,0.));
#814 = VECTOR('',#815,1.);
#815 = DIRECTION('',(0.,0.,1.));
#816 = ORIENTED_EDGE('',*,*,#660,.T.);
#817 = ORIENTED_EDGE('',*,*,#91,.F.);
#818 = ORIENTED_EDGE('',*,*,#331,.F.);
#819 = PLANE('',#820);
#820 = AXIS2_PLACEMENT_3D('',#821,#822,#823);
#821 = CARTESIAN_POINT('',(1.27,1.016,0.));
#822 = DIRECTION('',(-0.707106781187,-0.707106781187,0.));
#823 = DIRECTION('',(-0.707106781187,0.707106781187,0.));
#824 = ADVANCED_FACE('',(#825),#836,.F.);
#825 = FACE_BOUND('',#826,.F.);
#826 = EDGE_LOOP('',(#827,#828,#829,#835));
#827 = ORIENTED_EDGE('',*,*,#131,.T.);
#828 = ORIENTED_EDGE('',*,*,#484,.T.);
#829 = ORIENTED_EDGE('',*,*,#830,.F.);
#830 = EDGE_CURVE('',#156,#485,#831,.T.);
#831 = LINE('',#832,#833);
#832 = CARTESIAN_POINT('',(-1.016,-1.27,0.));
#833 = VECTOR('',#834,1.);
#834 = DIRECTION('',(0.,0.,1.));
#835 = ORIENTED_EDGE('',*,*,#155,.F.);
#836 = PLANE('',#837);
#837 = AXIS2_PLACEMENT_3D('',#838,#839,#840);
#838 = CARTESIAN_POINT('',(-1.27,-1.016,0.));
#839 = DIRECTION('',(0.707106781187,0.707106781187,0.));
#840 = DIRECTION('',(0.707106781187,-0.707106781187,0.));
#841 = ADVANCED_FACE('',(#842),#853,.F.);
#842 = FACE_BOUND('',#843,.F.);
#843 = EDGE_LOOP('',(#844,#850,#851,#852));
#844 = ORIENTED_EDGE('',*,*,#845,.T.);
#845 = EDGE_CURVE('',#316,#645,#846,.T.);
#846 = LINE('',#847,#848);
#847 = CARTESIAN_POINT('',(1.27,-1.016,0.));
#848 = VECTOR('',#849,1.);
#849 = DIRECTION('',(0.,0.,1.));
#850 = ORIENTED_EDGE('',*,*,#652,.T.);
#851 = ORIENTED_EDGE('',*,*,#811,.F.);
#852 = ORIENTED_EDGE('',*,*,#323,.F.);
#853 = PLANE('',#854);
#854 = AXIS2_PLACEMENT_3D('',#855,#856,#857);
#855 = CARTESIAN_POINT('',(1.27,-1.016,0.));
#856 = DIRECTION('',(-1.,0.,0.));
#857 = DIRECTION('',(0.,1.,0.));
#858 = ADVANCED_FACE('',(#859),#870,.F.);
#859 = FACE_BOUND('',#860,.F.);
#860 = EDGE_LOOP('',(#861,#862,#863,#869));
#861 = ORIENTED_EDGE('',*,*,#830,.T.);
#862 = ORIENTED_EDGE('',*,*,#492,.T.);
#863 = ORIENTED_EDGE('',*,*,#864,.F.);
#864 = EDGE_CURVE('',#164,#493,#865,.T.);
#865 = LINE('',#866,#867);
#866 = CARTESIAN_POINT('',(-1.27,-1.524,0.));
#867 = VECTOR('',#868,1.);
#868 = DIRECTION('',(0.,0.,1.));
#869 = ORIENTED_EDGE('',*,*,#163,.F.);
#870 = PLANE('',#871);
#871 = AXIS2_PLACEMENT_3D('',#872,#873,#874);
#872 = CARTESIAN_POINT('',(-1.016,-1.27,0.));
#873 = DIRECTION('',(0.707106781187,-0.707106781187,0.));
#874 = DIRECTION('',(-0.707106781187,-0.707106781187,0.));
#875 = ADVANCED_FACE('',(#876),#887,.F.);
#876 = FACE_BOUND('',#877,.F.);
#877 = EDGE_LOOP('',(#878,#884,#885,#886));
#878 = ORIENTED_EDGE('',*,*,#879,.T.);
#879 = EDGE_CURVE('',#308,#637,#880,.T.);
#880 = LINE('',#881,#882);
#881 = CARTESIAN_POINT('',(1.016,-1.27,0.));
#882 = VECTOR('',#883,1.);
#883 = DIRECTION('',(0.,0.,1.));
#884 = ORIENTED_EDGE('',*,*,#644,.T.);
#885 = ORIENTED_EDGE('',*,*,#845,.F.);
#886 = ORIENTED_EDGE('',*,*,#315,.F.);
#887 = PLANE('',#888);
#888 = AXIS2_PLACEMENT_3D('',#889,#890,#891);
#889 = CARTESIAN_POINT('',(1.016,-1.27,0.));
#890 = DIRECTION('',(-0.707106781187,0.707106781187,0.));
#891 = DIRECTION('',(0.707106781187,0.707106781187,0.));
#892 = ADVANCED_FACE('',(#893),#904,.F.);
#893 = FACE_BOUND('',#894,.F.);
#894 = EDGE_LOOP('',(#895,#896,#897,#903));
#895 = ORIENTED_EDGE('',*,*,#864,.T.);
#896 = ORIENTED_EDGE('',*,*,#500,.T.);
#897 = ORIENTED_EDGE('',*,*,#898,.F.);
#898 = EDGE_CURVE('',#172,#501,#899,.T.);
#899 = LINE('',#900,#901);
#900 = CARTESIAN_POINT('',(-1.27,-3.556,0.));
#901 = VECTOR('',#902,1.);
#902 = DIRECTION('',(0.,0.,1.));
#903 = ORIENTED_EDGE('',*,*,#171,.F.);
#904 = PLANE('',#905);
#905 = AXIS2_PLACEMENT_3D('',#906,#907,#908);
#906 = CARTESIAN_POINT('',(-1.27,-1.524,0.));
#907 = DIRECTION('',(1.,0.,0.));
#908 = DIRECTION('',(0.,-1.,0.));
#909 = ADVANCED_FACE('',(#910),#921,.F.);
#910 = FACE_BOUND('',#911,.F.);
#911 = EDGE_LOOP('',(#912,#918,#919,#920));
#912 = ORIENTED_EDGE('',*,*,#913,.T.);
#913 = EDGE_CURVE('',#300,#629,#914,.T.);
#914 = LINE('',#915,#916);
#915 = CARTESIAN_POINT('',(1.27,-1.524,0.));
#916 = VECTOR('',#917,1.);
#917 = DIRECTION('',(0.,0.,1.));
#918 = ORIENTED_EDGE('',*,*,#636,.T.);
#919 = ORIENTED_EDGE('',*,*,#879,.F.);
#920 = ORIENTED_EDGE('',*,*,#307,.F.);
#921 = PLANE('',#922);
#922 = AXIS2_PLACEMENT_3D('',#923,#924,#925);
#923 = CARTESIAN_POINT('',(1.27,-1.524,0.));
#924 = DIRECTION('',(-0.707106781187,-0.707106781187,0.));
#925 = DIRECTION('',(-0.707106781187,0.707106781187,0.));
#926 = ADVANCED_FACE('',(#927),#938,.F.);
#927 = FACE_BOUND('',#928,.F.);
#928 = EDGE_LOOP('',(#929,#930,#931,#937));
#929 = ORIENTED_EDGE('',*,*,#898,.T.);
#930 = ORIENTED_EDGE('',*,*,#508,.T.);
#931 = ORIENTED_EDGE('',*,*,#932,.F.);
#932 = EDGE_CURVE('',#180,#509,#933,.T.);
#933 = LINE('',#934,#935);
#934 = CARTESIAN_POINT('',(-1.016,-3.81,0.));
#935 = VECTOR('',#936,1.);
#936 = DIRECTION('',(0.,0.,1.));
#937 = ORIENTED_EDGE('',*,*,#179,.F.);
#938 = PLANE('',#939);
#939 = AXIS2_PLACEMENT_3D('',#940,#941,#942);
#940 = CARTESIAN_POINT('',(-1.27,-3.556,0.));
#941 = DIRECTION('',(0.707106781187,0.707106781187,0.));
#942 = DIRECTION('',(0.707106781187,-0.707106781187,0.));
#943 = ADVANCED_FACE('',(#944),#955,.F.);
#944 = FACE_BOUND('',#945,.F.);
#945 = EDGE_LOOP('',(#946,#952,#953,#954));
#946 = ORIENTED_EDGE('',*,*,#947,.T.);
#947 = EDGE_CURVE('',#292,#621,#948,.T.);
#948 = LINE('',#949,#950);
#949 = CARTESIAN_POINT('',(1.27,-3.556,0.));
#950 = VECTOR('',#951,1.);
#951 = DIRECTION('',(0.,0.,1.));
#952 = ORIENTED_EDGE('',*,*,#628,.T.);
#953 = ORIENTED_EDGE('',*,*,#913,.F.);
#954 = ORIENTED_EDGE('',*,*,#299,.F.);
#955 = PLANE('',#956);
#956 = AXIS2_PLACEMENT_3D('',#957,#958,#959);
#957 = CARTESIAN_POINT('',(1.27,-3.556,0.));
#958 = DIRECTION('',(-1.,0.,0.));
#959 = DIRECTION('',(0.,1.,0.));
#960 = ADVANCED_FACE('',(#961),#972,.F.);
#961 = FACE_BOUND('',#962,.F.);
#962 = EDGE_LOOP('',(#963,#964,#965,#971));
#963 = ORIENTED_EDGE('',*,*,#932,.T.);
#964 = ORIENTED_EDGE('',*,*,#516,.T.);
#965 = ORIENTED_EDGE('',*,*,#966,.F.);
#966 = EDGE_CURVE('',#188,#517,#967,.T.);
#967 = LINE('',#968,#969);
#968 = CARTESIAN_POINT('',(-1.27,-4.064,0.));
#969 = VECTOR('',#970,1.);
#970 = DIRECTION('',(0.,0.,1.));
#971 = ORIENTED_EDGE('',*,*,#187,.F.);
#972 = PLANE('',#973);
#973 = AXIS2_PLACEMENT_3D('',#974,#975,#976);
#974 = CARTESIAN_POINT('',(-1.016,-3.81,0.));
#975 = DIRECTION('',(0.707106781187,-0.707106781187,0.));
#976 = DIRECTION('',(-0.707106781187,-0.707106781187,0.));
#977 = ADVANCED_FACE('',(#978),#989,.F.);
#978 = FACE_BOUND('',#979,.F.);
#979 = EDGE_LOOP('',(#980,#986,#987,#988));
#980 = ORIENTED_EDGE('',*,*,#981,.T.);
#981 = EDGE_CURVE('',#284,#613,#982,.T.);
#982 = LINE('',#983,#984);
#983 = CARTESIAN_POINT('',(1.016,-3.81,0.));
#984 = VECTOR('',#985,1.);
#985 = DIRECTION('',(0.,0.,1.));
#986 = ORIENTED_EDGE('',*,*,#620,.T.);
#987 = ORIENTED_EDGE('',*,*,#947,.F.);
#988 = ORIENTED_EDGE('',*,*,#291,.F.);
#989 = PLANE('',#990);
#990 = AXIS2_PLACEMENT_3D('',#991,#992,#993);
#991 = CARTESIAN_POINT('',(1.016,-3.81,0.));
#992 = DIRECTION('',(-0.707106781187,0.707106781187,0.));
#993 = DIRECTION('',(0.707106781187,0.707106781187,0.));
#994 = ADVANCED_FACE('',(#995),#1006,.F.);
#995 = FACE_BOUND('',#996,.F.);
#996 = EDGE_LOOP('',(#997,#998,#999,#1005));
#997 = ORIENTED_EDGE('',*,*,#966,.T.);
#998 = ORIENTED_EDGE('',*,*,#524,.T.);
#999 = ORIENTED_EDGE('',*,*,#1000,.F.);
#1000 = EDGE_CURVE('',#196,#525,#1001,.T.);
#1001 = LINE('',#1002,#1003);
#1002 = CARTESIAN_POINT('',(-1.27,-6.096,0.));
#1003 = VECTOR('',#1004,1.);
#1004 = DIRECTION('',(0.,0.,1.));
#1005 = ORIENTED_EDGE('',*,*,#195,.F.);
#1006 = PLANE('',#1007);
#1007 = AXIS2_PLACEMENT_3D('',#1008,#1009,#1010);
#1008 = CARTESIAN_POINT('',(-1.27,-4.064,0.));
#1009 = DIRECTION('',(1.,0.,0.));
#1010 = DIRECTION('',(0.,-1.,0.));
#1011 = ADVANCED_FACE('',(#1012),#1023,.F.);
#1012 = FACE_BOUND('',#1013,.F.);
#1013 = EDGE_LOOP('',(#1014,#1020,#1021,#1022));
#1014 = ORIENTED_EDGE('',*,*,#1015,.T.);
#1015 = EDGE_CURVE('',#276,#605,#1016,.T.);
#1016 = LINE('',#1017,#1018);
#1017 = CARTESIAN_POINT('',(1.27,-4.064,0.));
#1018 = VECTOR('',#1019,1.);
#1019 = DIRECTION('',(0.,0.,1.));
#1020 = ORIENTED_EDGE('',*,*,#612,.T.);
#1021 = ORIENTED_EDGE('',*,*,#981,.F.);
#1022 = ORIENTED_EDGE('',*,*,#283,.F.);
#1023 = PLANE('',#1024);
#1024 = AXIS2_PLACEMENT_3D('',#1025,#1026,#1027);
#1025 = CARTESIAN_POINT('',(1.27,-4.064,0.));
#1026 = DIRECTION('',(-0.707106781187,-0.707106781187,0.));
#1027 = DIRECTION('',(-0.707106781187,0.707106781187,0.));
#1028 = ADVANCED_FACE('',(#1029),#1040,.F.);
#1029 = FACE_BOUND('',#1030,.F.);
#1030 = EDGE_LOOP('',(#1031,#1032,#1033,#1039));
#1031 = ORIENTED_EDGE('',*,*,#1000,.T.);
#1032 = ORIENTED_EDGE('',*,*,#532,.T.);
#1033 = ORIENTED_EDGE('',*,*,#1034,.F.);
#1034 = EDGE_CURVE('',#204,#533,#1035,.T.);
#1035 = LINE('',#1036,#1037);
#1036 = CARTESIAN_POINT('',(-1.016,-6.35,0.));
#1037 = VECTOR('',#1038,1.);
#1038 = DIRECTION('',(0.,0.,1.));
#1039 = ORIENTED_EDGE('',*,*,#203,.F.);
#1040 = PLANE('',#1041);
#1041 = AXIS2_PLACEMENT_3D('',#1042,#1043,#1044);
#1042 = CARTESIAN_POINT('',(-1.27,-6.096,0.));
#1043 = DIRECTION('',(0.707106781187,0.707106781187,0.));
#1044 = DIRECTION('',(0.707106781187,-0.707106781187,0.));
#1045 = ADVANCED_FACE('',(#1046),#1057,.F.);
#1046 = FACE_BOUND('',#1047,.F.);
#1047 = EDGE_LOOP('',(#1048,#1054,#1055,#1056));
#1048 = ORIENTED_EDGE('',*,*,#1049,.T.);
#1049 = EDGE_CURVE('',#268,#597,#1050,.T.);
#1050 = LINE('',#1051,#1052);
#1051 = CARTESIAN_POINT('',(1.27,-6.096,0.));
#1052 = VECTOR('',#1053,1.);
#1053 = DIRECTION('',(0.,0.,1.));
#1054 = ORIENTED_EDGE('',*,*,#604,.T.);
#1055 = ORIENTED_EDGE('',*,*,#1015,.F.);
#1056 = ORIENTED_EDGE('',*,*,#275,.F.);
#1057 = PLANE('',#1058);
#1058 = AXIS2_PLACEMENT_3D('',#1059,#1060,#1061);
#1059 = CARTESIAN_POINT('',(1.27,-6.096,0.));
#1060 = DIRECTION('',(-1.,0.,0.));
#1061 = DIRECTION('',(0.,1.,0.));
#1062 = ADVANCED_FACE('',(#1063),#1074,.F.);
#1063 = FACE_BOUND('',#1064,.F.);
#1064 = EDGE_LOOP('',(#1065,#1066,#1067,#1073));
#1065 = ORIENTED_EDGE('',*,*,#1034,.T.);
#1066 = ORIENTED_EDGE('',*,*,#540,.T.);
#1067 = ORIENTED_EDGE('',*,*,#1068,.F.);
#1068 = EDGE_CURVE('',#212,#541,#1069,.T.);
#1069 = LINE('',#1070,#1071);
#1070 = CARTESIAN_POINT('',(-1.27,-6.604,0.));
#1071 = VECTOR('',#1072,1.);
#1072 = DIRECTION('',(0.,0.,1.));
#1073 = ORIENTED_EDGE('',*,*,#211,.F.);
#1074 = PLANE('',#1075);
#1075 = AXIS2_PLACEMENT_3D('',#1076,#1077,#1078);
#1076 = CARTESIAN_POINT('',(-1.016,-6.35,0.));
#1077 = DIRECTION('',(0.707106781187,-0.707106781187,0.));
#1078 = DIRECTION('',(-0.707106781187,-0.707106781187,0.));
#1079 = ADVANCED_FACE('',(#1080),#1091,.F.);
#1080 = FACE_BOUND('',#1081,.F.);
#1081 = EDGE_LOOP('',(#1082,#1088,#1089,#1090));
#1082 = ORIENTED_EDGE('',*,*,#1083,.T.);
#1083 = EDGE_CURVE('',#260,#589,#1084,.T.);
#1084 = LINE('',#1085,#1086);
#1085 = CARTESIAN_POINT('',(1.016,-6.35,0.));
#1086 = VECTOR('',#1087,1.);
#1087 = DIRECTION('',(0.,0.,1.));
#1088 = ORIENTED_EDGE('',*,*,#596,.T.);
#1089 = ORIENTED_EDGE('',*,*,#1049,.F.);
#1090 = ORIENTED_EDGE('',*,*,#267,.F.);
#1091 = PLANE('',#1092);
#1092 = AXIS2_PLACEMENT_3D('',#1093,#1094,#1095);
#1093 = CARTESIAN_POINT('',(1.016,-6.35,0.));
#1094 = DIRECTION('',(-0.707106781187,0.707106781187,0.));
#1095 = DIRECTION('',(0.707106781187,0.707106781187,0.));
#1096 = ADVANCED_FACE('',(#1097),#1108,.F.);
#1097 = FACE_BOUND('',#1098,.F.);
#1098 = EDGE_LOOP('',(#1099,#1100,#1101,#1107));
#1099 = ORIENTED_EDGE('',*,*,#1068,.T.);
#1100 = ORIENTED_EDGE('',*,*,#548,.T.);
#1101 = ORIENTED_EDGE('',*,*,#1102,.F.);
#1102 = EDGE_CURVE('',#220,#549,#1103,.T.);
#1103 = LINE('',#1104,#1105);
#1104 = CARTESIAN_POINT('',(-1.27,-8.636,0.));
#1105 = VECTOR('',#1106,1.);
#1106 = DIRECTION('',(0.,0.,1.));
#1107 = ORIENTED_EDGE('',*,*,#219,.F.);
#1108 = PLANE('',#1109);
#1109 = AXIS2_PLACEMENT_3D('',#1110,#1111,#1112);
#1110 = CARTESIAN_POINT('',(-1.27,-6.604,0.));
#1111 = DIRECTION('',(1.,0.,0.));
#1112 = DIRECTION('',(0.,-1.,0.));
#1113 = ADVANCED_FACE('',(#1114),#1125,.F.);
#1114 = FACE_BOUND('',#1115,.F.);
#1115 = EDGE_LOOP('',(#1116,#1122,#1123,#1124));
#1116 = ORIENTED_EDGE('',*,*,#1117,.T.);
#1117 = EDGE_CURVE('',#252,#581,#1118,.T.);
#1118 = LINE('',#1119,#1120);
#1119 = CARTESIAN_POINT('',(1.27,-6.604,0.));
#1120 = VECTOR('',#1121,1.);
#1121 = DIRECTION('',(0.,0.,1.));
#1122 = ORIENTED_EDGE('',*,*,#588,.T.);
#1123 = ORIENTED_EDGE('',*,*,#1083,.F.);
#1124 = ORIENTED_EDGE('',*,*,#259,.F.);
#1125 = PLANE('',#1126);
#1126 = AXIS2_PLACEMENT_3D('',#1127,#1128,#1129);
#1127 = CARTESIAN_POINT('',(1.27,-6.604,0.));
#1128 = DIRECTION('',(-0.707106781187,-0.707106781187,0.));
#1129 = DIRECTION('',(-0.707106781187,0.707106781187,0.));
#1130 = ADVANCED_FACE('',(#1131),#1142,.F.);
#1131 = FACE_BOUND('',#1132,.F.);
#1132 = EDGE_LOOP('',(#1133,#1134,#1135,#1141));
#1133 = ORIENTED_EDGE('',*,*,#1102,.T.);
#1134 = ORIENTED_EDGE('',*,*,#556,.T.);
#1135 = ORIENTED_EDGE('',*,*,#1136,.F.);
#1136 = EDGE_CURVE('',#228,#557,#1137,.T.);
#1137 = LINE('',#1138,#1139);
#1138 = CARTESIAN_POINT('',(-1.016,-8.89,0.));
#1139 = VECTOR('',#1140,1.);
#1140 = DIRECTION('',(0.,0.,1.));
#1141 = ORIENTED_EDGE('',*,*,#227,.F.);
#1142 = PLANE('',#1143);
#1143 = AXIS2_PLACEMENT_3D('',#1144,#1145,#1146);
#1144 = CARTESIAN_POINT('',(-1.27,-8.636,0.));
#1145 = DIRECTION('',(0.707106781187,0.707106781187,0.));
#1146 = DIRECTION('',(0.707106781187,-0.707106781187,0.));
#1147 = ADVANCED_FACE('',(#1148),#1159,.F.);
#1148 = FACE_BOUND('',#1149,.F.);
#1149 = EDGE_LOOP('',(#1150,#1156,#1157,#1158));
#1150 = ORIENTED_EDGE('',*,*,#1151,.T.);
#1151 = EDGE_CURVE('',#244,#573,#1152,.T.);
#1152 = LINE('',#1153,#1154);
#1153 = CARTESIAN_POINT('',(1.27,-8.636,0.));
#1154 = VECTOR('',#1155,1.);
#1155 = DIRECTION('',(0.,0.,1.));
#1156 = ORIENTED_EDGE('',*,*,#580,.T.);
#1157 = ORIENTED_EDGE('',*,*,#1117,.F.);
#1158 = ORIENTED_EDGE('',*,*,#251,.F.);
#1159 = PLANE('',#1160);
#1160 = AXIS2_PLACEMENT_3D('',#1161,#1162,#1163);
#1161 = CARTESIAN_POINT('',(1.27,-8.636,0.));
#1162 = DIRECTION('',(-1.,0.,0.));
#1163 = DIRECTION('',(0.,1.,0.));
#1164 = ADVANCED_FACE('',(#1165),#1176,.F.);
#1165 = FACE_BOUND('',#1166,.F.);
#1166 = EDGE_LOOP('',(#1167,#1168,#1169,#1175));
#1167 = ORIENTED_EDGE('',*,*,#1136,.T.);
#1168 = ORIENTED_EDGE('',*,*,#564,.T.);
#1169 = ORIENTED_EDGE('',*,*,#1170,.F.);
#1170 = EDGE_CURVE('',#236,#565,#1171,.T.);
#1171 = LINE('',#1172,#1173);
#1172 = CARTESIAN_POINT('',(1.016,-8.89,0.));
#1173 = VECTOR('',#1174,1.);
#1174 = DIRECTION('',(0.,0.,1.));
#1175 = ORIENTED_EDGE('',*,*,#235,.F.);
#1176 = PLANE('',#1177);
#1177 = AXIS2_PLACEMENT_3D('',#1178,#1179,#1180);
#1178 = CARTESIAN_POINT('',(-1.016,-8.89,0.));
#1179 = DIRECTION('',(0.,1.,0.));
#1180 = DIRECTION('',(1.,0.,0.));
#1181 = ADVANCED_FACE('',(#1182),#1188,.F.);
#1182 = FACE_BOUND('',#1183,.F.);
#1183 = EDGE_LOOP('',(#1184,#1185,#1186,#1187));
#1184 = ORIENTED_EDGE('',*,*,#1170,.T.);
#1185 = ORIENTED_EDGE('',*,*,#572,.T.);
#1186 = ORIENTED_EDGE('',*,*,#1151,.F.);
#1187 = ORIENTED_EDGE('',*,*,#243,.F.);
#1188 = PLANE('',#1189);
#1189 = AXIS2_PLACEMENT_3D('',#1190,#1191,#1192);
#1190 = CARTESIAN_POINT('',(1.016,-8.89,0.));
#1191 = DIRECTION('',(-0.707106781187,0.707106781187,0.));
#1192 = DIRECTION('',(0.707106781187,0.707106781187,0.));
#1193 = ADVANCED_FACE('',(#1194),#1219,.T.);
#1194 = FACE_BOUND('',#1195,.T.);
#1195 = EDGE_LOOP('',(#1196,#1204,#1212,#1218));
#1196 = ORIENTED_EDGE('',*,*,#1197,.F.);
#1197 = EDGE_CURVE('',#1198,#341,#1200,.T.);
#1198 = VERTEX_POINT('',#1199);
#1199 = CARTESIAN_POINT('',(0.32,-4.76,-2.84));
#1200 = LINE('',#1201,#1202);
#1201 = CARTESIAN_POINT('',(0.32,-4.76,-3.));
#1202 = VECTOR('',#1203,1.);
#1203 = DIRECTION('',(0.,0.,1.));
#1204 = ORIENTED_EDGE('',*,*,#1205,.F.);
#1205 = EDGE_CURVE('',#1206,#1198,#1208,.T.);
#1206 = VERTEX_POINT('',#1207);
#1207 = CARTESIAN_POINT('',(-0.32,-4.76,-2.84));
#1208 = LINE('',#1209,#1210);
#1209 = CARTESIAN_POINT('',(-0.32,-4.76,-2.84));
#1210 = VECTOR('',#1211,1.);
#1211 = DIRECTION('',(1.,0.,0.));
#1212 = ORIENTED_EDGE('',*,*,#1213,.T.);
#1213 = EDGE_CURVE('',#1206,#343,#1214,.T.);
#1214 = LINE('',#1215,#1216);
#1215 = CARTESIAN_POINT('',(-0.32,-4.76,-3.));
#1216 = VECTOR('',#1217,1.);
#1217 = DIRECTION('',(0.,0.,1.));
#1218 = ORIENTED_EDGE('',*,*,#340,.F.);
#1219 = PLANE('',#1220);
#1220 = AXIS2_PLACEMENT_3D('',#1221,#1222,#1223);
#1221 = CARTESIAN_POINT('',(-0.32,-4.76,-3.));
#1222 = DIRECTION('',(0.,1.,0.));
#1223 = DIRECTION('',(0.,-0.,1.));
#1224 = ADVANCED_FACE('',(#1225),#1243,.F.);
#1225 = FACE_BOUND('',#1226,.F.);
#1226 = EDGE_LOOP('',(#1227,#1235,#1241,#1242));
#1227 = ORIENTED_EDGE('',*,*,#1228,.F.);
#1228 = EDGE_CURVE('',#1229,#359,#1231,.T.);
#1229 = VERTEX_POINT('',#1230);
#1230 = CARTESIAN_POINT('',(-0.32,-5.4,-2.84));
#1231 = LINE('',#1232,#1233);
#1232 = CARTESIAN_POINT('',(-0.32,-5.4,-3.));
#1233 = VECTOR('',#1234,1.);
#1234 = DIRECTION('',(0.,0.,1.));
#1235 = ORIENTED_EDGE('',*,*,#1236,.T.);
#1236 = EDGE_CURVE('',#1229,#1206,#1237,.T.);
#1237 = LINE('',#1238,#1239);
#1238 = CARTESIAN_POINT('',(-0.32,-5.4,-2.84));
#1239 = VECTOR('',#1240,1.);
#1240 = DIRECTION('',(0.,1.,0.));
#1241 = ORIENTED_EDGE('',*,*,#1213,.T.);
#1242 = ORIENTED_EDGE('',*,*,#366,.F.);
#1243 = PLANE('',#1244);
#1244 = AXIS2_PLACEMENT_3D('',#1245,#1246,#1247);
#1245 = CARTESIAN_POINT('',(-0.32,-5.4,-3.));
#1246 = DIRECTION('',(1.,0.,0.));
#1247 = DIRECTION('',(0.,0.,1.));
#1248 = ADVANCED_FACE('',(#1249),#1267,.F.);
#1249 = FACE_BOUND('',#1250,.F.);
#1250 = EDGE_LOOP('',(#1251,#1259,#1265,#1266));
#1251 = ORIENTED_EDGE('',*,*,#1252,.F.);
#1252 = EDGE_CURVE('',#1253,#351,#1255,.T.);
#1253 = VERTEX_POINT('',#1254);
#1254 = CARTESIAN_POINT('',(0.32,-5.4,-2.84));
#1255 = LINE('',#1256,#1257);
#1256 = CARTESIAN_POINT('',(0.32,-5.4,-3.));
#1257 = VECTOR('',#1258,1.);
#1258 = DIRECTION('',(0.,0.,1.));
#1259 = ORIENTED_EDGE('',*,*,#1260,.F.);
#1260 = EDGE_CURVE('',#1229,#1253,#1261,.T.);
#1261 = LINE('',#1262,#1263);
#1262 = CARTESIAN_POINT('',(-0.32,-5.4,-2.84));
#1263 = VECTOR('',#1264,1.);
#1264 = DIRECTION('',(1.,0.,0.));
#1265 = ORIENTED_EDGE('',*,*,#1228,.T.);
#1266 = ORIENTED_EDGE('',*,*,#358,.F.);
#1267 = PLANE('',#1268);
#1268 = AXIS2_PLACEMENT_3D('',#1269,#1270,#1271);
#1269 = CARTESIAN_POINT('',(-0.32,-5.4,-3.));
#1270 = DIRECTION('',(0.,1.,0.));
#1271 = DIRECTION('',(0.,-0.,1.));
#1272 = ADVANCED_FACE('',(#1273),#1284,.T.);
#1273 = FACE_BOUND('',#1274,.T.);
#1274 = EDGE_LOOP('',(#1275,#1276,#1282,#1283));
#1275 = ORIENTED_EDGE('',*,*,#1252,.F.);
#1276 = ORIENTED_EDGE('',*,*,#1277,.T.);
#1277 = EDGE_CURVE('',#1253,#1198,#1278,.T.);
#1278 = LINE('',#1279,#1280);
#1279 = CARTESIAN_POINT('',(0.32,-5.4,-2.84));
#1280 = VECTOR('',#1281,1.);
#1281 = DIRECTION('',(0.,1.,0.));
#1282 = ORIENTED_EDGE('',*,*,#1197,.T.);
#1283 = ORIENTED_EDGE('',*,*,#350,.F.);
#1284 = PLANE('',#1285);
#1285 = AXIS2_PLACEMENT_3D('',#1286,#1287,#1288);
#1286 = CARTESIAN_POINT('',(0.32,-5.4,-3.));
#1287 = DIRECTION('',(1.,0.,0.));
#1288 = DIRECTION('',(0.,0.,1.));
#1289 = ADVANCED_FACE('',(#1290),#1315,.T.);
#1290 = FACE_BOUND('',#1291,.T.);
#1291 = EDGE_LOOP('',(#1292,#1300,#1308,#1314));
#1292 = ORIENTED_EDGE('',*,*,#1293,.F.);
#1293 = EDGE_CURVE('',#1294,#375,#1296,.T.);
#1294 = VERTEX_POINT('',#1295);
#1295 = CARTESIAN_POINT('',(0.32,-7.94,-2.84));
#1296 = LINE('',#1297,#1298);
#1297 = CARTESIAN_POINT('',(0.32,-7.94,-3.));
#1298 = VECTOR('',#1299,1.);
#1299 = DIRECTION('',(0.,0.,1.));
#1300 = ORIENTED_EDGE('',*,*,#1301,.T.);
#1301 = EDGE_CURVE('',#1294,#1302,#1304,.T.);
#1302 = VERTEX_POINT('',#1303);
#1303 = CARTESIAN_POINT('',(0.32,-7.3,-2.84));
#1304 = LINE('',#1305,#1306);
#1305 = CARTESIAN_POINT('',(0.32,-7.94,-2.84));
#1306 = VECTOR('',#1307,1.);
#1307 = DIRECTION('',(0.,1.,0.));
#1308 = ORIENTED_EDGE('',*,*,#1309,.T.);
#1309 = EDGE_CURVE('',#1302,#377,#1310,.T.);
#1310 = LINE('',#1311,#1312);
#1311 = CARTESIAN_POINT('',(0.32,-7.3,-3.));
#1312 = VECTOR('',#1313,1.);
#1313 = DIRECTION('',(0.,0.,1.));
#1314 = ORIENTED_EDGE('',*,*,#374,.F.);
#1315 = PLANE('',#1316);
#1316 = AXIS2_PLACEMENT_3D('',#1317,#1318,#1319);
#1317 = CARTESIAN_POINT('',(0.32,-7.94,-3.));
#1318 = DIRECTION('',(1.,0.,0.));
#1319 = DIRECTION('',(0.,0.,1.));
#1320 = ADVANCED_FACE('',(#1321),#1339,.T.);
#1321 = FACE_BOUND('',#1322,.T.);
#1322 = EDGE_LOOP('',(#1323,#1324,#1332,#1338));
#1323 = ORIENTED_EDGE('',*,*,#1309,.F.);
#1324 = ORIENTED_EDGE('',*,*,#1325,.F.);
#1325 = EDGE_CURVE('',#1326,#1302,#1328,.T.);
#1326 = VERTEX_POINT('',#1327);
#1327 = CARTESIAN_POINT('',(-0.32,-7.3,-2.84));
#1328 = LINE('',#1329,#1330);
#1329 = CARTESIAN_POINT('',(-0.32,-7.3,-2.84));
#1330 = VECTOR('',#1331,1.);
#1331 = DIRECTION('',(1.,0.,0.));
#1332 = ORIENTED_EDGE('',*,*,#1333,.T.);
#1333 = EDGE_CURVE('',#1326,#393,#1334,.T.);
#1334 = LINE('',#1335,#1336);
#1335 = CARTESIAN_POINT('',(-0.32,-7.3,-3.));
#1336 = VECTOR('',#1337,1.);
#1337 = DIRECTION('',(0.,0.,1.));
#1338 = ORIENTED_EDGE('',*,*,#400,.F.);
#1339 = PLANE('',#1340);
#1340 = AXIS2_PLACEMENT_3D('',#1341,#1342,#1343);
#1341 = CARTESIAN_POINT('',(-0.32,-7.3,-3.));
#1342 = DIRECTION('',(0.,1.,0.));
#1343 = DIRECTION('',(0.,-0.,1.));
#1344 = ADVANCED_FACE('',(#1345),#1363,.F.);
#1345 = FACE_BOUND('',#1346,.F.);
#1346 = EDGE_LOOP('',(#1347,#1355,#1361,#1362));
#1347 = ORIENTED_EDGE('',*,*,#1348,.F.);
#1348 = EDGE_CURVE('',#1349,#385,#1351,.T.);
#1349 = VERTEX_POINT('',#1350);
#1350 = CARTESIAN_POINT('',(-0.32,-7.94,-2.84));
#1351 = LINE('',#1352,#1353);
#1352 = CARTESIAN_POINT('',(-0.32,-7.94,-3.));
#1353 = VECTOR('',#1354,1.);
#1354 = DIRECTION('',(0.,0.,1.));
#1355 = ORIENTED_EDGE('',*,*,#1356,.T.);
#1356 = EDGE_CURVE('',#1349,#1326,#1357,.T.);
#1357 = LINE('',#1358,#1359);
#1358 = CARTESIAN_POINT('',(-0.32,-7.94,-2.84));
#1359 = VECTOR('',#1360,1.);
#1360 = DIRECTION('',(0.,1.,0.));
#1361 = ORIENTED_EDGE('',*,*,#1333,.T.);
#1362 = ORIENTED_EDGE('',*,*,#392,.F.);
#1363 = PLANE('',#1364);
#1364 = AXIS2_PLACEMENT_3D('',#1365,#1366,#1367);
#1365 = CARTESIAN_POINT('',(-0.32,-7.94,-3.));
#1366 = DIRECTION('',(1.,0.,0.));
#1367 = DIRECTION('',(0.,0.,1.));
#1368 = ADVANCED_FACE('',(#1369),#1380,.F.);
#1369 = FACE_BOUND('',#1370,.F.);
#1370 = EDGE_LOOP('',(#1371,#1372,#1378,#1379));
#1371 = ORIENTED_EDGE('',*,*,#1293,.F.);
#1372 = ORIENTED_EDGE('',*,*,#1373,.F.);
#1373 = EDGE_CURVE('',#1349,#1294,#1374,.T.);
#1374 = LINE('',#1375,#1376);
#1375 = CARTESIAN_POINT('',(-0.32,-7.94,-2.84));
#1376 = VECTOR('',#1377,1.);
#1377 = DIRECTION('',(1.,0.,0.));
#1378 = ORIENTED_EDGE('',*,*,#1348,.T.);
#1379 = ORIENTED_EDGE('',*,*,#384,.F.);
#1380 = PLANE('',#1381);
#1381 = AXIS2_PLACEMENT_3D('',#1382,#1383,#1384);
#1382 = CARTESIAN_POINT('',(-0.32,-7.94,-3.));
#1383 = DIRECTION('',(0.,1.,0.));
#1384 = DIRECTION('',(0.,-0.,1.));
#1385 = ADVANCED_FACE('',(#1386),#1411,.T.);
#1386 = FACE_BOUND('',#1387,.T.);
#1387 = EDGE_LOOP('',(#1388,#1396,#1404,#1410));
#1388 = ORIENTED_EDGE('',*,*,#1389,.F.);
#1389 = EDGE_CURVE('',#1390,#409,#1392,.T.);
#1390 = VERTEX_POINT('',#1391);
#1391 = CARTESIAN_POINT('',(0.32,-0.32,-2.84));
#1392 = LINE('',#1393,#1394);
#1393 = CARTESIAN_POINT('',(0.32,-0.32,-3.));
#1394 = VECTOR('',#1395,1.);
#1395 = DIRECTION('',(0.,0.,1.));
#1396 = ORIENTED_EDGE('',*,*,#1397,.T.);
#1397 = EDGE_CURVE('',#1390,#1398,#1400,.T.);
#1398 = VERTEX_POINT('',#1399);
#1399 = CARTESIAN_POINT('',(0.32,0.32,-2.84));
#1400 = LINE('',#1401,#1402);
#1401 = CARTESIAN_POINT('',(0.32,-0.32,-2.84));
#1402 = VECTOR('',#1403,1.);
#1403 = DIRECTION('',(0.,1.,0.));
#1404 = ORIENTED_EDGE('',*,*,#1405,.T.);
#1405 = EDGE_CURVE('',#1398,#411,#1406,.T.);
#1406 = LINE('',#1407,#1408);
#1407 = CARTESIAN_POINT('',(0.32,0.32,-3.));
#1408 = VECTOR('',#1409,1.);
#1409 = DIRECTION('',(0.,0.,1.));
#1410 = ORIENTED_EDGE('',*,*,#408,.F.);
#1411 = PLANE('',#1412);
#1412 = AXIS2_PLACEMENT_3D('',#1413,#1414,#1415);
#1413 = CARTESIAN_POINT('',(0.32,-0.32,-3.));
#1414 = DIRECTION('',(1.,0.,0.));
#1415 = DIRECTION('',(0.,0.,1.));
#1416 = ADVANCED_FACE('',(#1417),#1435,.T.);
#1417 = FACE_BOUND('',#1418,.T.);
#1418 = EDGE_LOOP('',(#1419,#1420,#1428,#1434));
#1419 = ORIENTED_EDGE('',*,*,#1405,.F.);
#1420 = ORIENTED_EDGE('',*,*,#1421,.F.);
#1421 = EDGE_CURVE('',#1422,#1398,#1424,.T.);
#1422 = VERTEX_POINT('',#1423);
#1423 = CARTESIAN_POINT('',(-0.32,0.32,-2.84));
#1424 = LINE('',#1425,#1426);
#1425 = CARTESIAN_POINT('',(-0.32,0.32,-2.84));
#1426 = VECTOR('',#1427,1.);
#1427 = DIRECTION('',(1.,0.,0.));
#1428 = ORIENTED_EDGE('',*,*,#1429,.T.);
#1429 = EDGE_CURVE('',#1422,#427,#1430,.T.);
#1430 = LINE('',#1431,#1432);
#1431 = CARTESIAN_POINT('',(-0.32,0.32,-3.));
#1432 = VECTOR('',#1433,1.);
#1433 = DIRECTION('',(0.,0.,1.));
#1434 = ORIENTED_EDGE('',*,*,#434,.F.);
#1435 = PLANE('',#1436);
#1436 = AXIS2_PLACEMENT_3D('',#1437,#1438,#1439);
#1437 = CARTESIAN_POINT('',(-0.32,0.32,-3.));
#1438 = DIRECTION('',(0.,1.,0.));
#1439 = DIRECTION('',(0.,-0.,1.));
#1440 = ADVANCED_FACE('',(#1441),#1459,.F.);
#1441 = FACE_BOUND('',#1442,.F.);
#1442 = EDGE_LOOP('',(#1443,#1451,#1457,#1458));
#1443 = ORIENTED_EDGE('',*,*,#1444,.F.);
#1444 = EDGE_CURVE('',#1445,#419,#1447,.T.);
#1445 = VERTEX_POINT('',#1446);
#1446 = CARTESIAN_POINT('',(-0.32,-0.32,-2.84));
#1447 = LINE('',#1448,#1449);
#1448 = CARTESIAN_POINT('',(-0.32,-0.32,-3.));
#1449 = VECTOR('',#1450,1.);
#1450 = DIRECTION('',(0.,0.,1.));
#1451 = ORIENTED_EDGE('',*,*,#1452,.T.);
#1452 = EDGE_CURVE('',#1445,#1422,#1453,.T.);
#1453 = LINE('',#1454,#1455);
#1454 = CARTESIAN_POINT('',(-0.32,-0.32,-2.84));
#1455 = VECTOR('',#1456,1.);
#1456 = DIRECTION('',(0.,1.,0.));
#1457 = ORIENTED_EDGE('',*,*,#1429,.T.);
#1458 = ORIENTED_EDGE('',*,*,#426,.F.);
#1459 = PLANE('',#1460);
#1460 = AXIS2_PLACEMENT_3D('',#1461,#1462,#1463);
#1461 = CARTESIAN_POINT('',(-0.32,-0.32,-3.));
#1462 = DIRECTION('',(1.,0.,0.));
#1463 = DIRECTION('',(0.,0.,1.));
#1464 = ADVANCED_FACE('',(#1465),#1476,.F.);
#1465 = FACE_BOUND('',#1466,.F.);
#1466 = EDGE_LOOP('',(#1467,#1468,#1474,#1475));
#1467 = ORIENTED_EDGE('',*,*,#1389,.F.);
#1468 = ORIENTED_EDGE('',*,*,#1469,.F.);
#1469 = EDGE_CURVE('',#1445,#1390,#1470,.T.);
#1470 = LINE('',#1471,#1472);
#1471 = CARTESIAN_POINT('',(-0.32,-0.32,-2.84));
#1472 = VECTOR('',#1473,1.);
#1473 = DIRECTION('',(1.,0.,0.));
#1474 = ORIENTED_EDGE('',*,*,#1444,.T.);
#1475 = ORIENTED_EDGE('',*,*,#418,.F.);
#1476 = PLANE('',#1477);
#1477 = AXIS2_PLACEMENT_3D('',#1478,#1479,#1480);
#1478 = CARTESIAN_POINT('',(-0.32,-0.32,-3.));
#1479 = DIRECTION('',(0.,1.,0.));
#1480 = DIRECTION('',(0.,-0.,1.));
#1481 = ADVANCED_FACE('',(#1482),#1507,.T.);
#1482 = FACE_BOUND('',#1483,.T.);
#1483 = EDGE_LOOP('',(#1484,#1492,#1500,#1506));
#1484 = ORIENTED_EDGE('',*,*,#1485,.F.);
#1485 = EDGE_CURVE('',#1486,#443,#1488,.T.);
#1486 = VERTEX_POINT('',#1487);
#1487 = CARTESIAN_POINT('',(0.32,-2.22,-2.84));
#1488 = LINE('',#1489,#1490);
#1489 = CARTESIAN_POINT('',(0.32,-2.22,-3.));
#1490 = VECTOR('',#1491,1.);
#1491 = DIRECTION('',(0.,0.,1.));
#1492 = ORIENTED_EDGE('',*,*,#1493,.F.);
#1493 = EDGE_CURVE('',#1494,#1486,#1496,.T.);
#1494 = VERTEX_POINT('',#1495);
#1495 = CARTESIAN_POINT('',(-0.32,-2.22,-2.84));
#1496 = LINE('',#1497,#1498);
#1497 = CARTESIAN_POINT('',(-0.32,-2.22,-2.84));
#1498 = VECTOR('',#1499,1.);
#1499 = DIRECTION('',(1.,0.,0.));
#1500 = ORIENTED_EDGE('',*,*,#1501,.T.);
#1501 = EDGE_CURVE('',#1494,#445,#1502,.T.);
#1502 = LINE('',#1503,#1504);
#1503 = CARTESIAN_POINT('',(-0.32,-2.22,-3.));
#1504 = VECTOR('',#1505,1.);
#1505 = DIRECTION('',(0.,0.,1.));
#1506 = ORIENTED_EDGE('',*,*,#442,.F.);
#1507 = PLANE('',#1508);
#1508 = AXIS2_PLACEMENT_3D('',#1509,#1510,#1511);
#1509 = CARTESIAN_POINT('',(-0.32,-2.22,-3.));
#1510 = DIRECTION('',(0.,1.,0.));
#1511 = DIRECTION('',(0.,-0.,1.));
#1512 = ADVANCED_FACE('',(#1513),#1531,.F.);
#1513 = FACE_BOUND('',#1514,.F.);
#1514 = EDGE_LOOP('',(#1515,#1523,#1529,#1530));
#1515 = ORIENTED_EDGE('',*,*,#1516,.F.);
#1516 = EDGE_CURVE('',#1517,#461,#1519,.T.);
#1517 = VERTEX_POINT('',#1518);
#1518 = CARTESIAN_POINT('',(-0.32,-2.86,-2.84));
#1519 = LINE('',#1520,#1521);
#1520 = CARTESIAN_POINT('',(-0.32,-2.86,-3.));
#1521 = VECTOR('',#1522,1.);
#1522 = DIRECTION('',(0.,0.,1.));
#1523 = ORIENTED_EDGE('',*,*,#1524,.T.);
#1524 = EDGE_CURVE('',#1517,#1494,#1525,.T.);
#1525 = LINE('',#1526,#1527);
#1526 = CARTESIAN_POINT('',(-0.32,-2.86,-2.84));
#1527 = VECTOR('',#1528,1.);
#1528 = DIRECTION('',(0.,1.,0.));
#1529 = ORIENTED_EDGE('',*,*,#1501,.T.);
#1530 = ORIENTED_EDGE('',*,*,#468,.F.);
#1531 = PLANE('',#1532);
#1532 = AXIS2_PLACEMENT_3D('',#1533,#1534,#1535);
#1533 = CARTESIAN_POINT('',(-0.32,-2.86,-3.));
#1534 = DIRECTION('',(1.,0.,0.));
#1535 = DIRECTION('',(0.,0.,1.));
#1536 = ADVANCED_FACE('',(#1537),#1555,.F.);
#1537 = FACE_BOUND('',#1538,.F.);
#1538 = EDGE_LOOP('',(#1539,#1547,#1553,#1554));
#1539 = ORIENTED_EDGE('',*,*,#1540,.F.);
#1540 = EDGE_CURVE('',#1541,#453,#1543,.T.);
#1541 = VERTEX_POINT('',#1542);
#1542 = CARTESIAN_POINT('',(0.32,-2.86,-2.84));
#1543 = LINE('',#1544,#1545);
#1544 = CARTESIAN_POINT('',(0.32,-2.86,-3.));
#1545 = VECTOR('',#1546,1.);
#1546 = DIRECTION('',(0.,0.,1.));
#1547 = ORIENTED_EDGE('',*,*,#1548,.F.);
#1548 = EDGE_CURVE('',#1517,#1541,#1549,.T.);
#1549 = LINE('',#1550,#1551);
#1550 = CARTESIAN_POINT('',(-0.32,-2.86,-2.84));
#1551 = VECTOR('',#1552,1.);
#1552 = DIRECTION('',(1.,0.,0.));
#1553 = ORIENTED_EDGE('',*,*,#1516,.T.);
#1554 = ORIENTED_EDGE('',*,*,#460,.F.);
#1555 = PLANE('',#1556);
#1556 = AXIS2_PLACEMENT_3D('',#1557,#1558,#1559);
#1557 = CARTESIAN_POINT('',(-0.32,-2.86,-3.));
#1558 = DIRECTION('',(0.,1.,0.));
#1559 = DIRECTION('',(0.,-0.,1.));
#1560 = ADVANCED_FACE('',(#1561),#1572,.T.);
#1561 = FACE_BOUND('',#1562,.T.);
#1562 = EDGE_LOOP('',(#1563,#1564,#1570,#1571));
#1563 = ORIENTED_EDGE('',*,*,#1540,.F.);
#1564 = ORIENTED_EDGE('',*,*,#1565,.T.);
#1565 = EDGE_CURVE('',#1541,#1486,#1566,.T.);
#1566 = LINE('',#1567,#1568);
#1567 = CARTESIAN_POINT('',(0.32,-2.86,-2.84));
#1568 = VECTOR('',#1569,1.);
#1569 = DIRECTION('',(0.,1.,0.));
#1570 = ORIENTED_EDGE('',*,*,#1485,.T.);
#1571 = ORIENTED_EDGE('',*,*,#452,.F.);
#1572 = PLANE('',#1573);
#1573 = AXIS2_PLACEMENT_3D('',#1574,#1575,#1576);
#1574 = CARTESIAN_POINT('',(0.32,-2.86,-3.));
#1575 = DIRECTION('',(1.,0.,0.));
#1576 = DIRECTION('',(0.,0.,1.));
#1577 = ADVANCED_FACE('',(#1578),#1603,.T.);
#1578 = FACE_BOUND('',#1579,.T.);
#1579 = EDGE_LOOP('',(#1580,#1588,#1589,#1597));
#1580 = ORIENTED_EDGE('',*,*,#1581,.F.);
#1581 = EDGE_CURVE('',#670,#1582,#1584,.T.);
#1582 = VERTEX_POINT('',#1583);
#1583 = CARTESIAN_POINT('',(0.32,-4.76,8.38));
#1584 = LINE('',#1585,#1586);
#1585 = CARTESIAN_POINT('',(0.32,-4.76,-3.));
#1586 = VECTOR('',#1587,1.);
#1587 = DIRECTION('',(0.,0.,1.));
#1588 = ORIENTED_EDGE('',*,*,#669,.T.);
#1589 = ORIENTED_EDGE('',*,*,#1590,.T.);
#1590 = EDGE_CURVE('',#672,#1591,#1593,.T.);
#1591 = VERTEX_POINT('',#1592);
#1592 = CARTESIAN_POINT('',(-0.32,-4.76,8.38));
#1593 = LINE('',#1594,#1595);
#1594 = CARTESIAN_POINT('',(-0.32,-4.76,-3.));
#1595 = VECTOR('',#1596,1.);
#1596 = DIRECTION('',(0.,0.,1.));
#1597 = ORIENTED_EDGE('',*,*,#1598,.T.);
#1598 = EDGE_CURVE('',#1591,#1582,#1599,.T.);
#1599 = LINE('',#1600,#1601);
#1600 = CARTESIAN_POINT('',(-0.32,-4.76,8.38));
#1601 = VECTOR('',#1602,1.);
#1602 = DIRECTION('',(1.,0.,0.));
#1603 = PLANE('',#1604);
#1604 = AXIS2_PLACEMENT_3D('',#1605,#1606,#1607);
#1605 = CARTESIAN_POINT('',(-0.32,-4.76,-3.));
#1606 = DIRECTION('',(0.,1.,0.));
#1607 = DIRECTION('',(0.,-0.,1.));
#1608 = ADVANCED_FACE('',(#1609),#1627,.F.);
#1609 = FACE_BOUND('',#1610,.F.);
#1610 = EDGE_LOOP('',(#1611,#1619,#1620,#1621));
#1611 = ORIENTED_EDGE('',*,*,#1612,.F.);
#1612 = EDGE_CURVE('',#688,#1613,#1615,.T.);
#1613 = VERTEX_POINT('',#1614);
#1614 = CARTESIAN_POINT('',(-0.32,-5.4,8.38));
#1615 = LINE('',#1616,#1617);
#1616 = CARTESIAN_POINT('',(-0.32,-5.4,-3.));
#1617 = VECTOR('',#1618,1.);
#1618 = DIRECTION('',(0.,0.,1.));
#1619 = ORIENTED_EDGE('',*,*,#695,.T.);
#1620 = ORIENTED_EDGE('',*,*,#1590,.T.);
#1621 = ORIENTED_EDGE('',*,*,#1622,.F.);
#1622 = EDGE_CURVE('',#1613,#1591,#1623,.T.);
#1623 = LINE('',#1624,#1625);
#1624 = CARTESIAN_POINT('',(-0.32,-5.4,8.38));
#1625 = VECTOR('',#1626,1.);
#1626 = DIRECTION('',(0.,1.,0.));
#1627 = PLANE('',#1628);
#1628 = AXIS2_PLACEMENT_3D('',#1629,#1630,#1631);
#1629 = CARTESIAN_POINT('',(-0.32,-5.4,-3.));
#1630 = DIRECTION('',(1.,0.,0.));
#1631 = DIRECTION('',(0.,0.,1.));
#1632 = ADVANCED_FACE('',(#1633),#1651,.F.);
#1633 = FACE_BOUND('',#1634,.F.);
#1634 = EDGE_LOOP('',(#1635,#1643,#1644,#1645));
#1635 = ORIENTED_EDGE('',*,*,#1636,.F.);
#1636 = EDGE_CURVE('',#680,#1637,#1639,.T.);
#1637 = VERTEX_POINT('',#1638);
#1638 = CARTESIAN_POINT('',(0.32,-5.4,8.38));
#1639 = LINE('',#1640,#1641);
#1640 = CARTESIAN_POINT('',(0.32,-5.4,-3.));
#1641 = VECTOR('',#1642,1.);
#1642 = DIRECTION('',(0.,0.,1.));
#1643 = ORIENTED_EDGE('',*,*,#687,.T.);
#1644 = ORIENTED_EDGE('',*,*,#1612,.T.);
#1645 = ORIENTED_EDGE('',*,*,#1646,.T.);
#1646 = EDGE_CURVE('',#1613,#1637,#1647,.T.);
#1647 = LINE('',#1648,#1649);
#1648 = CARTESIAN_POINT('',(-0.32,-5.4,8.38));
#1649 = VECTOR('',#1650,1.);
#1650 = DIRECTION('',(1.,0.,0.));
#1651 = PLANE('',#1652);
#1652 = AXIS2_PLACEMENT_3D('',#1653,#1654,#1655);
#1653 = CARTESIAN_POINT('',(-0.32,-5.4,-3.));
#1654 = DIRECTION('',(0.,1.,0.));
#1655 = DIRECTION('',(0.,-0.,1.));
#1656 = ADVANCED_FACE('',(#1657),#1668,.T.);
#1657 = FACE_BOUND('',#1658,.T.);
#1658 = EDGE_LOOP('',(#1659,#1660,#1661,#1662));
#1659 = ORIENTED_EDGE('',*,*,#1636,.F.);
#1660 = ORIENTED_EDGE('',*,*,#679,.T.);
#1661 = ORIENTED_EDGE('',*,*,#1581,.T.);
#1662 = ORIENTED_EDGE('',*,*,#1663,.F.);
#1663 = EDGE_CURVE('',#1637,#1582,#1664,.T.);
#1664 = LINE('',#1665,#1666);
#1665 = CARTESIAN_POINT('',(0.32,-5.4,8.38));
#1666 = VECTOR('',#1667,1.);
#1667 = DIRECTION('',(0.,1.,0.));
#1668 = PLANE('',#1669);
#1669 = AXIS2_PLACEMENT_3D('',#1670,#1671,#1672);
#1670 = CARTESIAN_POINT('',(0.32,-5.4,-3.));
#1671 = DIRECTION('',(1.,0.,0.));
#1672 = DIRECTION('',(0.,0.,1.));
#1673 = ADVANCED_FACE('',(#1674),#1699,.T.);
#1674 = FACE_BOUND('',#1675,.T.);
#1675 = EDGE_LOOP('',(#1676,#1684,#1685,#1693));
#1676 = ORIENTED_EDGE('',*,*,#1677,.F.);
#1677 = EDGE_CURVE('',#704,#1678,#1680,.T.);
#1678 = VERTEX_POINT('',#1679);
#1679 = CARTESIAN_POINT('',(0.32,-7.94,8.38));
#1680 = LINE('',#1681,#1682);
#1681 = CARTESIAN_POINT('',(0.32,-7.94,-3.));
#1682 = VECTOR('',#1683,1.);
#1683 = DIRECTION('',(0.,0.,1.));
#1684 = ORIENTED_EDGE('',*,*,#703,.T.);
#1685 = ORIENTED_EDGE('',*,*,#1686,.T.);
#1686 = EDGE_CURVE('',#706,#1687,#1689,.T.);
#1687 = VERTEX_POINT('',#1688);
#1688 = CARTESIAN_POINT('',(0.32,-7.3,8.38));
#1689 = LINE('',#1690,#1691);
#1690 = CARTESIAN_POINT('',(0.32,-7.3,-3.));
#1691 = VECTOR('',#1692,1.);
#1692 = DIRECTION('',(0.,0.,1.));
#1693 = ORIENTED_EDGE('',*,*,#1694,.F.);
#1694 = EDGE_CURVE('',#1678,#1687,#1695,.T.);
#1695 = LINE('',#1696,#1697);
#1696 = CARTESIAN_POINT('',(0.32,-7.94,8.38));
#1697 = VECTOR('',#1698,1.);
#1698 = DIRECTION('',(0.,1.,0.));
#1699 = PLANE('',#1700);
#1700 = AXIS2_PLACEMENT_3D('',#1701,#1702,#1703);
#1701 = CARTESIAN_POINT('',(0.32,-7.94,-3.));
#1702 = DIRECTION('',(1.,0.,0.));
#1703 = DIRECTION('',(0.,0.,1.));
#1704 = ADVANCED_FACE('',(#1705),#1723,.T.);
#1705 = FACE_BOUND('',#1706,.T.);
#1706 = EDGE_LOOP('',(#1707,#1708,#1709,#1717));
#1707 = ORIENTED_EDGE('',*,*,#1686,.F.);
#1708 = ORIENTED_EDGE('',*,*,#729,.T.);
#1709 = ORIENTED_EDGE('',*,*,#1710,.T.);
#1710 = EDGE_CURVE('',#722,#1711,#1713,.T.);
#1711 = VERTEX_POINT('',#1712);
#1712 = CARTESIAN_POINT('',(-0.32,-7.3,8.38));
#1713 = LINE('',#1714,#1715);
#1714 = CARTESIAN_POINT('',(-0.32,-7.3,-3.));
#1715 = VECTOR('',#1716,1.);
#1716 = DIRECTION('',(0.,0.,1.));
#1717 = ORIENTED_EDGE('',*,*,#1718,.T.);
#1718 = EDGE_CURVE('',#1711,#1687,#1719,.T.);
#1719 = LINE('',#1720,#1721);
#1720 = CARTESIAN_POINT('',(-0.32,-7.3,8.38));
#1721 = VECTOR('',#1722,1.);
#1722 = DIRECTION('',(1.,0.,0.));
#1723 = PLANE('',#1724);
#1724 = AXIS2_PLACEMENT_3D('',#1725,#1726,#1727);
#1725 = CARTESIAN_POINT('',(-0.32,-7.3,-3.));
#1726 = DIRECTION('',(0.,1.,0.));
#1727 = DIRECTION('',(0.,-0.,1.));
#1728 = ADVANCED_FACE('',(#1729),#1747,.F.);
#1729 = FACE_BOUND('',#1730,.F.);
#1730 = EDGE_LOOP('',(#1731,#1739,#1740,#1741));
#1731 = ORIENTED_EDGE('',*,*,#1732,.F.);
#1732 = EDGE_CURVE('',#714,#1733,#1735,.T.);
#1733 = VERTEX_POINT('',#1734);
#1734 = CARTESIAN_POINT('',(-0.32,-7.94,8.38));
#1735 = LINE('',#1736,#1737);
#1736 = CARTESIAN_POINT('',(-0.32,-7.94,-3.));
#1737 = VECTOR('',#1738,1.);
#1738 = DIRECTION('',(0.,0.,1.));
#1739 = ORIENTED_EDGE('',*,*,#721,.T.);
#1740 = ORIENTED_EDGE('',*,*,#1710,.T.);
#1741 = ORIENTED_EDGE('',*,*,#1742,.F.);
#1742 = EDGE_CURVE('',#1733,#1711,#1743,.T.);
#1743 = LINE('',#1744,#1745);
#1744 = CARTESIAN_POINT('',(-0.32,-7.94,8.38));
#1745 = VECTOR('',#1746,1.);
#1746 = DIRECTION('',(0.,1.,0.));
#1747 = PLANE('',#1748);
#1748 = AXIS2_PLACEMENT_3D('',#1749,#1750,#1751);
#1749 = CARTESIAN_POINT('',(-0.32,-7.94,-3.));
#1750 = DIRECTION('',(1.,0.,0.));
#1751 = DIRECTION('',(0.,0.,1.));
#1752 = ADVANCED_FACE('',(#1753),#1764,.F.);
#1753 = FACE_BOUND('',#1754,.F.);
#1754 = EDGE_LOOP('',(#1755,#1756,#1757,#1758));
#1755 = ORIENTED_EDGE('',*,*,#1677,.F.);
#1756 = ORIENTED_EDGE('',*,*,#713,.T.);
#1757 = ORIENTED_EDGE('',*,*,#1732,.T.);
#1758 = ORIENTED_EDGE('',*,*,#1759,.T.);
#1759 = EDGE_CURVE('',#1733,#1678,#1760,.T.);
#1760 = LINE('',#1761,#1762);
#1761 = CARTESIAN_POINT('',(-0.32,-7.94,8.38));
#1762 = VECTOR('',#1763,1.);
#1763 = DIRECTION('',(1.,0.,0.));
#1764 = PLANE('',#1765);
#1765 = AXIS2_PLACEMENT_3D('',#1766,#1767,#1768);
#1766 = CARTESIAN_POINT('',(-0.32,-7.94,-3.));
#1767 = DIRECTION('',(0.,1.,0.));
#1768 = DIRECTION('',(0.,-0.,1.));
#1769 = ADVANCED_FACE('',(#1770),#1795,.T.);
#1770 = FACE_BOUND('',#1771,.T.);
#1771 = EDGE_LOOP('',(#1772,#1780,#1781,#1789));
#1772 = ORIENTED_EDGE('',*,*,#1773,.F.);
#1773 = EDGE_CURVE('',#738,#1774,#1776,.T.);
#1774 = VERTEX_POINT('',#1775);
#1775 = CARTESIAN_POINT('',(0.32,-0.32,8.38));
#1776 = LINE('',#1777,#1778);
#1777 = CARTESIAN_POINT('',(0.32,-0.32,-3.));
#1778 = VECTOR('',#1779,1.);
#1779 = DIRECTION('',(0.,0.,1.));
#1780 = ORIENTED_EDGE('',*,*,#737,.T.);
#1781 = ORIENTED_EDGE('',*,*,#1782,.T.);
#1782 = EDGE_CURVE('',#740,#1783,#1785,.T.);
#1783 = VERTEX_POINT('',#1784);
#1784 = CARTESIAN_POINT('',(0.32,0.32,8.38));
#1785 = LINE('',#1786,#1787);
#1786 = CARTESIAN_POINT('',(0.32,0.32,-3.));
#1787 = VECTOR('',#1788,1.);
#1788 = DIRECTION('',(0.,0.,1.));
#1789 = ORIENTED_EDGE('',*,*,#1790,.F.);
#1790 = EDGE_CURVE('',#1774,#1783,#1791,.T.);
#1791 = LINE('',#1792,#1793);
#1792 = CARTESIAN_POINT('',(0.32,-0.32,8.38));
#1793 = VECTOR('',#1794,1.);
#1794 = DIRECTION('',(0.,1.,0.));
#1795 = PLANE('',#1796);
#1796 = AXIS2_PLACEMENT_3D('',#1797,#1798,#1799);
#1797 = CARTESIAN_POINT('',(0.32,-0.32,-3.));
#1798 = DIRECTION('',(1.,0.,0.));
#1799 = DIRECTION('',(0.,0.,1.));
#1800 = ADVANCED_FACE('',(#1801),#1819,.T.);
#1801 = FACE_BOUND('',#1802,.T.);
#1802 = EDGE_LOOP('',(#1803,#1804,#1805,#1813));
#1803 = ORIENTED_EDGE('',*,*,#1782,.F.);
#1804 = ORIENTED_EDGE('',*,*,#763,.T.);
#1805 = ORIENTED_EDGE('',*,*,#1806,.T.);
#1806 = EDGE_CURVE('',#756,#1807,#1809,.T.);
#1807 = VERTEX_POINT('',#1808);
#1808 = CARTESIAN_POINT('',(-0.32,0.32,8.38));
#1809 = LINE('',#1810,#1811);
#1810 = CARTESIAN_POINT('',(-0.32,0.32,-3.));
#1811 = VECTOR('',#1812,1.);
#1812 = DIRECTION('',(0.,0.,1.));
#1813 = ORIENTED_EDGE('',*,*,#1814,.T.);
#1814 = EDGE_CURVE('',#1807,#1783,#1815,.T.);
#1815 = LINE('',#1816,#1817);
#1816 = CARTESIAN_POINT('',(-0.32,0.32,8.38));
#1817 = VECTOR('',#1818,1.);
#1818 = DIRECTION('',(1.,0.,0.));
#1819 = PLANE('',#1820);
#1820 = AXIS2_PLACEMENT_3D('',#1821,#1822,#1823);
#1821 = CARTESIAN_POINT('',(-0.32,0.32,-3.));
#1822 = DIRECTION('',(0.,1.,0.));
#1823 = DIRECTION('',(0.,-0.,1.));
#1824 = ADVANCED_FACE('',(#1825),#1843,.F.);
#1825 = FACE_BOUND('',#1826,.F.);
#1826 = EDGE_LOOP('',(#1827,#1835,#1836,#1837));
#1827 = ORIENTED_EDGE('',*,*,#1828,.F.);
#1828 = EDGE_CURVE('',#748,#1829,#1831,.T.);
#1829 = VERTEX_POINT('',#1830);
#1830 = CARTESIAN_POINT('',(-0.32,-0.32,8.38));
#1831 = LINE('',#1832,#1833);
#1832 = CARTESIAN_POINT('',(-0.32,-0.32,-3.));
#1833 = VECTOR('',#1834,1.);
#1834 = DIRECTION('',(0.,0.,1.));
#1835 = ORIENTED_EDGE('',*,*,#755,.T.);
#1836 = ORIENTED_EDGE('',*,*,#1806,.T.);
#1837 = ORIENTED_EDGE('',*,*,#1838,.F.);
#1838 = EDGE_CURVE('',#1829,#1807,#1839,.T.);
#1839 = LINE('',#1840,#1841);
#1840 = CARTESIAN_POINT('',(-0.32,-0.32,8.38));
#1841 = VECTOR('',#1842,1.);
#1842 = DIRECTION('',(0.,1.,0.));
#1843 = PLANE('',#1844);
#1844 = AXIS2_PLACEMENT_3D('',#1845,#1846,#1847);
#1845 = CARTESIAN_POINT('',(-0.32,-0.32,-3.));
#1846 = DIRECTION('',(1.,0.,0.));
#1847 = DIRECTION('',(0.,0.,1.));
#1848 = ADVANCED_FACE('',(#1849),#1860,.F.);
#1849 = FACE_BOUND('',#1850,.F.);
#1850 = EDGE_LOOP('',(#1851,#1852,#1853,#1854));
#1851 = ORIENTED_EDGE('',*,*,#1773,.F.);
#1852 = ORIENTED_EDGE('',*,*,#747,.T.);
#1853 = ORIENTED_EDGE('',*,*,#1828,.T.);
#1854 = ORIENTED_EDGE('',*,*,#1855,.T.);
#1855 = EDGE_CURVE('',#1829,#1774,#1856,.T.);
#1856 = LINE('',#1857,#1858);
#1857 = CARTESIAN_POINT('',(-0.32,-0.32,8.38));
#1858 = VECTOR('',#1859,1.);
#1859 = DIRECTION('',(1.,0.,0.));
#1860 = PLANE('',#1861);
#1861 = AXIS2_PLACEMENT_3D('',#1862,#1863,#1864);
#1862 = CARTESIAN_POINT('',(-0.32,-0.32,-3.));
#1863 = DIRECTION('',(0.,1.,0.));
#1864 = DIRECTION('',(0.,-0.,1.));
#1865 = ADVANCED_FACE('',(#1866),#1891,.T.);
#1866 = FACE_BOUND('',#1867,.T.);
#1867 = EDGE_LOOP('',(#1868,#1876,#1877,#1885));
#1868 = ORIENTED_EDGE('',*,*,#1869,.F.);
#1869 = EDGE_CURVE('',#772,#1870,#1872,.T.);
#1870 = VERTEX_POINT('',#1871);
#1871 = CARTESIAN_POINT('',(0.32,-2.22,8.38));
#1872 = LINE('',#1873,#1874);
#1873 = CARTESIAN_POINT('',(0.32,-2.22,-3.));
#1874 = VECTOR('',#1875,1.);
#1875 = DIRECTION('',(0.,0.,1.));
#1876 = ORIENTED_EDGE('',*,*,#771,.T.);
#1877 = ORIENTED_EDGE('',*,*,#1878,.T.);
#1878 = EDGE_CURVE('',#774,#1879,#1881,.T.);
#1879 = VERTEX_POINT('',#1880);
#1880 = CARTESIAN_POINT('',(-0.32,-2.22,8.38));
#1881 = LINE('',#1882,#1883);
#1882 = CARTESIAN_POINT('',(-0.32,-2.22,-3.));
#1883 = VECTOR('',#1884,1.);
#1884 = DIRECTION('',(0.,0.,1.));
#1885 = ORIENTED_EDGE('',*,*,#1886,.T.);
#1886 = EDGE_CURVE('',#1879,#1870,#1887,.T.);
#1887 = LINE('',#1888,#1889);
#1888 = CARTESIAN_POINT('',(-0.32,-2.22,8.38));
#1889 = VECTOR('',#1890,1.);
#1890 = DIRECTION('',(1.,0.,0.));
#1891 = PLANE('',#1892);
#1892 = AXIS2_PLACEMENT_3D('',#1893,#1894,#1895);
#1893 = CARTESIAN_POINT('',(-0.32,-2.22,-3.));
#1894 = DIRECTION('',(0.,1.,0.));
#1895 = DIRECTION('',(0.,-0.,1.));
#1896 = ADVANCED_FACE('',(#1897),#1915,.F.);
#1897 = FACE_BOUND('',#1898,.F.);
#1898 = EDGE_LOOP('',(#1899,#1907,#1908,#1909));
#1899 = ORIENTED_EDGE('',*,*,#1900,.F.);
#1900 = EDGE_CURVE('',#790,#1901,#1903,.T.);
#1901 = VERTEX_POINT('',#1902);
#1902 = CARTESIAN_POINT('',(-0.32,-2.86,8.38));
#1903 = LINE('',#1904,#1905);
#1904 = CARTESIAN_POINT('',(-0.32,-2.86,-3.));
#1905 = VECTOR('',#1906,1.);
#1906 = DIRECTION('',(0.,0.,1.));
#1907 = ORIENTED_EDGE('',*,*,#797,.T.);
#1908 = ORIENTED_EDGE('',*,*,#1878,.T.);
#1909 = ORIENTED_EDGE('',*,*,#1910,.F.);
#1910 = EDGE_CURVE('',#1901,#1879,#1911,.T.);
#1911 = LINE('',#1912,#1913);
#1912 = CARTESIAN_POINT('',(-0.32,-2.86,8.38));
#1913 = VECTOR('',#1914,1.);
#1914 = DIRECTION('',(0.,1.,0.));
#1915 = PLANE('',#1916);
#1916 = AXIS2_PLACEMENT_3D('',#1917,#1918,#1919);
#1917 = CARTESIAN_POINT('',(-0.32,-2.86,-3.));
#1918 = DIRECTION('',(1.,0.,0.));
#1919 = DIRECTION('',(0.,0.,1.));
#1920 = ADVANCED_FACE('',(#1921),#1939,.F.);
#1921 = FACE_BOUND('',#1922,.F.);
#1922 = EDGE_LOOP('',(#1923,#1931,#1932,#1933));
#1923 = ORIENTED_EDGE('',*,*,#1924,.F.);
#1924 = EDGE_CURVE('',#782,#1925,#1927,.T.);
#1925 = VERTEX_POINT('',#1926);
#1926 = CARTESIAN_POINT('',(0.32,-2.86,8.38));
#1927 = LINE('',#1928,#1929);
#1928 = CARTESIAN_POINT('',(0.32,-2.86,-3.));
#1929 = VECTOR('',#1930,1.);
#1930 = DIRECTION('',(0.,0.,1.));
#1931 = ORIENTED_EDGE('',*,*,#789,.T.);
#1932 = ORIENTED_EDGE('',*,*,#1900,.T.);
#1933 = ORIENTED_EDGE('',*,*,#1934,.T.);
#1934 = EDGE_CURVE('',#1901,#1925,#1935,.T.);
#1935 = LINE('',#1936,#1937);
#1936 = CARTESIAN_POINT('',(-0.32,-2.86,8.38));
#1937 = VECTOR('',#1938,1.);
#1938 = DIRECTION('',(1.,0.,0.));
#1939 = PLANE('',#1940);
#1940 = AXIS2_PLACEMENT_3D('',#1941,#1942,#1943);
#1941 = CARTESIAN_POINT('',(-0.32,-2.86,-3.));
#1942 = DIRECTION('',(0.,1.,0.));
#1943 = DIRECTION('',(0.,-0.,1.));
#1944 = ADVANCED_FACE('',(#1945),#1956,.T.);
#1945 = FACE_BOUND('',#1946,.T.);
#1946 = EDGE_LOOP('',(#1947,#1948,#1949,#1950));
#1947 = ORIENTED_EDGE('',*,*,#1924,.F.);
#1948 = ORIENTED_EDGE('',*,*,#781,.T.);
#1949 = ORIENTED_EDGE('',*,*,#1869,.T.);
#1950 = ORIENTED_EDGE('',*,*,#1951,.F.);
#1951 = EDGE_CURVE('',#1925,#1870,#1952,.T.);
#1952 = LINE('',#1953,#1954);
#1953 = CARTESIAN_POINT('',(0.32,-2.86,8.38));
#1954 = VECTOR('',#1955,1.);
#1955 = DIRECTION('',(0.,1.,0.));
#1956 = PLANE('',#1957);
#1957 = AXIS2_PLACEMENT_3D('',#1958,#1959,#1960);
#1958 = CARTESIAN_POINT('',(0.32,-2.86,-3.));
#1959 = DIRECTION('',(1.,0.,0.));
#1960 = DIRECTION('',(0.,0.,1.));
#1961 = ADVANCED_FACE('',(#1962),#1987,.F.);
#1962 = FACE_BOUND('',#1963,.T.);
#1963 = EDGE_LOOP('',(#1964,#1972,#1973,#1981));
#1964 = ORIENTED_EDGE('',*,*,#1965,.F.);
#1965 = EDGE_CURVE('',#1206,#1966,#1968,.T.);
#1966 = VERTEX_POINT('',#1967);
#1967 = CARTESIAN_POINT('',(-0.16,-4.92,-3.));
#1968 = LINE('',#1969,#1970);
#1969 = CARTESIAN_POINT('',(-0.16,-4.92,-3.));
#1970 = VECTOR('',#1971,1.);
#1971 = DIRECTION('',(0.57735026919,-0.57735026919,-0.57735026919));
#1972 = ORIENTED_EDGE('',*,*,#1205,.T.);
#1973 = ORIENTED_EDGE('',*,*,#1974,.T.);
#1974 = EDGE_CURVE('',#1198,#1975,#1977,.T.);
#1975 = VERTEX_POINT('',#1976);
#1976 = CARTESIAN_POINT('',(0.16,-4.92,-3.));
#1977 = LINE('',#1978,#1979);
#1978 = CARTESIAN_POINT('',(5.333333333333E-02,-5.026666666667,
    -3.106666666667));
#1979 = VECTOR('',#1980,1.);
#1980 = DIRECTION('',(-0.57735026919,-0.57735026919,-0.57735026919));
#1981 = ORIENTED_EDGE('',*,*,#1982,.F.);
#1982 = EDGE_CURVE('',#1966,#1975,#1983,.T.);
#1983 = LINE('',#1984,#1985);
#1984 = CARTESIAN_POINT('',(-0.32,-4.92,-3.));
#1985 = VECTOR('',#1986,1.);
#1986 = DIRECTION('',(1.,0.,0.));
#1987 = PLANE('',#1988);
#1988 = AXIS2_PLACEMENT_3D('',#1989,#1990,#1991);
#1989 = CARTESIAN_POINT('',(-0.32,-4.84,-2.92));
#1990 = DIRECTION('',(-1.735167508357E-18,-0.707106781187,0.707106781187
    ));
#1991 = DIRECTION('',(-1.,1.226948711654E-18,-1.226948711654E-18));
#1992 = ADVANCED_FACE('',(#1993),#2011,.T.);
#1993 = FACE_BOUND('',#1994,.T.);
#1994 = EDGE_LOOP('',(#1995,#2003,#2004,#2005));
#1995 = ORIENTED_EDGE('',*,*,#1996,.F.);
#1996 = EDGE_CURVE('',#1229,#1997,#1999,.T.);
#1997 = VERTEX_POINT('',#1998);
#1998 = CARTESIAN_POINT('',(-0.16,-5.24,-3.));
#1999 = LINE('',#2000,#2001);
#2000 = CARTESIAN_POINT('',(-0.266666666667,-5.346666666667,
    -2.893333333333));
#2001 = VECTOR('',#2002,1.);
#2002 = DIRECTION('',(0.57735026919,0.57735026919,-0.57735026919));
#2003 = ORIENTED_EDGE('',*,*,#1236,.T.);
#2004 = ORIENTED_EDGE('',*,*,#1965,.T.);
#2005 = ORIENTED_EDGE('',*,*,#2006,.F.);
#2006 = EDGE_CURVE('',#1997,#1966,#2007,.T.);
#2007 = LINE('',#2008,#2009);
#2008 = CARTESIAN_POINT('',(-0.16,-5.4,-3.));
#2009 = VECTOR('',#2010,1.);
#2010 = DIRECTION('',(0.,1.,0.));
#2011 = PLANE('',#2012);
#2012 = AXIS2_PLACEMENT_3D('',#2013,#2014,#2015);
#2013 = CARTESIAN_POINT('',(-0.24,-5.4,-2.92));
#2014 = DIRECTION('',(-0.707106781187,-1.735167508357E-18,
    -0.707106781187));
#2015 = DIRECTION('',(-1.226948711654E-18,1.,-1.226948711654E-18));
#2016 = ADVANCED_FACE('',(#2017),#2035,.T.);
#2017 = FACE_BOUND('',#2018,.F.);
#2018 = EDGE_LOOP('',(#2019,#2020,#2021,#2029));
#2019 = ORIENTED_EDGE('',*,*,#1996,.F.);
#2020 = ORIENTED_EDGE('',*,*,#1260,.T.);
#2021 = ORIENTED_EDGE('',*,*,#2022,.T.);
#2022 = EDGE_CURVE('',#1253,#2023,#2025,.T.);
#2023 = VERTEX_POINT('',#2024);
#2024 = CARTESIAN_POINT('',(0.16,-5.24,-3.));
#2025 = LINE('',#2026,#2027);
#2026 = CARTESIAN_POINT('',(0.16,-5.24,-3.));
#2027 = VECTOR('',#2028,1.);
#2028 = DIRECTION('',(-0.57735026919,0.57735026919,-0.57735026919));
#2029 = ORIENTED_EDGE('',*,*,#2030,.F.);
#2030 = EDGE_CURVE('',#1997,#2023,#2031,.T.);
#2031 = LINE('',#2032,#2033);
#2032 = CARTESIAN_POINT('',(-0.32,-5.24,-3.));
#2033 = VECTOR('',#2034,1.);
#2034 = DIRECTION('',(1.,0.,0.));
#2035 = PLANE('',#2036);
#2036 = AXIS2_PLACEMENT_3D('',#2037,#2038,#2039);
#2037 = CARTESIAN_POINT('',(-0.32,-5.32,-2.92));
#2038 = DIRECTION('',(1.735167508357E-18,-0.707106781187,-0.707106781187
    ));
#2039 = DIRECTION('',(-1.,-1.226948711654E-18,-1.226948711654E-18));
#2040 = ADVANCED_FACE('',(#2041),#2052,.F.);
#2041 = FACE_BOUND('',#2042,.F.);
#2042 = EDGE_LOOP('',(#2043,#2044,#2045,#2046));
#2043 = ORIENTED_EDGE('',*,*,#2022,.F.);
#2044 = ORIENTED_EDGE('',*,*,#1277,.T.);
#2045 = ORIENTED_EDGE('',*,*,#1974,.T.);
#2046 = ORIENTED_EDGE('',*,*,#2047,.F.);
#2047 = EDGE_CURVE('',#2023,#1975,#2048,.T.);
#2048 = LINE('',#2049,#2050);
#2049 = CARTESIAN_POINT('',(0.16,-5.4,-3.));
#2050 = VECTOR('',#2051,1.);
#2051 = DIRECTION('',(0.,1.,0.));
#2052 = PLANE('',#2053);
#2053 = AXIS2_PLACEMENT_3D('',#2054,#2055,#2056);
#2054 = CARTESIAN_POINT('',(0.24,-5.4,-2.92));
#2055 = DIRECTION('',(-0.707106781187,1.735167508357E-18,0.707106781187)
  );
#2056 = DIRECTION('',(1.226948711654E-18,1.,-1.226948711654E-18));
#2057 = ADVANCED_FACE('',(#2058),#2083,.F.);
#2058 = FACE_BOUND('',#2059,.F.);
#2059 = EDGE_LOOP('',(#2060,#2068,#2069,#2077));
#2060 = ORIENTED_EDGE('',*,*,#2061,.F.);
#2061 = EDGE_CURVE('',#1294,#2062,#2064,.T.);
#2062 = VERTEX_POINT('',#2063);
#2063 = CARTESIAN_POINT('',(0.16,-7.78,-3.));
#2064 = LINE('',#2065,#2066);
#2065 = CARTESIAN_POINT('',(0.16,-7.78,-3.));
#2066 = VECTOR('',#2067,1.);
#2067 = DIRECTION('',(-0.57735026919,0.57735026919,-0.57735026919));
#2068 = ORIENTED_EDGE('',*,*,#1301,.T.);
#2069 = ORIENTED_EDGE('',*,*,#2070,.T.);
#2070 = EDGE_CURVE('',#1302,#2071,#2073,.T.);
#2071 = VERTEX_POINT('',#2072);
#2072 = CARTESIAN_POINT('',(0.16,-7.46,-3.));
#2073 = LINE('',#2074,#2075);
#2074 = CARTESIAN_POINT('',(5.333333333333E-02,-7.566666666667,
    -3.106666666667));
#2075 = VECTOR('',#2076,1.);
#2076 = DIRECTION('',(-0.57735026919,-0.57735026919,-0.57735026919));
#2077 = ORIENTED_EDGE('',*,*,#2078,.F.);
#2078 = EDGE_CURVE('',#2062,#2071,#2079,.T.);
#2079 = LINE('',#2080,#2081);
#2080 = CARTESIAN_POINT('',(0.16,-7.94,-3.));
#2081 = VECTOR('',#2082,1.);
#2082 = DIRECTION('',(0.,1.,0.));
#2083 = PLANE('',#2084);
#2084 = AXIS2_PLACEMENT_3D('',#2085,#2086,#2087);
#2085 = CARTESIAN_POINT('',(0.24,-7.94,-2.92));
#2086 = DIRECTION('',(-0.707106781187,1.735167508357E-18,0.707106781187)
  );
#2087 = DIRECTION('',(1.226948711654E-18,1.,-1.226948711654E-18));
#2088 = ADVANCED_FACE('',(#2089),#2107,.F.);
#2089 = FACE_BOUND('',#2090,.T.);
#2090 = EDGE_LOOP('',(#2091,#2099,#2100,#2101));
#2091 = ORIENTED_EDGE('',*,*,#2092,.F.);
#2092 = EDGE_CURVE('',#1326,#2093,#2095,.T.);
#2093 = VERTEX_POINT('',#2094);
#2094 = CARTESIAN_POINT('',(-0.16,-7.46,-3.));
#2095 = LINE('',#2096,#2097);
#2096 = CARTESIAN_POINT('',(-0.16,-7.46,-3.));
#2097 = VECTOR('',#2098,1.);
#2098 = DIRECTION('',(0.57735026919,-0.57735026919,-0.57735026919));
#2099 = ORIENTED_EDGE('',*,*,#1325,.T.);
#2100 = ORIENTED_EDGE('',*,*,#2070,.T.);
#2101 = ORIENTED_EDGE('',*,*,#2102,.F.);
#2102 = EDGE_CURVE('',#2093,#2071,#2103,.T.);
#2103 = LINE('',#2104,#2105);
#2104 = CARTESIAN_POINT('',(-0.32,-7.46,-3.));
#2105 = VECTOR('',#2106,1.);
#2106 = DIRECTION('',(1.,0.,0.));
#2107 = PLANE('',#2108);
#2108 = AXIS2_PLACEMENT_3D('',#2109,#2110,#2111);
#2109 = CARTESIAN_POINT('',(-0.32,-7.38,-2.92));
#2110 = DIRECTION('',(-1.735167508357E-18,-0.707106781187,0.707106781187
    ));
#2111 = DIRECTION('',(-1.,1.226948711654E-18,-1.226948711654E-18));
#2112 = ADVANCED_FACE('',(#2113),#2131,.T.);
#2113 = FACE_BOUND('',#2114,.T.);
#2114 = EDGE_LOOP('',(#2115,#2123,#2124,#2125));
#2115 = ORIENTED_EDGE('',*,*,#2116,.F.);
#2116 = EDGE_CURVE('',#1349,#2117,#2119,.T.);
#2117 = VERTEX_POINT('',#2118);
#2118 = CARTESIAN_POINT('',(-0.16,-7.78,-3.));
#2119 = LINE('',#2120,#2121);
#2120 = CARTESIAN_POINT('',(-0.266666666667,-7.886666666667,
    -2.893333333333));
#2121 = VECTOR('',#2122,1.);
#2122 = DIRECTION('',(0.57735026919,0.57735026919,-0.57735026919));
#2123 = ORIENTED_EDGE('',*,*,#1356,.T.);
#2124 = ORIENTED_EDGE('',*,*,#2092,.T.);
#2125 = ORIENTED_EDGE('',*,*,#2126,.F.);
#2126 = EDGE_CURVE('',#2117,#2093,#2127,.T.);
#2127 = LINE('',#2128,#2129);
#2128 = CARTESIAN_POINT('',(-0.16,-7.94,-3.));
#2129 = VECTOR('',#2130,1.);
#2130 = DIRECTION('',(0.,1.,0.));
#2131 = PLANE('',#2132);
#2132 = AXIS2_PLACEMENT_3D('',#2133,#2134,#2135);
#2133 = CARTESIAN_POINT('',(-0.24,-7.94,-2.92));
#2134 = DIRECTION('',(-0.707106781187,-1.735167508357E-18,
    -0.707106781187));
#2135 = DIRECTION('',(-1.226948711654E-18,1.,-1.226948711654E-18));
#2136 = ADVANCED_FACE('',(#2137),#2148,.T.);
#2137 = FACE_BOUND('',#2138,.F.);
#2138 = EDGE_LOOP('',(#2139,#2140,#2141,#2142));
#2139 = ORIENTED_EDGE('',*,*,#2116,.F.);
#2140 = ORIENTED_EDGE('',*,*,#1373,.T.);
#2141 = ORIENTED_EDGE('',*,*,#2061,.T.);
#2142 = ORIENTED_EDGE('',*,*,#2143,.F.);
#2143 = EDGE_CURVE('',#2117,#2062,#2144,.T.);
#2144 = LINE('',#2145,#2146);
#2145 = CARTESIAN_POINT('',(-0.32,-7.78,-3.));
#2146 = VECTOR('',#2147,1.);
#2147 = DIRECTION('',(1.,0.,0.));
#2148 = PLANE('',#2149);
#2149 = AXIS2_PLACEMENT_3D('',#2150,#2151,#2152);
#2150 = CARTESIAN_POINT('',(-0.32,-7.86,-2.92));
#2151 = DIRECTION('',(1.735167508357E-18,-0.707106781187,-0.707106781187
    ));
#2152 = DIRECTION('',(-1.,-1.226948711654E-18,-1.226948711654E-18));
#2153 = ADVANCED_FACE('',(#2154),#2179,.F.);
#2154 = FACE_BOUND('',#2155,.F.);
#2155 = EDGE_LOOP('',(#2156,#2164,#2165,#2173));
#2156 = ORIENTED_EDGE('',*,*,#2157,.F.);
#2157 = EDGE_CURVE('',#1390,#2158,#2160,.T.);
#2158 = VERTEX_POINT('',#2159);
#2159 = CARTESIAN_POINT('',(0.16,-0.16,-3.));
#2160 = LINE('',#2161,#2162);
#2161 = CARTESIAN_POINT('',(0.16,-0.16,-3.));
#2162 = VECTOR('',#2163,1.);
#2163 = DIRECTION('',(-0.57735026919,0.57735026919,-0.57735026919));
#2164 = ORIENTED_EDGE('',*,*,#1397,.T.);
#2165 = ORIENTED_EDGE('',*,*,#2166,.T.);
#2166 = EDGE_CURVE('',#1398,#2167,#2169,.T.);
#2167 = VERTEX_POINT('',#2168);
#2168 = CARTESIAN_POINT('',(0.16,0.16,-3.));
#2169 = LINE('',#2170,#2171);
#2170 = CARTESIAN_POINT('',(5.333333333333E-02,5.333333333333E-02,
    -3.106666666667));
#2171 = VECTOR('',#2172,1.);
#2172 = DIRECTION('',(-0.57735026919,-0.57735026919,-0.57735026919));
#2173 = ORIENTED_EDGE('',*,*,#2174,.F.);
#2174 = EDGE_CURVE('',#2158,#2167,#2175,.T.);
#2175 = LINE('',#2176,#2177);
#2176 = CARTESIAN_POINT('',(0.16,-0.32,-3.));
#2177 = VECTOR('',#2178,1.);
#2178 = DIRECTION('',(0.,1.,0.));
#2179 = PLANE('',#2180);
#2180 = AXIS2_PLACEMENT_3D('',#2181,#2182,#2183);
#2181 = CARTESIAN_POINT('',(0.24,-0.32,-2.92));
#2182 = DIRECTION('',(-0.707106781187,1.735167508357E-18,0.707106781187)
  );
#2183 = DIRECTION('',(1.226948711654E-18,1.,-1.226948711654E-18));
#2184 = ADVANCED_FACE('',(#2185),#2203,.F.);
#2185 = FACE_BOUND('',#2186,.T.);
#2186 = EDGE_LOOP('',(#2187,#2195,#2196,#2197));
#2187 = ORIENTED_EDGE('',*,*,#2188,.F.);
#2188 = EDGE_CURVE('',#1422,#2189,#2191,.T.);
#2189 = VERTEX_POINT('',#2190);
#2190 = CARTESIAN_POINT('',(-0.16,0.16,-3.));
#2191 = LINE('',#2192,#2193);
#2192 = CARTESIAN_POINT('',(-0.16,0.16,-3.));
#2193 = VECTOR('',#2194,1.);
#2194 = DIRECTION('',(0.57735026919,-0.57735026919,-0.57735026919));
#2195 = ORIENTED_EDGE('',*,*,#1421,.T.);
#2196 = ORIENTED_EDGE('',*,*,#2166,.T.);
#2197 = ORIENTED_EDGE('',*,*,#2198,.F.);
#2198 = EDGE_CURVE('',#2189,#2167,#2199,.T.);
#2199 = LINE('',#2200,#2201);
#2200 = CARTESIAN_POINT('',(-0.32,0.16,-3.));
#2201 = VECTOR('',#2202,1.);
#2202 = DIRECTION('',(1.,0.,0.));
#2203 = PLANE('',#2204);
#2204 = AXIS2_PLACEMENT_3D('',#2205,#2206,#2207);
#2205 = CARTESIAN_POINT('',(-0.32,0.24,-2.92));
#2206 = DIRECTION('',(-1.735167508357E-18,-0.707106781187,0.707106781187
    ));
#2207 = DIRECTION('',(-1.,1.226948711654E-18,-1.226948711654E-18));
#2208 = ADVANCED_FACE('',(#2209),#2227,.T.);
#2209 = FACE_BOUND('',#2210,.T.);
#2210 = EDGE_LOOP('',(#2211,#2219,#2220,#2221));
#2211 = ORIENTED_EDGE('',*,*,#2212,.F.);
#2212 = EDGE_CURVE('',#1445,#2213,#2215,.T.);
#2213 = VERTEX_POINT('',#2214);
#2214 = CARTESIAN_POINT('',(-0.16,-0.16,-3.));
#2215 = LINE('',#2216,#2217);
#2216 = CARTESIAN_POINT('',(-0.266666666667,-0.266666666667,
    -2.893333333333));
#2217 = VECTOR('',#2218,1.);
#2218 = DIRECTION('',(0.57735026919,0.57735026919,-0.57735026919));
#2219 = ORIENTED_EDGE('',*,*,#1452,.T.);
#2220 = ORIENTED_EDGE('',*,*,#2188,.T.);
#2221 = ORIENTED_EDGE('',*,*,#2222,.F.);
#2222 = EDGE_CURVE('',#2213,#2189,#2223,.T.);
#2223 = LINE('',#2224,#2225);
#2224 = CARTESIAN_POINT('',(-0.16,-0.32,-3.));
#2225 = VECTOR('',#2226,1.);
#2226 = DIRECTION('',(0.,1.,0.));
#2227 = PLANE('',#2228);
#2228 = AXIS2_PLACEMENT_3D('',#2229,#2230,#2231);
#2229 = CARTESIAN_POINT('',(-0.24,-0.32,-2.92));
#2230 = DIRECTION('',(-0.707106781187,-1.735167508357E-18,
    -0.707106781187));
#2231 = DIRECTION('',(-1.226948711654E-18,1.,-1.226948711654E-18));
#2232 = ADVANCED_FACE('',(#2233),#2244,.T.);
#2233 = FACE_BOUND('',#2234,.F.);
#2234 = EDGE_LOOP('',(#2235,#2236,#2237,#2238));
#2235 = ORIENTED_EDGE('',*,*,#2212,.F.);
#2236 = ORIENTED_EDGE('',*,*,#1469,.T.);
#2237 = ORIENTED_EDGE('',*,*,#2157,.T.);
#2238 = ORIENTED_EDGE('',*,*,#2239,.F.);
#2239 = EDGE_CURVE('',#2213,#2158,#2240,.T.);
#2240 = LINE('',#2241,#2242);
#2241 = CARTESIAN_POINT('',(-0.32,-0.16,-3.));
#2242 = VECTOR('',#2243,1.);
#2243 = DIRECTION('',(1.,0.,0.));
#2244 = PLANE('',#2245);
#2245 = AXIS2_PLACEMENT_3D('',#2246,#2247,#2248);
#2246 = CARTESIAN_POINT('',(-0.32,-0.24,-2.92));
#2247 = DIRECTION('',(1.735167508357E-18,-0.707106781187,-0.707106781187
    ));
#2248 = DIRECTION('',(-1.,-1.226948711654E-18,-1.226948711654E-18));
#2249 = ADVANCED_FACE('',(#2250),#2275,.F.);
#2250 = FACE_BOUND('',#2251,.T.);
#2251 = EDGE_LOOP('',(#2252,#2260,#2261,#2269));
#2252 = ORIENTED_EDGE('',*,*,#2253,.F.);
#2253 = EDGE_CURVE('',#1494,#2254,#2256,.T.);
#2254 = VERTEX_POINT('',#2255);
#2255 = CARTESIAN_POINT('',(-0.16,-2.38,-3.));
#2256 = LINE('',#2257,#2258);
#2257 = CARTESIAN_POINT('',(-0.16,-2.38,-3.));
#2258 = VECTOR('',#2259,1.);
#2259 = DIRECTION('',(0.57735026919,-0.57735026919,-0.57735026919));
#2260 = ORIENTED_EDGE('',*,*,#1493,.T.);
#2261 = ORIENTED_EDGE('',*,*,#2262,.T.);
#2262 = EDGE_CURVE('',#1486,#2263,#2265,.T.);
#2263 = VERTEX_POINT('',#2264);
#2264 = CARTESIAN_POINT('',(0.16,-2.38,-3.));
#2265 = LINE('',#2266,#2267);
#2266 = CARTESIAN_POINT('',(5.333333333333E-02,-2.486666666667,
    -3.106666666667));
#2267 = VECTOR('',#2268,1.);
#2268 = DIRECTION('',(-0.57735026919,-0.57735026919,-0.57735026919));
#2269 = ORIENTED_EDGE('',*,*,#2270,.F.);
#2270 = EDGE_CURVE('',#2254,#2263,#2271,.T.);
#2271 = LINE('',#2272,#2273);
#2272 = CARTESIAN_POINT('',(-0.32,-2.38,-3.));
#2273 = VECTOR('',#2274,1.);
#2274 = DIRECTION('',(1.,0.,0.));
#2275 = PLANE('',#2276);
#2276 = AXIS2_PLACEMENT_3D('',#2277,#2278,#2279);
#2277 = CARTESIAN_POINT('',(-0.32,-2.3,-2.92));
#2278 = DIRECTION('',(-1.735167508357E-18,-0.707106781187,0.707106781187
    ));
#2279 = DIRECTION('',(-1.,1.226948711654E-18,-1.226948711654E-18));
#2280 = ADVANCED_FACE('',(#2281),#2299,.T.);
#2281 = FACE_BOUND('',#2282,.T.);
#2282 = EDGE_LOOP('',(#2283,#2291,#2292,#2293));
#2283 = ORIENTED_EDGE('',*,*,#2284,.F.);
#2284 = EDGE_CURVE('',#1517,#2285,#2287,.T.);
#2285 = VERTEX_POINT('',#2286);
#2286 = CARTESIAN_POINT('',(-0.16,-2.7,-3.));
#2287 = LINE('',#2288,#2289);
#2288 = CARTESIAN_POINT('',(-0.266666666667,-2.806666666667,
    -2.893333333333));
#2289 = VECTOR('',#2290,1.);
#2290 = DIRECTION('',(0.57735026919,0.57735026919,-0.57735026919));
#2291 = ORIENTED_EDGE('',*,*,#1524,.T.);
#2292 = ORIENTED_EDGE('',*,*,#2253,.T.);
#2293 = ORIENTED_EDGE('',*,*,#2294,.F.);
#2294 = EDGE_CURVE('',#2285,#2254,#2295,.T.);
#2295 = LINE('',#2296,#2297);
#2296 = CARTESIAN_POINT('',(-0.16,-2.86,-3.));
#2297 = VECTOR('',#2298,1.);
#2298 = DIRECTION('',(0.,1.,0.));
#2299 = PLANE('',#2300);
#2300 = AXIS2_PLACEMENT_3D('',#2301,#2302,#2303);
#2301 = CARTESIAN_POINT('',(-0.24,-2.86,-2.92));
#2302 = DIRECTION('',(-0.707106781187,-1.735167508357E-18,
    -0.707106781187));
#2303 = DIRECTION('',(-1.226948711654E-18,1.,-1.226948711654E-18));
#2304 = ADVANCED_FACE('',(#2305),#2323,.T.);
#2305 = FACE_BOUND('',#2306,.F.);
#2306 = EDGE_LOOP('',(#2307,#2308,#2309,#2317));
#2307 = ORIENTED_EDGE('',*,*,#2284,.F.);
#2308 = ORIENTED_EDGE('',*,*,#1548,.T.);
#2309 = ORIENTED_EDGE('',*,*,#2310,.T.);
#2310 = EDGE_CURVE('',#1541,#2311,#2313,.T.);
#2311 = VERTEX_POINT('',#2312);
#2312 = CARTESIAN_POINT('',(0.16,-2.7,-3.));
#2313 = LINE('',#2314,#2315);
#2314 = CARTESIAN_POINT('',(0.16,-2.7,-3.));
#2315 = VECTOR('',#2316,1.);
#2316 = DIRECTION('',(-0.57735026919,0.57735026919,-0.57735026919));
#2317 = ORIENTED_EDGE('',*,*,#2318,.F.);
#2318 = EDGE_CURVE('',#2285,#2311,#2319,.T.);
#2319 = LINE('',#2320,#2321);
#2320 = CARTESIAN_POINT('',(-0.32,-2.7,-3.));
#2321 = VECTOR('',#2322,1.);
#2322 = DIRECTION('',(1.,0.,0.));
#2323 = PLANE('',#2324);
#2324 = AXIS2_PLACEMENT_3D('',#2325,#2326,#2327);
#2325 = CARTESIAN_POINT('',(-0.32,-2.78,-2.92));
#2326 = DIRECTION('',(1.735167508357E-18,-0.707106781187,-0.707106781187
    ));
#2327 = DIRECTION('',(-1.,-1.226948711654E-18,-1.226948711654E-18));
#2328 = ADVANCED_FACE('',(#2329),#2340,.F.);
#2329 = FACE_BOUND('',#2330,.F.);
#2330 = EDGE_LOOP('',(#2331,#2332,#2333,#2334));
#2331 = ORIENTED_EDGE('',*,*,#2310,.F.);
#2332 = ORIENTED_EDGE('',*,*,#1565,.T.);
#2333 = ORIENTED_EDGE('',*,*,#2262,.T.);
#2334 = ORIENTED_EDGE('',*,*,#2335,.F.);
#2335 = EDGE_CURVE('',#2311,#2263,#2336,.T.);
#2336 = LINE('',#2337,#2338);
#2337 = CARTESIAN_POINT('',(0.16,-2.86,-3.));
#2338 = VECTOR('',#2339,1.);
#2339 = DIRECTION('',(0.,1.,0.));
#2340 = PLANE('',#2341);
#2341 = AXIS2_PLACEMENT_3D('',#2342,#2343,#2344);
#2342 = CARTESIAN_POINT('',(0.24,-2.86,-2.92));
#2343 = DIRECTION('',(-0.707106781187,1.735167508357E-18,0.707106781187)
  );
#2344 = DIRECTION('',(1.226948711654E-18,1.,-1.226948711654E-18));
#2345 = ADVANCED_FACE('',(#2346),#2371,.T.);
#2346 = FACE_BOUND('',#2347,.F.);
#2347 = EDGE_LOOP('',(#2348,#2356,#2357,#2365));
#2348 = ORIENTED_EDGE('',*,*,#2349,.F.);
#2349 = EDGE_CURVE('',#1591,#2350,#2352,.T.);
#2350 = VERTEX_POINT('',#2351);
#2351 = CARTESIAN_POINT('',(-0.16,-4.92,8.54));
#2352 = LINE('',#2353,#2354);
#2353 = CARTESIAN_POINT('',(-0.16,-4.92,8.54));
#2354 = VECTOR('',#2355,1.);
#2355 = DIRECTION('',(0.57735026919,-0.57735026919,0.57735026919));
#2356 = ORIENTED_EDGE('',*,*,#1598,.T.);
#2357 = ORIENTED_EDGE('',*,*,#2358,.T.);
#2358 = EDGE_CURVE('',#1582,#2359,#2361,.T.);
#2359 = VERTEX_POINT('',#2360);
#2360 = CARTESIAN_POINT('',(0.16,-4.92,8.54));
#2361 = LINE('',#2362,#2363);
#2362 = CARTESIAN_POINT('',(5.333333333333E-02,-5.026666666667,
    8.646666666667));
#2363 = VECTOR('',#2364,1.);
#2364 = DIRECTION('',(-0.57735026919,-0.57735026919,0.57735026919));
#2365 = ORIENTED_EDGE('',*,*,#2366,.F.);
#2366 = EDGE_CURVE('',#2350,#2359,#2367,.T.);
#2367 = LINE('',#2368,#2369);
#2368 = CARTESIAN_POINT('',(-0.32,-4.92,8.54));
#2369 = VECTOR('',#2370,1.);
#2370 = DIRECTION('',(1.,0.,0.));
#2371 = PLANE('',#2372);
#2372 = AXIS2_PLACEMENT_3D('',#2373,#2374,#2375);
#2373 = CARTESIAN_POINT('',(-0.32,-4.84,8.46));
#2374 = DIRECTION('',(1.735167508357E-18,0.707106781187,0.707106781187)
  );
#2375 = DIRECTION('',(-1.,1.226948711654E-18,1.226948711654E-18));
#2376 = ADVANCED_FACE('',(#2377),#2395,.F.);
#2377 = FACE_BOUND('',#2378,.F.);
#2378 = EDGE_LOOP('',(#2379,#2387,#2388,#2389));
#2379 = ORIENTED_EDGE('',*,*,#2380,.F.);
#2380 = EDGE_CURVE('',#1613,#2381,#2383,.T.);
#2381 = VERTEX_POINT('',#2382);
#2382 = CARTESIAN_POINT('',(-0.16,-5.24,8.54));
#2383 = LINE('',#2384,#2385);
#2384 = CARTESIAN_POINT('',(-0.266666666667,-5.346666666667,
    8.433333333333));
#2385 = VECTOR('',#2386,1.);
#2386 = DIRECTION('',(0.57735026919,0.57735026919,0.57735026919));
#2387 = ORIENTED_EDGE('',*,*,#1622,.T.);
#2388 = ORIENTED_EDGE('',*,*,#2349,.T.);
#2389 = ORIENTED_EDGE('',*,*,#2390,.F.);
#2390 = EDGE_CURVE('',#2381,#2350,#2391,.T.);
#2391 = LINE('',#2392,#2393);
#2392 = CARTESIAN_POINT('',(-0.16,-5.4,8.54));
#2393 = VECTOR('',#2394,1.);
#2394 = DIRECTION('',(0.,1.,0.));
#2395 = PLANE('',#2396);
#2396 = AXIS2_PLACEMENT_3D('',#2397,#2398,#2399);
#2397 = CARTESIAN_POINT('',(-0.24,-5.4,8.46));
#2398 = DIRECTION('',(0.707106781187,1.735167508357E-18,-0.707106781187)
  );
#2399 = DIRECTION('',(-1.226948711654E-18,1.,1.226948711654E-18));
#2400 = ADVANCED_FACE('',(#2401),#2419,.F.);
#2401 = FACE_BOUND('',#2402,.T.);
#2402 = EDGE_LOOP('',(#2403,#2404,#2405,#2413));
#2403 = ORIENTED_EDGE('',*,*,#2380,.F.);
#2404 = ORIENTED_EDGE('',*,*,#1646,.T.);
#2405 = ORIENTED_EDGE('',*,*,#2406,.T.);
#2406 = EDGE_CURVE('',#1637,#2407,#2409,.T.);
#2407 = VERTEX_POINT('',#2408);
#2408 = CARTESIAN_POINT('',(0.16,-5.24,8.54));
#2409 = LINE('',#2410,#2411);
#2410 = CARTESIAN_POINT('',(0.16,-5.24,8.54));
#2411 = VECTOR('',#2412,1.);
#2412 = DIRECTION('',(-0.57735026919,0.57735026919,0.57735026919));
#2413 = ORIENTED_EDGE('',*,*,#2414,.F.);
#2414 = EDGE_CURVE('',#2381,#2407,#2415,.T.);
#2415 = LINE('',#2416,#2417);
#2416 = CARTESIAN_POINT('',(-0.32,-5.24,8.54));
#2417 = VECTOR('',#2418,1.);
#2418 = DIRECTION('',(1.,0.,0.));
#2419 = PLANE('',#2420);
#2420 = AXIS2_PLACEMENT_3D('',#2421,#2422,#2423);
#2421 = CARTESIAN_POINT('',(-0.32,-5.32,8.46));
#2422 = DIRECTION('',(-1.735167508357E-18,0.707106781187,-0.707106781187
    ));
#2423 = DIRECTION('',(-1.,-1.226948711654E-18,1.226948711654E-18));
#2424 = ADVANCED_FACE('',(#2425),#2436,.T.);
#2425 = FACE_BOUND('',#2426,.T.);
#2426 = EDGE_LOOP('',(#2427,#2428,#2429,#2430));
#2427 = ORIENTED_EDGE('',*,*,#2406,.F.);
#2428 = ORIENTED_EDGE('',*,*,#1663,.T.);
#2429 = ORIENTED_EDGE('',*,*,#2358,.T.);
#2430 = ORIENTED_EDGE('',*,*,#2431,.F.);
#2431 = EDGE_CURVE('',#2407,#2359,#2432,.T.);
#2432 = LINE('',#2433,#2434);
#2433 = CARTESIAN_POINT('',(0.16,-5.4,8.54));
#2434 = VECTOR('',#2435,1.);
#2435 = DIRECTION('',(0.,1.,0.));
#2436 = PLANE('',#2437);
#2437 = AXIS2_PLACEMENT_3D('',#2438,#2439,#2440);
#2438 = CARTESIAN_POINT('',(0.24,-5.4,8.46));
#2439 = DIRECTION('',(0.707106781187,-1.735167508357E-18,0.707106781187)
  );
#2440 = DIRECTION('',(1.226948711654E-18,1.,1.226948711654E-18));
#2441 = ADVANCED_FACE('',(#2442),#2467,.T.);
#2442 = FACE_BOUND('',#2443,.T.);
#2443 = EDGE_LOOP('',(#2444,#2452,#2453,#2461));
#2444 = ORIENTED_EDGE('',*,*,#2445,.F.);
#2445 = EDGE_CURVE('',#1678,#2446,#2448,.T.);
#2446 = VERTEX_POINT('',#2447);
#2447 = CARTESIAN_POINT('',(0.16,-7.78,8.54));
#2448 = LINE('',#2449,#2450);
#2449 = CARTESIAN_POINT('',(0.16,-7.78,8.54));
#2450 = VECTOR('',#2451,1.);
#2451 = DIRECTION('',(-0.57735026919,0.57735026919,0.57735026919));
#2452 = ORIENTED_EDGE('',*,*,#1694,.T.);
#2453 = ORIENTED_EDGE('',*,*,#2454,.T.);
#2454 = EDGE_CURVE('',#1687,#2455,#2457,.T.);
#2455 = VERTEX_POINT('',#2456);
#2456 = CARTESIAN_POINT('',(0.16,-7.46,8.54));
#2457 = LINE('',#2458,#2459);
#2458 = CARTESIAN_POINT('',(5.333333333333E-02,-7.566666666667,
    8.646666666667));
#2459 = VECTOR('',#2460,1.);
#2460 = DIRECTION('',(-0.57735026919,-0.57735026919,0.57735026919));
#2461 = ORIENTED_EDGE('',*,*,#2462,.F.);
#2462 = EDGE_CURVE('',#2446,#2455,#2463,.T.);
#2463 = LINE('',#2464,#2465);
#2464 = CARTESIAN_POINT('',(0.16,-7.94,8.54));
#2465 = VECTOR('',#2466,1.);
#2466 = DIRECTION('',(0.,1.,0.));
#2467 = PLANE('',#2468);
#2468 = AXIS2_PLACEMENT_3D('',#2469,#2470,#2471);
#2469 = CARTESIAN_POINT('',(0.24,-7.94,8.46));
#2470 = DIRECTION('',(0.707106781187,-1.735167508357E-18,0.707106781187)
  );
#2471 = DIRECTION('',(1.226948711654E-18,1.,1.226948711654E-18));
#2472 = ADVANCED_FACE('',(#2473),#2491,.T.);
#2473 = FACE_BOUND('',#2474,.F.);
#2474 = EDGE_LOOP('',(#2475,#2483,#2484,#2485));
#2475 = ORIENTED_EDGE('',*,*,#2476,.F.);
#2476 = EDGE_CURVE('',#1711,#2477,#2479,.T.);
#2477 = VERTEX_POINT('',#2478);
#2478 = CARTESIAN_POINT('',(-0.16,-7.46,8.54));
#2479 = LINE('',#2480,#2481);
#2480 = CARTESIAN_POINT('',(-0.16,-7.46,8.54));
#2481 = VECTOR('',#2482,1.);
#2482 = DIRECTION('',(0.57735026919,-0.57735026919,0.57735026919));
#2483 = ORIENTED_EDGE('',*,*,#1718,.T.);
#2484 = ORIENTED_EDGE('',*,*,#2454,.T.);
#2485 = ORIENTED_EDGE('',*,*,#2486,.F.);
#2486 = EDGE_CURVE('',#2477,#2455,#2487,.T.);
#2487 = LINE('',#2488,#2489);
#2488 = CARTESIAN_POINT('',(-0.32,-7.46,8.54));
#2489 = VECTOR('',#2490,1.);
#2490 = DIRECTION('',(1.,0.,0.));
#2491 = PLANE('',#2492);
#2492 = AXIS2_PLACEMENT_3D('',#2493,#2494,#2495);
#2493 = CARTESIAN_POINT('',(-0.32,-7.38,8.46));
#2494 = DIRECTION('',(1.735167508357E-18,0.707106781187,0.707106781187)
  );
#2495 = DIRECTION('',(-1.,1.226948711654E-18,1.226948711654E-18));
#2496 = ADVANCED_FACE('',(#2497),#2515,.F.);
#2497 = FACE_BOUND('',#2498,.F.);
#2498 = EDGE_LOOP('',(#2499,#2507,#2508,#2509));
#2499 = ORIENTED_EDGE('',*,*,#2500,.F.);
#2500 = EDGE_CURVE('',#1733,#2501,#2503,.T.);
#2501 = VERTEX_POINT('',#2502);
#2502 = CARTESIAN_POINT('',(-0.16,-7.78,8.54));
#2503 = LINE('',#2504,#2505);
#2504 = CARTESIAN_POINT('',(-0.266666666667,-7.886666666667,
    8.433333333333));
#2505 = VECTOR('',#2506,1.);
#2506 = DIRECTION('',(0.57735026919,0.57735026919,0.57735026919));
#2507 = ORIENTED_EDGE('',*,*,#1742,.T.);
#2508 = ORIENTED_EDGE('',*,*,#2476,.T.);
#2509 = ORIENTED_EDGE('',*,*,#2510,.F.);
#2510 = EDGE_CURVE('',#2501,#2477,#2511,.T.);
#2511 = LINE('',#2512,#2513);
#2512 = CARTESIAN_POINT('',(-0.16,-7.94,8.54));
#2513 = VECTOR('',#2514,1.);
#2514 = DIRECTION('',(0.,1.,0.));
#2515 = PLANE('',#2516);
#2516 = AXIS2_PLACEMENT_3D('',#2517,#2518,#2519);
#2517 = CARTESIAN_POINT('',(-0.24,-7.94,8.46));
#2518 = DIRECTION('',(0.707106781187,1.735167508357E-18,-0.707106781187)
  );
#2519 = DIRECTION('',(-1.226948711654E-18,1.,1.226948711654E-18));
#2520 = ADVANCED_FACE('',(#2521),#2532,.F.);
#2521 = FACE_BOUND('',#2522,.T.);
#2522 = EDGE_LOOP('',(#2523,#2524,#2525,#2526));
#2523 = ORIENTED_EDGE('',*,*,#2500,.F.);
#2524 = ORIENTED_EDGE('',*,*,#1759,.T.);
#2525 = ORIENTED_EDGE('',*,*,#2445,.T.);
#2526 = ORIENTED_EDGE('',*,*,#2527,.F.);
#2527 = EDGE_CURVE('',#2501,#2446,#2528,.T.);
#2528 = LINE('',#2529,#2530);
#2529 = CARTESIAN_POINT('',(-0.32,-7.78,8.54));
#2530 = VECTOR('',#2531,1.);
#2531 = DIRECTION('',(1.,0.,0.));
#2532 = PLANE('',#2533);
#2533 = AXIS2_PLACEMENT_3D('',#2534,#2535,#2536);
#2534 = CARTESIAN_POINT('',(-0.32,-7.86,8.46));
#2535 = DIRECTION('',(-1.735167508357E-18,0.707106781187,-0.707106781187
    ));
#2536 = DIRECTION('',(-1.,-1.226948711654E-18,1.226948711654E-18));
#2537 = ADVANCED_FACE('',(#2538),#2563,.T.);
#2538 = FACE_BOUND('',#2539,.T.);
#2539 = EDGE_LOOP('',(#2540,#2548,#2549,#2557));
#2540 = ORIENTED_EDGE('',*,*,#2541,.F.);
#2541 = EDGE_CURVE('',#1774,#2542,#2544,.T.);
#2542 = VERTEX_POINT('',#2543);
#2543 = CARTESIAN_POINT('',(0.16,-0.16,8.54));
#2544 = LINE('',#2545,#2546);
#2545 = CARTESIAN_POINT('',(0.16,-0.16,8.54));
#2546 = VECTOR('',#2547,1.);
#2547 = DIRECTION('',(-0.57735026919,0.57735026919,0.57735026919));
#2548 = ORIENTED_EDGE('',*,*,#1790,.T.);
#2549 = ORIENTED_EDGE('',*,*,#2550,.T.);
#2550 = EDGE_CURVE('',#1783,#2551,#2553,.T.);
#2551 = VERTEX_POINT('',#2552);
#2552 = CARTESIAN_POINT('',(0.16,0.16,8.54));
#2553 = LINE('',#2554,#2555);
#2554 = CARTESIAN_POINT('',(5.333333333333E-02,5.333333333333E-02,
    8.646666666667));
#2555 = VECTOR('',#2556,1.);
#2556 = DIRECTION('',(-0.57735026919,-0.57735026919,0.57735026919));
#2557 = ORIENTED_EDGE('',*,*,#2558,.F.);
#2558 = EDGE_CURVE('',#2542,#2551,#2559,.T.);
#2559 = LINE('',#2560,#2561);
#2560 = CARTESIAN_POINT('',(0.16,-0.32,8.54));
#2561 = VECTOR('',#2562,1.);
#2562 = DIRECTION('',(0.,1.,0.));
#2563 = PLANE('',#2564);
#2564 = AXIS2_PLACEMENT_3D('',#2565,#2566,#2567);
#2565 = CARTESIAN_POINT('',(0.24,-0.32,8.46));
#2566 = DIRECTION('',(0.707106781187,-1.735167508357E-18,0.707106781187)
  );
#2567 = DIRECTION('',(1.226948711654E-18,1.,1.226948711654E-18));
#2568 = ADVANCED_FACE('',(#2569),#2587,.T.);
#2569 = FACE_BOUND('',#2570,.F.);
#2570 = EDGE_LOOP('',(#2571,#2579,#2580,#2581));
#2571 = ORIENTED_EDGE('',*,*,#2572,.F.);
#2572 = EDGE_CURVE('',#1807,#2573,#2575,.T.);
#2573 = VERTEX_POINT('',#2574);
#2574 = CARTESIAN_POINT('',(-0.16,0.16,8.54));
#2575 = LINE('',#2576,#2577);
#2576 = CARTESIAN_POINT('',(-0.16,0.16,8.54));
#2577 = VECTOR('',#2578,1.);
#2578 = DIRECTION('',(0.57735026919,-0.57735026919,0.57735026919));
#2579 = ORIENTED_EDGE('',*,*,#1814,.T.);
#2580 = ORIENTED_EDGE('',*,*,#2550,.T.);
#2581 = ORIENTED_EDGE('',*,*,#2582,.F.);
#2582 = EDGE_CURVE('',#2573,#2551,#2583,.T.);
#2583 = LINE('',#2584,#2585);
#2584 = CARTESIAN_POINT('',(-0.32,0.16,8.54));
#2585 = VECTOR('',#2586,1.);
#2586 = DIRECTION('',(1.,0.,0.));
#2587 = PLANE('',#2588);
#2588 = AXIS2_PLACEMENT_3D('',#2589,#2590,#2591);
#2589 = CARTESIAN_POINT('',(-0.32,0.24,8.46));
#2590 = DIRECTION('',(1.735167508357E-18,0.707106781187,0.707106781187)
  );
#2591 = DIRECTION('',(-1.,1.226948711654E-18,1.226948711654E-18));
#2592 = ADVANCED_FACE('',(#2593),#2611,.F.);
#2593 = FACE_BOUND('',#2594,.F.);
#2594 = EDGE_LOOP('',(#2595,#2603,#2604,#2605));
#2595 = ORIENTED_EDGE('',*,*,#2596,.F.);
#2596 = EDGE_CURVE('',#1829,#2597,#2599,.T.);
#2597 = VERTEX_POINT('',#2598);
#2598 = CARTESIAN_POINT('',(-0.16,-0.16,8.54));
#2599 = LINE('',#2600,#2601);
#2600 = CARTESIAN_POINT('',(-0.266666666667,-0.266666666667,
    8.433333333333));
#2601 = VECTOR('',#2602,1.);
#2602 = DIRECTION('',(0.57735026919,0.57735026919,0.57735026919));
#2603 = ORIENTED_EDGE('',*,*,#1838,.T.);
#2604 = ORIENTED_EDGE('',*,*,#2572,.T.);
#2605 = ORIENTED_EDGE('',*,*,#2606,.F.);
#2606 = EDGE_CURVE('',#2597,#2573,#2607,.T.);
#2607 = LINE('',#2608,#2609);
#2608 = CARTESIAN_POINT('',(-0.16,-0.32,8.54));
#2609 = VECTOR('',#2610,1.);
#2610 = DIRECTION('',(0.,1.,0.));
#2611 = PLANE('',#2612);
#2612 = AXIS2_PLACEMENT_3D('',#2613,#2614,#2615);
#2613 = CARTESIAN_POINT('',(-0.24,-0.32,8.46));
#2614 = DIRECTION('',(0.707106781187,1.735167508357E-18,-0.707106781187)
  );
#2615 = DIRECTION('',(-1.226948711654E-18,1.,1.226948711654E-18));
#2616 = ADVANCED_FACE('',(#2617),#2628,.F.);
#2617 = FACE_BOUND('',#2618,.T.);
#2618 = EDGE_LOOP('',(#2619,#2620,#2621,#2622));
#2619 = ORIENTED_EDGE('',*,*,#2596,.F.);
#2620 = ORIENTED_EDGE('',*,*,#1855,.T.);
#2621 = ORIENTED_EDGE('',*,*,#2541,.T.);
#2622 = ORIENTED_EDGE('',*,*,#2623,.F.);
#2623 = EDGE_CURVE('',#2597,#2542,#2624,.T.);
#2624 = LINE('',#2625,#2626);
#2625 = CARTESIAN_POINT('',(-0.32,-0.16,8.54));
#2626 = VECTOR('',#2627,1.);
#2627 = DIRECTION('',(1.,0.,0.));
#2628 = PLANE('',#2629);
#2629 = AXIS2_PLACEMENT_3D('',#2630,#2631,#2632);
#2630 = CARTESIAN_POINT('',(-0.32,-0.24,8.46));
#2631 = DIRECTION('',(-1.735167508357E-18,0.707106781187,-0.707106781187
    ));
#2632 = DIRECTION('',(-1.,-1.226948711654E-18,1.226948711654E-18));
#2633 = ADVANCED_FACE('',(#2634),#2659,.T.);
#2634 = FACE_BOUND('',#2635,.F.);
#2635 = EDGE_LOOP('',(#2636,#2644,#2645,#2653));
#2636 = ORIENTED_EDGE('',*,*,#2637,.F.);
#2637 = EDGE_CURVE('',#1879,#2638,#2640,.T.);
#2638 = VERTEX_POINT('',#2639);
#2639 = CARTESIAN_POINT('',(-0.16,-2.38,8.54));
#2640 = LINE('',#2641,#2642);
#2641 = CARTESIAN_POINT('',(-0.16,-2.38,8.54));
#2642 = VECTOR('',#2643,1.);
#2643 = DIRECTION('',(0.57735026919,-0.57735026919,0.57735026919));
#2644 = ORIENTED_EDGE('',*,*,#1886,.T.);
#2645 = ORIENTED_EDGE('',*,*,#2646,.T.);
#2646 = EDGE_CURVE('',#1870,#2647,#2649,.T.);
#2647 = VERTEX_POINT('',#2648);
#2648 = CARTESIAN_POINT('',(0.16,-2.38,8.54));
#2649 = LINE('',#2650,#2651);
#2650 = CARTESIAN_POINT('',(5.333333333333E-02,-2.486666666667,
    8.646666666667));
#2651 = VECTOR('',#2652,1.);
#2652 = DIRECTION('',(-0.57735026919,-0.57735026919,0.57735026919));
#2653 = ORIENTED_EDGE('',*,*,#2654,.F.);
#2654 = EDGE_CURVE('',#2638,#2647,#2655,.T.);
#2655 = LINE('',#2656,#2657);
#2656 = CARTESIAN_POINT('',(-0.32,-2.38,8.54));
#2657 = VECTOR('',#2658,1.);
#2658 = DIRECTION('',(1.,0.,0.));
#2659 = PLANE('',#2660);
#2660 = AXIS2_PLACEMENT_3D('',#2661,#2662,#2663);
#2661 = CARTESIAN_POINT('',(-0.32,-2.3,8.46));
#2662 = DIRECTION('',(1.735167508357E-18,0.707106781187,0.707106781187)
  );
#2663 = DIRECTION('',(-1.,1.226948711654E-18,1.226948711654E-18));
#2664 = ADVANCED_FACE('',(#2665),#2683,.F.);
#2665 = FACE_BOUND('',#2666,.F.);
#2666 = EDGE_LOOP('',(#2667,#2675,#2676,#2677));
#2667 = ORIENTED_EDGE('',*,*,#2668,.F.);
#2668 = EDGE_CURVE('',#1901,#2669,#2671,.T.);
#2669 = VERTEX_POINT('',#2670);
#2670 = CARTESIAN_POINT('',(-0.16,-2.7,8.54));
#2671 = LINE('',#2672,#2673);
#2672 = CARTESIAN_POINT('',(-0.266666666667,-2.806666666667,
    8.433333333333));
#2673 = VECTOR('',#2674,1.);
#2674 = DIRECTION('',(0.57735026919,0.57735026919,0.57735026919));
#2675 = ORIENTED_EDGE('',*,*,#1910,.T.);
#2676 = ORIENTED_EDGE('',*,*,#2637,.T.);
#2677 = ORIENTED_EDGE('',*,*,#2678,.F.);
#2678 = EDGE_CURVE('',#2669,#2638,#2679,.T.);
#2679 = LINE('',#2680,#2681);
#2680 = CARTESIAN_POINT('',(-0.16,-2.86,8.54));
#2681 = VECTOR('',#2682,1.);
#2682 = DIRECTION('',(0.,1.,0.));
#2683 = PLANE('',#2684);
#2684 = AXIS2_PLACEMENT_3D('',#2685,#2686,#2687);
#2685 = CARTESIAN_POINT('',(-0.24,-2.86,8.46));
#2686 = DIRECTION('',(0.707106781187,1.735167508357E-18,-0.707106781187)
  );
#2687 = DIRECTION('',(-1.226948711654E-18,1.,1.226948711654E-18));
#2688 = ADVANCED_FACE('',(#2689),#2707,.F.);
#2689 = FACE_BOUND('',#2690,.T.);
#2690 = EDGE_LOOP('',(#2691,#2692,#2693,#2701));
#2691 = ORIENTED_EDGE('',*,*,#2668,.F.);
#2692 = ORIENTED_EDGE('',*,*,#1934,.T.);
#2693 = ORIENTED_EDGE('',*,*,#2694,.T.);
#2694 = EDGE_CURVE('',#1925,#2695,#2697,.T.);
#2695 = VERTEX_POINT('',#2696);
#2696 = CARTESIAN_POINT('',(0.16,-2.7,8.54));
#2697 = LINE('',#2698,#2699);
#2698 = CARTESIAN_POINT('',(0.16,-2.7,8.54));
#2699 = VECTOR('',#2700,1.);
#2700 = DIRECTION('',(-0.57735026919,0.57735026919,0.57735026919));
#2701 = ORIENTED_EDGE('',*,*,#2702,.F.);
#2702 = EDGE_CURVE('',#2669,#2695,#2703,.T.);
#2703 = LINE('',#2704,#2705);
#2704 = CARTESIAN_POINT('',(-0.32,-2.7,8.54));
#2705 = VECTOR('',#2706,1.);
#2706 = DIRECTION('',(1.,0.,0.));
#2707 = PLANE('',#2708);
#2708 = AXIS2_PLACEMENT_3D('',#2709,#2710,#2711);
#2709 = CARTESIAN_POINT('',(-0.32,-2.78,8.46));
#2710 = DIRECTION('',(-1.735167508357E-18,0.707106781187,-0.707106781187
    ));
#2711 = DIRECTION('',(-1.,-1.226948711654E-18,1.226948711654E-18));
#2712 = ADVANCED_FACE('',(#2713),#2724,.T.);
#2713 = FACE_BOUND('',#2714,.T.);
#2714 = EDGE_LOOP('',(#2715,#2716,#2717,#2718));
#2715 = ORIENTED_EDGE('',*,*,#2694,.F.);
#2716 = ORIENTED_EDGE('',*,*,#1951,.T.);
#2717 = ORIENTED_EDGE('',*,*,#2646,.T.);
#2718 = ORIENTED_EDGE('',*,*,#2719,.F.);
#2719 = EDGE_CURVE('',#2695,#2647,#2720,.T.);
#2720 = LINE('',#2721,#2722);
#2721 = CARTESIAN_POINT('',(0.16,-2.86,8.54));
#2722 = VECTOR('',#2723,1.);
#2723 = DIRECTION('',(0.,1.,0.));
#2724 = PLANE('',#2725);
#2725 = AXIS2_PLACEMENT_3D('',#2726,#2727,#2728);
#2726 = CARTESIAN_POINT('',(0.24,-2.86,8.46));
#2727 = DIRECTION('',(0.707106781187,-1.735167508357E-18,0.707106781187)
  );
#2728 = DIRECTION('',(1.226948711654E-18,1.,1.226948711654E-18));
#2729 = ADVANCED_FACE('',(#2730),#2736,.F.);
#2730 = FACE_BOUND('',#2731,.F.);
#2731 = EDGE_LOOP('',(#2732,#2733,#2734,#2735));
#2732 = ORIENTED_EDGE('',*,*,#2047,.T.);
#2733 = ORIENTED_EDGE('',*,*,#1982,.F.);
#2734 = ORIENTED_EDGE('',*,*,#2006,.F.);
#2735 = ORIENTED_EDGE('',*,*,#2030,.T.);
#2736 = PLANE('',#2737);
#2737 = AXIS2_PLACEMENT_3D('',#2738,#2739,#2740);
#2738 = CARTESIAN_POINT('',(-0.32,-5.4,-3.));
#2739 = DIRECTION('',(0.,0.,1.));
#2740 = DIRECTION('',(1.,0.,-0.));
#2741 = ADVANCED_FACE('',(#2742),#2748,.F.);
#2742 = FACE_BOUND('',#2743,.F.);
#2743 = EDGE_LOOP('',(#2744,#2745,#2746,#2747));
#2744 = ORIENTED_EDGE('',*,*,#2078,.T.);
#2745 = ORIENTED_EDGE('',*,*,#2102,.F.);
#2746 = ORIENTED_EDGE('',*,*,#2126,.F.);
#2747 = ORIENTED_EDGE('',*,*,#2143,.T.);
#2748 = PLANE('',#2749);
#2749 = AXIS2_PLACEMENT_3D('',#2750,#2751,#2752);
#2750 = CARTESIAN_POINT('',(-0.32,-7.94,-3.));
#2751 = DIRECTION('',(0.,0.,1.));
#2752 = DIRECTION('',(1.,0.,-0.));
#2753 = ADVANCED_FACE('',(#2754),#2760,.F.);
#2754 = FACE_BOUND('',#2755,.F.);
#2755 = EDGE_LOOP('',(#2756,#2757,#2758,#2759));
#2756 = ORIENTED_EDGE('',*,*,#2174,.T.);
#2757 = ORIENTED_EDGE('',*,*,#2198,.F.);
#2758 = ORIENTED_EDGE('',*,*,#2222,.F.);
#2759 = ORIENTED_EDGE('',*,*,#2239,.T.);
#2760 = PLANE('',#2761);
#2761 = AXIS2_PLACEMENT_3D('',#2762,#2763,#2764);
#2762 = CARTESIAN_POINT('',(-0.32,-0.32,-3.));
#2763 = DIRECTION('',(0.,0.,1.));
#2764 = DIRECTION('',(1.,0.,-0.));
#2765 = ADVANCED_FACE('',(#2766),#2772,.F.);
#2766 = FACE_BOUND('',#2767,.F.);
#2767 = EDGE_LOOP('',(#2768,#2769,#2770,#2771));
#2768 = ORIENTED_EDGE('',*,*,#2335,.T.);
#2769 = ORIENTED_EDGE('',*,*,#2270,.F.);
#2770 = ORIENTED_EDGE('',*,*,#2294,.F.);
#2771 = ORIENTED_EDGE('',*,*,#2318,.T.);
#2772 = PLANE('',#2773);
#2773 = AXIS2_PLACEMENT_3D('',#2774,#2775,#2776);
#2774 = CARTESIAN_POINT('',(-0.32,-2.86,-3.));
#2775 = DIRECTION('',(0.,0.,1.));
#2776 = DIRECTION('',(1.,0.,-0.));
#2777 = ADVANCED_FACE('',(#2778),#2784,.T.);
#2778 = FACE_BOUND('',#2779,.T.);
#2779 = EDGE_LOOP('',(#2780,#2781,#2782,#2783));
#2780 = ORIENTED_EDGE('',*,*,#2431,.T.);
#2781 = ORIENTED_EDGE('',*,*,#2366,.F.);
#2782 = ORIENTED_EDGE('',*,*,#2390,.F.);
#2783 = ORIENTED_EDGE('',*,*,#2414,.T.);
#2784 = PLANE('',#2785);
#2785 = AXIS2_PLACEMENT_3D('',#2786,#2787,#2788);
#2786 = CARTESIAN_POINT('',(-0.32,-5.4,8.54));
#2787 = DIRECTION('',(0.,0.,1.));
#2788 = DIRECTION('',(1.,0.,-0.));
#2789 = ADVANCED_FACE('',(#2790),#2796,.T.);
#2790 = FACE_BOUND('',#2791,.T.);
#2791 = EDGE_LOOP('',(#2792,#2793,#2794,#2795));
#2792 = ORIENTED_EDGE('',*,*,#2462,.T.);
#2793 = ORIENTED_EDGE('',*,*,#2486,.F.);
#2794 = ORIENTED_EDGE('',*,*,#2510,.F.);
#2795 = ORIENTED_EDGE('',*,*,#2527,.T.);
#2796 = PLANE('',#2797);
#2797 = AXIS2_PLACEMENT_3D('',#2798,#2799,#2800);
#2798 = CARTESIAN_POINT('',(-0.32,-7.94,8.54));
#2799 = DIRECTION('',(0.,0.,1.));
#2800 = DIRECTION('',(1.,0.,-0.));
#2801 = ADVANCED_FACE('',(#2802),#2808,.T.);
#2802 = FACE_BOUND('',#2803,.T.);
#2803 = EDGE_LOOP('',(#2804,#2805,#2806,#2807));
#2804 = ORIENTED_EDGE('',*,*,#2558,.T.);
#2805 = ORIENTED_EDGE('',*,*,#2582,.F.);
#2806 = ORIENTED_EDGE('',*,*,#2606,.F.);
#2807 = ORIENTED_EDGE('',*,*,#2623,.T.);
#2808 = PLANE('',#2809);
#2809 = AXIS2_PLACEMENT_3D('',#2810,#2811,#2812);
#2810 = CARTESIAN_POINT('',(-0.32,-0.32,8.54));
#2811 = DIRECTION('',(0.,0.,1.));
#2812 = DIRECTION('',(1.,0.,-0.));
#2813 = ADVANCED_FACE('',(#2814),#2820,.T.);
#2814 = FACE_BOUND('',#2815,.T.);
#2815 = EDGE_LOOP('',(#2816,#2817,#2818,#2819));
#2816 = ORIENTED_EDGE('',*,*,#2719,.T.);
#2817 = ORIENTED_EDGE('',*,*,#2654,.F.);
#2818 = ORIENTED_EDGE('',*,*,#2678,.F.);
#2819 = ORIENTED_EDGE('',*,*,#2702,.T.);
#2820 = PLANE('',#2821);
#2821 = AXIS2_PLACEMENT_3D('',#2822,#2823,#2824);
#2822 = CARTESIAN_POINT('',(-0.32,-2.86,8.54));
#2823 = DIRECTION('',(0.,0.,1.));
#2824 = DIRECTION('',(1.,0.,-0.));
#2825 = ( GEOMETRIC_REPRESENTATION_CONTEXT(3) 
GLOBAL_UNCERTAINTY_ASSIGNED_CONTEXT((#2829)) 
GLOBAL_UNIT_ASSIGNED_CONTEXT((#2826,#2827,#2828)) REPRESENTATION_CONTEXT
('Context #1','3D Context with UNIT and UNCERTAINTY') );
#2826 = ( LENGTH_UNIT() NAMED_UNIT(*) SI_UNIT(.MILLI.,.METRE.) );
#2827 = ( NAMED_UNIT(*) PLANE_ANGLE_UNIT() SI_UNIT($,.RADIAN.) );
#2828 = ( NAMED_UNIT(*) SI_UNIT($,.STERADIAN.) SOLID_ANGLE_UNIT() );
#2829 = UNCERTAINTY_MEASURE_WITH_UNIT(LENGTH_MEASURE(1.E-07),#2826,
  'distance_accuracy_value','confusion accuracy');
#2830 = CONTEXT_DEPENDENT_SHAPE_REPRESENTATION(#2831,#2833);
#2831 = ( REPRESENTATION_RELATIONSHIP('','',#44,#10) 
REPRESENTATION_RELATIONSHIP_WITH_TRANSFORMATION(#2832) 
SHAPE_REPRESENTATION_RELATIONSHIP() );
#2832 = ITEM_DEFINED_TRANSFORMATION('','',#11,#15);
#2833 = PRODUCT_DEFINITION_SHAPE('Placement','Placement of an item',
  #2834);
#2834 = NEXT_ASSEMBLY_USAGE_OCCURRENCE('1','J1','',#5,#39,$);
#2835 = PRODUCT_RELATED_PRODUCT_CATEGORY('part',$,(#41));
#2836 = CONTEXT_DEPENDENT_SHAPE_REPRESENTATION(#2837,#2839);
#2837 = ( REPRESENTATION_RELATIONSHIP('','',#44,#10) 
REPRESENTATION_RELATIONSHIP_WITH_TRANSFORMATION(#2838) 
SHAPE_REPRESENTATION_RELATIONSHIP() );
#2838 = ITEM_DEFINED_TRANSFORMATION('','',#11,#19);
#2839 = PRODUCT_DEFINITION_SHAPE('Placement','Placement of an item',
  #2840);
#2840 = NEXT_ASSEMBLY_USAGE_OCCURRENCE('2','J2','',#5,#39,$);
#2841 = SHAPE_DEFINITION_REPRESENTATION(#2842,#2848);
#2842 = PRODUCT_DEFINITION_SHAPE('','',#2843);
#2843 = PRODUCT_DEFINITION('design','',#2844,#2847);
#2844 = PRODUCT_DEFINITION_FORMATION('','',#2845);
#2845 = PRODUCT('009159008801906','009159008801906','',(#2846));
#2846 = PRODUCT_CONTEXT('',#2,'mechanical');
#2847 = PRODUCT_DEFINITION_CONTEXT('part definition',#2,'design');
#2848 = SHAPE_REPRESENTATION('',(#11,#2849,#2853),#2857);
#2849 = AXIS2_PLACEMENT_3D('',#2850,#2851,#2852);
#2850 = CARTESIAN_POINT('',(0.,0.,0.1));
#2851 = DIRECTION('',(0.,0.,1.));
#2852 = DIRECTION('',(1.,0.,0.));
#2853 = AXIS2_PLACEMENT_3D('',#2854,#2855,#2856);
#2854 = CARTESIAN_POINT('',(0.,0.,0.));
#2855 = DIRECTION('',(0.,0.,1.));
#2856 = DIRECTION('',(1.,0.,0.));
#2857 = ( GEOMETRIC_REPRESENTATION_CONTEXT(3) 
GLOBAL_UNCERTAINTY_ASSIGNED_CONTEXT((#2861)) 
GLOBAL_UNIT_ASSIGNED_CONTEXT((#2858,#2859,#2860)) REPRESENTATION_CONTEXT
('Context #1','3D Context with UNIT and UNCERTAINTY') );
#2858 = ( LENGTH_UNIT() NAMED_UNIT(*) SI_UNIT(.MILLI.,.METRE.) );
#2859 = ( NAMED_UNIT(*) PLANE_ANGLE_UNIT() SI_UNIT($,.RADIAN.) );
#2860 = ( NAMED_UNIT(*) SI_UNIT($,.STERADIAN.) SOLID_ANGLE_UNIT() );
#2861 = UNCERTAINTY_MEASURE_WITH_UNIT(LENGTH_MEASURE(1.E-07),#2858,
  'distance_accuracy_value','confusion accuracy');
#2862 = CONTEXT_DEPENDENT_SHAPE_REPRESENTATION(#2863,#2865);
#2863 = ( REPRESENTATION_RELATIONSHIP('','',#2848,#10) 
REPRESENTATION_RELATIONSHIP_WITH_TRANSFORMATION(#2864) 
SHAPE_REPRESENTATION_RELATIONSHIP() );
#2864 = ITEM_DEFINED_TRANSFORMATION('','',#11,#23);
#2865 = PRODUCT_DEFINITION_SHAPE('Placement','Placement of an item',
  #2866);
#2866 = NEXT_ASSEMBLY_USAGE_OCCURRENCE('5','J7','',#5,#2843,$);
#2867 = PRODUCT_RELATED_PRODUCT_CATEGORY('part',$,(#2845));
#2868 = SHAPE_DEFINITION_REPRESENTATION(#2869,#2875);
#2869 = PRODUCT_DEFINITION_SHAPE('','',#2870);
#2870 = PRODUCT_DEFINITION('design','',#2871,#2874);
#2871 = PRODUCT_DEFINITION_FORMATION('','',#2872);
#2872 = PRODUCT('Body','Body','',(#2873));
#2873 = PRODUCT_CONTEXT('',#2,'mechanical');
#2874 = PRODUCT_DEFINITION_CONTEXT('part definition',#2,'design');
#2875 = ADVANCED_BREP_SHAPE_REPRESENTATION('',(#11,#2876),#3766);
#2876 = MANIFOLD_SOLID_BREP('',#2877);
#2877 = CLOSED_SHELL('',(#2878,#2918,#2949,#2980,#3002,#3033,#3057,#3139
    ,#3170,#3208,#3230,#3247,#3264,#3346,#3378,#3425,#3450,#3482,#3499,
    #3531,#3571,#3588,#3625,#3662,#3674,#3691,#3708,#3725,#3742,#3754));
#2878 = ADVANCED_FACE('',(#2879),#2913,.T.);
#2879 = FACE_BOUND('',#2880,.T.);
#2880 = EDGE_LOOP('',(#2881,#2891,#2899,#2907));
#2881 = ORIENTED_EDGE('',*,*,#2882,.T.);
#2882 = EDGE_CURVE('',#2883,#2885,#2887,.T.);
#2883 = VERTEX_POINT('',#2884);
#2884 = CARTESIAN_POINT('',(-2.45,1.2,-1.3));
#2885 = VERTEX_POINT('',#2886);
#2886 = CARTESIAN_POINT('',(2.45,1.2,-1.3));
#2887 = LINE('',#2888,#2889);
#2888 = CARTESIAN_POINT('',(-1.125,1.2,-1.3));
#2889 = VECTOR('',#2890,1.);
#2890 = DIRECTION('',(1.,0.,0.));
#2891 = ORIENTED_EDGE('',*,*,#2892,.T.);
#2892 = EDGE_CURVE('',#2885,#2893,#2895,.T.);
#2893 = VERTEX_POINT('',#2894);
#2894 = CARTESIAN_POINT('',(2.25,1.,-1.1));
#2895 = LINE('',#2896,#2897);
#2896 = CARTESIAN_POINT('',(2.45,1.2,-1.3));
#2897 = VECTOR('',#2898,1.);
#2898 = DIRECTION('',(-0.57735026919,-0.57735026919,0.57735026919));
#2899 = ORIENTED_EDGE('',*,*,#2900,.T.);
#2900 = EDGE_CURVE('',#2893,#2901,#2903,.T.);
#2901 = VERTEX_POINT('',#2902);
#2902 = CARTESIAN_POINT('',(-2.25,1.,-1.1));
#2903 = LINE('',#2904,#2905);
#2904 = CARTESIAN_POINT('',(-1.125,1.,-1.1));
#2905 = VECTOR('',#2906,1.);
#2906 = DIRECTION('',(-1.,0.,0.));
#2907 = ORIENTED_EDGE('',*,*,#2908,.F.);
#2908 = EDGE_CURVE('',#2883,#2901,#2909,.T.);
#2909 = LINE('',#2910,#2911);
#2910 = CARTESIAN_POINT('',(-2.45,1.2,-1.3));
#2911 = VECTOR('',#2912,1.);
#2912 = DIRECTION('',(0.57735026919,-0.57735026919,0.57735026919));
#2913 = PLANE('',#2914);
#2914 = AXIS2_PLACEMENT_3D('',#2915,#2916,#2917);
#2915 = CARTESIAN_POINT('',(-1.125,1.1,-1.2));
#2916 = DIRECTION('',(0.,-0.707106781187,-0.707106781187));
#2917 = DIRECTION('',(-1.,-0.,0.));
#2918 = ADVANCED_FACE('',(#2919),#2944,.T.);
#2919 = FACE_BOUND('',#2920,.T.);
#2920 = EDGE_LOOP('',(#2921,#2929,#2937,#2943));
#2921 = ORIENTED_EDGE('',*,*,#2922,.T.);
#2922 = EDGE_CURVE('',#2885,#2923,#2925,.T.);
#2923 = VERTEX_POINT('',#2924);
#2924 = CARTESIAN_POINT('',(2.45,-1.2,-1.3));
#2925 = LINE('',#2926,#2927);
#2926 = CARTESIAN_POINT('',(2.45,0.5,-1.3));
#2927 = VECTOR('',#2928,1.);
#2928 = DIRECTION('',(-1.387778780781E-16,-1.,0.));
#2929 = ORIENTED_EDGE('',*,*,#2930,.T.);
#2930 = EDGE_CURVE('',#2923,#2931,#2933,.T.);
#2931 = VERTEX_POINT('',#2932);
#2932 = CARTESIAN_POINT('',(2.25,-1.,-1.1));
#2933 = LINE('',#2934,#2935);
#2934 = CARTESIAN_POINT('',(2.45,-1.2,-1.3));
#2935 = VECTOR('',#2936,1.);
#2936 = DIRECTION('',(-0.57735026919,0.57735026919,0.57735026919));
#2937 = ORIENTED_EDGE('',*,*,#2938,.T.);
#2938 = EDGE_CURVE('',#2931,#2893,#2939,.T.);
#2939 = LINE('',#2940,#2941);
#2940 = CARTESIAN_POINT('',(2.25,0.5,-1.1));
#2941 = VECTOR('',#2942,1.);
#2942 = DIRECTION('',(1.387778780781E-16,1.,0.));
#2943 = ORIENTED_EDGE('',*,*,#2892,.F.);
#2944 = PLANE('',#2945);
#2945 = AXIS2_PLACEMENT_3D('',#2946,#2947,#2948);
#2946 = CARTESIAN_POINT('',(2.35,0.5,-1.2));
#2947 = DIRECTION('',(-0.707106781187,9.813077866774E-17,-0.707106781187
    ));
#2948 = DIRECTION('',(-0.707106781187,0.,0.707106781187));
#2949 = ADVANCED_FACE('',(#2950),#2975,.T.);
#2950 = FACE_BOUND('',#2951,.T.);
#2951 = EDGE_LOOP('',(#2952,#2960,#2968,#2974));
#2952 = ORIENTED_EDGE('',*,*,#2953,.T.);
#2953 = EDGE_CURVE('',#2923,#2954,#2956,.T.);
#2954 = VERTEX_POINT('',#2955);
#2955 = CARTESIAN_POINT('',(-2.45,-1.2,-1.3));
#2956 = LINE('',#2957,#2958);
#2957 = CARTESIAN_POINT('',(1.125,-1.2,-1.3));
#2958 = VECTOR('',#2959,1.);
#2959 = DIRECTION('',(-1.,0.,0.));
#2960 = ORIENTED_EDGE('',*,*,#2961,.T.);
#2961 = EDGE_CURVE('',#2954,#2962,#2964,.T.);
#2962 = VERTEX_POINT('',#2963);
#2963 = CARTESIAN_POINT('',(-2.25,-1.,-1.1));
#2964 = LINE('',#2965,#2966);
#2965 = CARTESIAN_POINT('',(-2.45,-1.2,-1.3));
#2966 = VECTOR('',#2967,1.);
#2967 = DIRECTION('',(0.57735026919,0.57735026919,0.57735026919));
#2968 = ORIENTED_EDGE('',*,*,#2969,.T.);
#2969 = EDGE_CURVE('',#2962,#2931,#2970,.T.);
#2970 = LINE('',#2971,#2972);
#2971 = CARTESIAN_POINT('',(1.125,-1.,-1.1));
#2972 = VECTOR('',#2973,1.);
#2973 = DIRECTION('',(1.,0.,0.));
#2974 = ORIENTED_EDGE('',*,*,#2930,.F.);
#2975 = PLANE('',#2976);
#2976 = AXIS2_PLACEMENT_3D('',#2977,#2978,#2979);
#2977 = CARTESIAN_POINT('',(1.125,-1.1,-1.2));
#2978 = DIRECTION('',(0.,0.707106781187,-0.707106781187));
#2979 = DIRECTION('',(-1.,0.,0.));
#2980 = ADVANCED_FACE('',(#2981),#2997,.T.);
#2981 = FACE_BOUND('',#2982,.T.);
#2982 = EDGE_LOOP('',(#2983,#2989,#2990,#2996));
#2983 = ORIENTED_EDGE('',*,*,#2984,.T.);
#2984 = EDGE_CURVE('',#2901,#2962,#2985,.T.);
#2985 = LINE('',#2986,#2987);
#2986 = CARTESIAN_POINT('',(-2.25,-0.5,-1.1));
#2987 = VECTOR('',#2988,1.);
#2988 = DIRECTION('',(0.,-1.,0.));
#2989 = ORIENTED_EDGE('',*,*,#2961,.F.);
#2990 = ORIENTED_EDGE('',*,*,#2991,.T.);
#2991 = EDGE_CURVE('',#2954,#2883,#2992,.T.);
#2992 = LINE('',#2993,#2994);
#2993 = CARTESIAN_POINT('',(-2.45,-0.5,-1.3));
#2994 = VECTOR('',#2995,1.);
#2995 = DIRECTION('',(0.,1.,0.));
#2996 = ORIENTED_EDGE('',*,*,#2908,.T.);
#2997 = PLANE('',#2998);
#2998 = AXIS2_PLACEMENT_3D('',#2999,#3000,#3001);
#2999 = CARTESIAN_POINT('',(-2.35,-0.5,-1.2));
#3000 = DIRECTION('',(0.707106781187,0.,-0.707106781187));
#3001 = DIRECTION('',(-0.707106781187,0.,-0.707106781187));
#3002 = ADVANCED_FACE('',(#3003),#3028,.F.);
#3003 = FACE_BOUND('',#3004,.T.);
#3004 = EDGE_LOOP('',(#3005,#3006,#3014,#3022));
#3005 = ORIENTED_EDGE('',*,*,#2984,.F.);
#3006 = ORIENTED_EDGE('',*,*,#3007,.F.);
#3007 = EDGE_CURVE('',#3008,#2901,#3010,.T.);
#3008 = VERTEX_POINT('',#3009);
#3009 = CARTESIAN_POINT('',(-2.25,1.,4.6));
#3010 = LINE('',#3011,#3012);
#3011 = CARTESIAN_POINT('',(-2.25,1.,0.));
#3012 = VECTOR('',#3013,1.);
#3013 = DIRECTION('',(0.,0.,-1.));
#3014 = ORIENTED_EDGE('',*,*,#3015,.F.);
#3015 = EDGE_CURVE('',#3016,#3008,#3018,.T.);
#3016 = VERTEX_POINT('',#3017);
#3017 = CARTESIAN_POINT('',(-2.25,-1.,4.6));
#3018 = LINE('',#3019,#3020);
#3019 = CARTESIAN_POINT('',(-2.25,-0.5,4.6));
#3020 = VECTOR('',#3021,1.);
#3021 = DIRECTION('',(0.,1.,0.));
#3022 = ORIENTED_EDGE('',*,*,#3023,.T.);
#3023 = EDGE_CURVE('',#3016,#2962,#3024,.T.);
#3024 = LINE('',#3025,#3026);
#3025 = CARTESIAN_POINT('',(-2.25,-1.,4.8));
#3026 = VECTOR('',#3027,1.);
#3027 = DIRECTION('',(0.,0.,-1.));
#3028 = PLANE('',#3029);
#3029 = AXIS2_PLACEMENT_3D('',#3030,#3031,#3032);
#3030 = CARTESIAN_POINT('',(-2.25,-1.,4.8));
#3031 = DIRECTION('',(-1.,0.,0.));
#3032 = DIRECTION('',(0.,1.,0.));
#3033 = ADVANCED_FACE('',(#3034),#3052,.F.);
#3034 = FACE_BOUND('',#3035,.T.);
#3035 = EDGE_LOOP('',(#3036,#3037,#3045,#3051));
#3036 = ORIENTED_EDGE('',*,*,#2900,.F.);
#3037 = ORIENTED_EDGE('',*,*,#3038,.F.);
#3038 = EDGE_CURVE('',#3039,#2893,#3041,.T.);
#3039 = VERTEX_POINT('',#3040);
#3040 = CARTESIAN_POINT('',(2.25,1.,4.6));
#3041 = LINE('',#3042,#3043);
#3042 = CARTESIAN_POINT('',(2.25,1.,0.));
#3043 = VECTOR('',#3044,1.);
#3044 = DIRECTION('',(0.,0.,-1.));
#3045 = ORIENTED_EDGE('',*,*,#3046,.F.);
#3046 = EDGE_CURVE('',#3008,#3039,#3047,.T.);
#3047 = LINE('',#3048,#3049);
#3048 = CARTESIAN_POINT('',(-1.125,1.,4.6));
#3049 = VECTOR('',#3050,1.);
#3050 = DIRECTION('',(1.,0.,0.));
#3051 = ORIENTED_EDGE('',*,*,#3007,.T.);
#3052 = PLANE('',#3053);
#3053 = AXIS2_PLACEMENT_3D('',#3054,#3055,#3056);
#3054 = CARTESIAN_POINT('',(-2.25,1.,4.8));
#3055 = DIRECTION('',(0.,1.,0.));
#3056 = DIRECTION('',(1.,0.,0.));
#3057 = ADVANCED_FACE('',(#3058,#3128),#3134,.T.);
#3058 = FACE_BOUND('',#3059,.T.);
#3059 = EDGE_LOOP('',(#3060,#3071,#3079,#3088,#3096,#3105,#3113,#3122));
#3060 = ORIENTED_EDGE('',*,*,#3061,.F.);
#3061 = EDGE_CURVE('',#3062,#3064,#3066,.T.);
#3062 = VERTEX_POINT('',#3063);
#3063 = CARTESIAN_POINT('',(3.,1.35,-1.3));
#3064 = VERTEX_POINT('',#3065);
#3065 = CARTESIAN_POINT('',(2.5,1.85,-1.3));
#3066 = CIRCLE('',#3067,0.5);
#3067 = AXIS2_PLACEMENT_3D('',#3068,#3069,#3070);
#3068 = CARTESIAN_POINT('',(2.5,1.35,-1.3));
#3069 = DIRECTION('',(0.,0.,1.));
#3070 = DIRECTION('',(0.707106781187,0.707106781187,-0.));
#3071 = ORIENTED_EDGE('',*,*,#3072,.T.);
#3072 = EDGE_CURVE('',#3062,#3073,#3075,.T.);
#3073 = VERTEX_POINT('',#3074);
#3074 = CARTESIAN_POINT('',(3.,-1.35,-1.3));
#3075 = LINE('',#3076,#3077);
#3076 = CARTESIAN_POINT('',(3.,-1.85,-1.3));
#3077 = VECTOR('',#3078,1.);
#3078 = DIRECTION('',(0.,-1.,0.));
#3079 = ORIENTED_EDGE('',*,*,#3080,.F.);
#3080 = EDGE_CURVE('',#3081,#3073,#3083,.T.);
#3081 = VERTEX_POINT('',#3082);
#3082 = CARTESIAN_POINT('',(2.5,-1.85,-1.3));
#3083 = CIRCLE('',#3084,0.5);
#3084 = AXIS2_PLACEMENT_3D('',#3085,#3086,#3087);
#3085 = CARTESIAN_POINT('',(2.5,-1.35,-1.3));
#3086 = DIRECTION('',(0.,0.,1.));
#3087 = DIRECTION('',(0.707106781187,-0.707106781187,0.));
#3088 = ORIENTED_EDGE('',*,*,#3089,.T.);
#3089 = EDGE_CURVE('',#3081,#3090,#3092,.T.);
#3090 = VERTEX_POINT('',#3091);
#3091 = CARTESIAN_POINT('',(-2.5,-1.85,-1.3));
#3092 = LINE('',#3093,#3094);
#3093 = CARTESIAN_POINT('',(-3.,-1.85,-1.3));
#3094 = VECTOR('',#3095,1.);
#3095 = DIRECTION('',(-1.,0.,0.));
#3096 = ORIENTED_EDGE('',*,*,#3097,.F.);
#3097 = EDGE_CURVE('',#3098,#3090,#3100,.T.);
#3098 = VERTEX_POINT('',#3099);
#3099 = CARTESIAN_POINT('',(-3.,-1.35,-1.3));
#3100 = CIRCLE('',#3101,0.5);
#3101 = AXIS2_PLACEMENT_3D('',#3102,#3103,#3104);
#3102 = CARTESIAN_POINT('',(-2.5,-1.35,-1.3));
#3103 = DIRECTION('',(0.,0.,1.));
#3104 = DIRECTION('',(-0.707106781187,-0.707106781187,0.));
#3105 = ORIENTED_EDGE('',*,*,#3106,.T.);
#3106 = EDGE_CURVE('',#3098,#3107,#3109,.T.);
#3107 = VERTEX_POINT('',#3108);
#3108 = CARTESIAN_POINT('',(-3.,1.35,-1.3));
#3109 = LINE('',#3110,#3111);
#3110 = CARTESIAN_POINT('',(-3.,1.85,-1.3));
#3111 = VECTOR('',#3112,1.);
#3112 = DIRECTION('',(0.,1.,0.));
#3113 = ORIENTED_EDGE('',*,*,#3114,.F.);
#3114 = EDGE_CURVE('',#3115,#3107,#3117,.T.);
#3115 = VERTEX_POINT('',#3116);
#3116 = CARTESIAN_POINT('',(-2.5,1.85,-1.3));
#3117 = CIRCLE('',#3118,0.5);
#3118 = AXIS2_PLACEMENT_3D('',#3119,#3120,#3121);
#3119 = CARTESIAN_POINT('',(-2.5,1.35,-1.3));
#3120 = DIRECTION('',(0.,0.,1.));
#3121 = DIRECTION('',(-0.707106781187,0.707106781187,0.));
#3122 = ORIENTED_EDGE('',*,*,#3123,.T.);
#3123 = EDGE_CURVE('',#3115,#3064,#3124,.T.);
#3124 = LINE('',#3125,#3126);
#3125 = CARTESIAN_POINT('',(3.,1.85,-1.3));
#3126 = VECTOR('',#3127,1.);
#3127 = DIRECTION('',(1.,0.,0.));
#3128 = FACE_BOUND('',#3129,.T.);
#3129 = EDGE_LOOP('',(#3130,#3131,#3132,#3133));
#3130 = ORIENTED_EDGE('',*,*,#2882,.F.);
#3131 = ORIENTED_EDGE('',*,*,#2991,.F.);
#3132 = ORIENTED_EDGE('',*,*,#2953,.F.);
#3133 = ORIENTED_EDGE('',*,*,#2922,.F.);
#3134 = PLANE('',#3135);
#3135 = AXIS2_PLACEMENT_3D('',#3136,#3137,#3138);
#3136 = CARTESIAN_POINT('',(5.551115123126E-16,0.,-1.3));
#3137 = DIRECTION('',(0.,0.,-1.));
#3138 = DIRECTION('',(-1.,0.,0.));
#3139 = ADVANCED_FACE('',(#3140),#3165,.T.);
#3140 = FACE_BOUND('',#3141,.T.);
#3141 = EDGE_LOOP('',(#3142,#3152,#3158,#3159));
#3142 = ORIENTED_EDGE('',*,*,#3143,.T.);
#3143 = EDGE_CURVE('',#3144,#3146,#3148,.T.);
#3144 = VERTEX_POINT('',#3145);
#3145 = CARTESIAN_POINT('',(2.45,1.2,4.8));
#3146 = VERTEX_POINT('',#3147);
#3147 = CARTESIAN_POINT('',(-2.45,1.2,4.8));
#3148 = LINE('',#3149,#3150);
#3149 = CARTESIAN_POINT('',(-1.125,1.2,4.8));
#3150 = VECTOR('',#3151,1.);
#3151 = DIRECTION('',(-1.,0.,0.));
#3152 = ORIENTED_EDGE('',*,*,#3153,.T.);
#3153 = EDGE_CURVE('',#3146,#3008,#3154,.T.);
#3154 = LINE('',#3155,#3156);
#3155 = CARTESIAN_POINT('',(-2.45,1.2,4.8));
#3156 = VECTOR('',#3157,1.);
#3157 = DIRECTION('',(0.57735026919,-0.57735026919,-0.57735026919));
#3158 = ORIENTED_EDGE('',*,*,#3046,.T.);
#3159 = ORIENTED_EDGE('',*,*,#3160,.F.);
#3160 = EDGE_CURVE('',#3144,#3039,#3161,.T.);
#3161 = LINE('',#3162,#3163);
#3162 = CARTESIAN_POINT('',(2.45,1.2,4.8));
#3163 = VECTOR('',#3164,1.);
#3164 = DIRECTION('',(-0.57735026919,-0.57735026919,-0.57735026919));
#3165 = PLANE('',#3166);
#3166 = AXIS2_PLACEMENT_3D('',#3167,#3168,#3169);
#3167 = CARTESIAN_POINT('',(-1.125,1.1,4.7));
#3168 = DIRECTION('',(0.,-0.707106781187,0.707106781187));
#3169 = DIRECTION('',(1.,0.,0.));
#3170 = ADVANCED_FACE('',(#3171),#3203,.T.);
#3171 = FACE_BOUND('',#3172,.T.);
#3172 = EDGE_LOOP('',(#3173,#3183,#3191,#3197));
#3173 = ORIENTED_EDGE('',*,*,#3174,.T.);
#3174 = EDGE_CURVE('',#3175,#3177,#3179,.T.);
#3175 = VERTEX_POINT('',#3176);
#3176 = CARTESIAN_POINT('',(-2.45,-1.2,4.8));
#3177 = VERTEX_POINT('',#3178);
#3178 = CARTESIAN_POINT('',(2.45,-1.2,4.8));
#3179 = LINE('',#3180,#3181);
#3180 = CARTESIAN_POINT('',(1.125,-1.2,4.8));
#3181 = VECTOR('',#3182,1.);
#3182 = DIRECTION('',(1.,0.,0.));
#3183 = ORIENTED_EDGE('',*,*,#3184,.T.);
#3184 = EDGE_CURVE('',#3177,#3185,#3187,.T.);
#3185 = VERTEX_POINT('',#3186);
#3186 = CARTESIAN_POINT('',(2.25,-1.,4.6));
#3187 = LINE('',#3188,#3189);
#3188 = CARTESIAN_POINT('',(2.45,-1.2,4.8));
#3189 = VECTOR('',#3190,1.);
#3190 = DIRECTION('',(-0.57735026919,0.57735026919,-0.57735026919));
#3191 = ORIENTED_EDGE('',*,*,#3192,.T.);
#3192 = EDGE_CURVE('',#3185,#3016,#3193,.T.);
#3193 = LINE('',#3194,#3195);
#3194 = CARTESIAN_POINT('',(1.125,-1.,4.6));
#3195 = VECTOR('',#3196,1.);
#3196 = DIRECTION('',(-1.,0.,0.));
#3197 = ORIENTED_EDGE('',*,*,#3198,.T.);
#3198 = EDGE_CURVE('',#3016,#3175,#3199,.T.);
#3199 = LINE('',#3200,#3201);
#3200 = CARTESIAN_POINT('',(-2.25,-1.,4.6));
#3201 = VECTOR('',#3202,1.);
#3202 = DIRECTION('',(-0.57735026919,-0.57735026919,0.57735026919));
#3203 = PLANE('',#3204);
#3204 = AXIS2_PLACEMENT_3D('',#3205,#3206,#3207);
#3205 = CARTESIAN_POINT('',(1.125,-1.1,4.7));
#3206 = DIRECTION('',(0.,0.707106781187,0.707106781187));
#3207 = DIRECTION('',(1.,0.,-0.));
#3208 = ADVANCED_FACE('',(#3209),#3225,.T.);
#3209 = FACE_BOUND('',#3210,.T.);
#3210 = EDGE_LOOP('',(#3211,#3217,#3218,#3224));
#3211 = ORIENTED_EDGE('',*,*,#3212,.T.);
#3212 = EDGE_CURVE('',#3039,#3185,#3213,.T.);
#3213 = LINE('',#3214,#3215);
#3214 = CARTESIAN_POINT('',(2.25,0.5,4.6));
#3215 = VECTOR('',#3216,1.);
#3216 = DIRECTION('',(-1.387778780781E-16,-1.,0.));
#3217 = ORIENTED_EDGE('',*,*,#3184,.F.);
#3218 = ORIENTED_EDGE('',*,*,#3219,.T.);
#3219 = EDGE_CURVE('',#3177,#3144,#3220,.T.);
#3220 = LINE('',#3221,#3222);
#3221 = CARTESIAN_POINT('',(2.45,0.5,4.8));
#3222 = VECTOR('',#3223,1.);
#3223 = DIRECTION('',(1.387778780781E-16,1.,0.));
#3224 = ORIENTED_EDGE('',*,*,#3160,.T.);
#3225 = PLANE('',#3226);
#3226 = AXIS2_PLACEMENT_3D('',#3227,#3228,#3229);
#3227 = CARTESIAN_POINT('',(2.35,0.5,4.7));
#3228 = DIRECTION('',(-0.707106781187,9.813077866774E-17,0.707106781187)
  );
#3229 = DIRECTION('',(0.707106781187,0.,0.707106781187));
#3230 = ADVANCED_FACE('',(#3231),#3242,.T.);
#3231 = FACE_BOUND('',#3232,.T.);
#3232 = EDGE_LOOP('',(#3233,#3239,#3240,#3241));
#3233 = ORIENTED_EDGE('',*,*,#3234,.T.);
#3234 = EDGE_CURVE('',#3146,#3175,#3235,.T.);
#3235 = LINE('',#3236,#3237);
#3236 = CARTESIAN_POINT('',(-2.45,-0.5,4.8));
#3237 = VECTOR('',#3238,1.);
#3238 = DIRECTION('',(0.,-1.,0.));
#3239 = ORIENTED_EDGE('',*,*,#3198,.F.);
#3240 = ORIENTED_EDGE('',*,*,#3015,.T.);
#3241 = ORIENTED_EDGE('',*,*,#3153,.F.);
#3242 = PLANE('',#3243);
#3243 = AXIS2_PLACEMENT_3D('',#3244,#3245,#3246);
#3244 = CARTESIAN_POINT('',(-2.35,-0.5,4.7));
#3245 = DIRECTION('',(0.707106781187,0.,0.707106781187));
#3246 = DIRECTION('',(0.707106781187,0.,-0.707106781187));
#3247 = ADVANCED_FACE('',(#3248),#3259,.F.);
#3248 = FACE_BOUND('',#3249,.T.);
#3249 = EDGE_LOOP('',(#3250,#3251,#3252,#3253));
#3250 = ORIENTED_EDGE('',*,*,#2969,.F.);
#3251 = ORIENTED_EDGE('',*,*,#3023,.F.);
#3252 = ORIENTED_EDGE('',*,*,#3192,.F.);
#3253 = ORIENTED_EDGE('',*,*,#3254,.T.);
#3254 = EDGE_CURVE('',#3185,#2931,#3255,.T.);
#3255 = LINE('',#3256,#3257);
#3256 = CARTESIAN_POINT('',(2.25,-1.,0.));
#3257 = VECTOR('',#3258,1.);
#3258 = DIRECTION('',(0.,0.,-1.));
#3259 = PLANE('',#3260);
#3260 = AXIS2_PLACEMENT_3D('',#3261,#3262,#3263);
#3261 = CARTESIAN_POINT('',(2.25,-1.,4.8));
#3262 = DIRECTION('',(0.,-1.,0.));
#3263 = DIRECTION('',(-1.,0.,0.));
#3264 = ADVANCED_FACE('',(#3265,#3335),#3341,.F.);
#3265 = FACE_BOUND('',#3266,.T.);
#3266 = EDGE_LOOP('',(#3267,#3278,#3286,#3295,#3303,#3312,#3320,#3329));
#3267 = ORIENTED_EDGE('',*,*,#3268,.F.);
#3268 = EDGE_CURVE('',#3269,#3271,#3273,.T.);
#3269 = VERTEX_POINT('',#3270);
#3270 = CARTESIAN_POINT('',(3.,-1.75,4.8));
#3271 = VERTEX_POINT('',#3272);
#3272 = CARTESIAN_POINT('',(2.,-2.75,4.8));
#3273 = CIRCLE('',#3274,1.);
#3274 = AXIS2_PLACEMENT_3D('',#3275,#3276,#3277);
#3275 = CARTESIAN_POINT('',(2.,-1.75,4.8));
#3276 = DIRECTION('',(0.,0.,-1.));
#3277 = DIRECTION('',(0.707106781187,-0.707106781187,0.));
#3278 = ORIENTED_EDGE('',*,*,#3279,.F.);
#3279 = EDGE_CURVE('',#3280,#3269,#3282,.T.);
#3280 = VERTEX_POINT('',#3281);
#3281 = CARTESIAN_POINT('',(3.,1.75,4.8));
#3282 = LINE('',#3283,#3284);
#3283 = CARTESIAN_POINT('',(3.,2.75,4.8));
#3284 = VECTOR('',#3285,1.);
#3285 = DIRECTION('',(0.,-1.,0.));
#3286 = ORIENTED_EDGE('',*,*,#3287,.F.);
#3287 = EDGE_CURVE('',#3288,#3280,#3290,.T.);
#3288 = VERTEX_POINT('',#3289);
#3289 = CARTESIAN_POINT('',(2.,2.75,4.8));
#3290 = CIRCLE('',#3291,1.);
#3291 = AXIS2_PLACEMENT_3D('',#3292,#3293,#3294);
#3292 = CARTESIAN_POINT('',(2.,1.75,4.8));
#3293 = DIRECTION('',(0.,0.,-1.));
#3294 = DIRECTION('',(0.707106781187,0.707106781187,0.));
#3295 = ORIENTED_EDGE('',*,*,#3296,.F.);
#3296 = EDGE_CURVE('',#3297,#3288,#3299,.T.);
#3297 = VERTEX_POINT('',#3298);
#3298 = CARTESIAN_POINT('',(-2.,2.75,4.8));
#3299 = LINE('',#3300,#3301);
#3300 = CARTESIAN_POINT('',(-3.,2.75,4.8));
#3301 = VECTOR('',#3302,1.);
#3302 = DIRECTION('',(1.,0.,0.));
#3303 = ORIENTED_EDGE('',*,*,#3304,.F.);
#3304 = EDGE_CURVE('',#3305,#3297,#3307,.T.);
#3305 = VERTEX_POINT('',#3306);
#3306 = CARTESIAN_POINT('',(-3.,1.75,4.8));
#3307 = CIRCLE('',#3308,1.);
#3308 = AXIS2_PLACEMENT_3D('',#3309,#3310,#3311);
#3309 = CARTESIAN_POINT('',(-2.,1.75,4.8));
#3310 = DIRECTION('',(0.,0.,-1.));
#3311 = DIRECTION('',(-0.707106781187,0.707106781187,0.));
#3312 = ORIENTED_EDGE('',*,*,#3313,.F.);
#3313 = EDGE_CURVE('',#3314,#3305,#3316,.T.);
#3314 = VERTEX_POINT('',#3315);
#3315 = CARTESIAN_POINT('',(-3.,-1.75,4.8));
#3316 = LINE('',#3317,#3318);
#3317 = CARTESIAN_POINT('',(-3.,-2.75,4.8));
#3318 = VECTOR('',#3319,1.);
#3319 = DIRECTION('',(0.,1.,0.));
#3320 = ORIENTED_EDGE('',*,*,#3321,.F.);
#3321 = EDGE_CURVE('',#3322,#3314,#3324,.T.);
#3322 = VERTEX_POINT('',#3323);
#3323 = CARTESIAN_POINT('',(-2.,-2.75,4.8));
#3324 = CIRCLE('',#3325,1.);
#3325 = AXIS2_PLACEMENT_3D('',#3326,#3327,#3328);
#3326 = CARTESIAN_POINT('',(-2.,-1.75,4.8));
#3327 = DIRECTION('',(0.,0.,-1.));
#3328 = DIRECTION('',(-0.707106781187,-0.707106781187,-0.));
#3329 = ORIENTED_EDGE('',*,*,#3330,.F.);
#3330 = EDGE_CURVE('',#3271,#3322,#3331,.T.);
#3331 = LINE('',#3332,#3333);
#3332 = CARTESIAN_POINT('',(3.,-2.75,4.8));
#3333 = VECTOR('',#3334,1.);
#3334 = DIRECTION('',(-1.,0.,0.));
#3335 = FACE_BOUND('',#3336,.T.);
#3336 = EDGE_LOOP('',(#3337,#3338,#3339,#3340));
#3337 = ORIENTED_EDGE('',*,*,#3174,.F.);
#3338 = ORIENTED_EDGE('',*,*,#3234,.F.);
#3339 = ORIENTED_EDGE('',*,*,#3143,.F.);
#3340 = ORIENTED_EDGE('',*,*,#3219,.F.);
#3341 = PLANE('',#3342);
#3342 = AXIS2_PLACEMENT_3D('',#3343,#3344,#3345);
#3343 = CARTESIAN_POINT('',(0.,0.,4.8));
#3344 = DIRECTION('',(0.,0.,-1.));
#3345 = DIRECTION('',(-1.,0.,0.));
#3346 = ADVANCED_FACE('',(#3347),#3373,.T.);
#3347 = FACE_BOUND('',#3348,.T.);
#3348 = EDGE_LOOP('',(#3349,#3350,#3358,#3367));
#3349 = ORIENTED_EDGE('',*,*,#3061,.T.);
#3350 = ORIENTED_EDGE('',*,*,#3351,.T.);
#3351 = EDGE_CURVE('',#3064,#3352,#3354,.T.);
#3352 = VERTEX_POINT('',#3353);
#3353 = CARTESIAN_POINT('',(2.5,1.85,0.));
#3354 = LINE('',#3355,#3356);
#3355 = CARTESIAN_POINT('',(2.5,1.85,0.));
#3356 = VECTOR('',#3357,1.);
#3357 = DIRECTION('',(0.,0.,1.));
#3358 = ORIENTED_EDGE('',*,*,#3359,.F.);
#3359 = EDGE_CURVE('',#3360,#3352,#3362,.T.);
#3360 = VERTEX_POINT('',#3361);
#3361 = CARTESIAN_POINT('',(3.,1.35,0.));
#3362 = CIRCLE('',#3363,0.5);
#3363 = AXIS2_PLACEMENT_3D('',#3364,#3365,#3366);
#3364 = CARTESIAN_POINT('',(2.5,1.35,0.));
#3365 = DIRECTION('',(0.,0.,1.));
#3366 = DIRECTION('',(0.707106781187,0.707106781187,-0.));
#3367 = ORIENTED_EDGE('',*,*,#3368,.T.);
#3368 = EDGE_CURVE('',#3360,#3062,#3369,.T.);
#3369 = LINE('',#3370,#3371);
#3370 = CARTESIAN_POINT('',(3.,1.35,0.));
#3371 = VECTOR('',#3372,1.);
#3372 = DIRECTION('',(0.,0.,-1.));
#3373 = CYLINDRICAL_SURFACE('',#3374,0.5);
#3374 = AXIS2_PLACEMENT_3D('',#3375,#3376,#3377);
#3375 = CARTESIAN_POINT('',(2.5,1.35,0.));
#3376 = DIRECTION('',(0.,0.,-1.));
#3377 = DIRECTION('',(0.707106781187,0.707106781187,0.));
#3378 = ADVANCED_FACE('',(#3379),#3420,.T.);
#3379 = FACE_BOUND('',#3380,.T.);
#3380 = EDGE_LOOP('',(#3381,#3382,#3390,#3396,#3397,#3405,#3413,#3419));
#3381 = ORIENTED_EDGE('',*,*,#3368,.F.);
#3382 = ORIENTED_EDGE('',*,*,#3383,.F.);
#3383 = EDGE_CURVE('',#3384,#3360,#3386,.T.);
#3384 = VERTEX_POINT('',#3385);
#3385 = CARTESIAN_POINT('',(3.,1.75,0.));
#3386 = LINE('',#3387,#3388);
#3387 = CARTESIAN_POINT('',(3.,1.375,0.));
#3388 = VECTOR('',#3389,1.);
#3389 = DIRECTION('',(0.,-1.,0.));
#3390 = ORIENTED_EDGE('',*,*,#3391,.F.);
#3391 = EDGE_CURVE('',#3280,#3384,#3392,.T.);
#3392 = LINE('',#3393,#3394);
#3393 = CARTESIAN_POINT('',(3.,1.75,0.));
#3394 = VECTOR('',#3395,1.);
#3395 = DIRECTION('',(0.,0.,-1.));
#3396 = ORIENTED_EDGE('',*,*,#3279,.T.);
#3397 = ORIENTED_EDGE('',*,*,#3398,.F.);
#3398 = EDGE_CURVE('',#3399,#3269,#3401,.T.);
#3399 = VERTEX_POINT('',#3400);
#3400 = CARTESIAN_POINT('',(3.,-1.75,0.));
#3401 = LINE('',#3402,#3403);
#3402 = CARTESIAN_POINT('',(3.,-1.75,0.));
#3403 = VECTOR('',#3404,1.);
#3404 = DIRECTION('',(0.,0.,1.));
#3405 = ORIENTED_EDGE('',*,*,#3406,.F.);
#3406 = EDGE_CURVE('',#3407,#3399,#3409,.T.);
#3407 = VERTEX_POINT('',#3408);
#3408 = CARTESIAN_POINT('',(3.,-1.35,0.));
#3409 = LINE('',#3410,#3411);
#3410 = CARTESIAN_POINT('',(3.,1.375,0.));
#3411 = VECTOR('',#3412,1.);
#3412 = DIRECTION('',(0.,-1.,0.));
#3413 = ORIENTED_EDGE('',*,*,#3414,.F.);
#3414 = EDGE_CURVE('',#3073,#3407,#3415,.T.);
#3415 = LINE('',#3416,#3417);
#3416 = CARTESIAN_POINT('',(3.,-1.35,0.));
#3417 = VECTOR('',#3418,1.);
#3418 = DIRECTION('',(0.,0.,1.));
#3419 = ORIENTED_EDGE('',*,*,#3072,.F.);
#3420 = PLANE('',#3421);
#3421 = AXIS2_PLACEMENT_3D('',#3422,#3423,#3424);
#3422 = CARTESIAN_POINT('',(3.,2.75,0.));
#3423 = DIRECTION('',(1.,0.,0.));
#3424 = DIRECTION('',(0.,-1.,0.));
#3425 = ADVANCED_FACE('',(#3426),#3445,.T.);
#3426 = FACE_BOUND('',#3427,.T.);
#3427 = EDGE_LOOP('',(#3428,#3429,#3430,#3439));
#3428 = ORIENTED_EDGE('',*,*,#3080,.T.);
#3429 = ORIENTED_EDGE('',*,*,#3414,.T.);
#3430 = ORIENTED_EDGE('',*,*,#3431,.F.);
#3431 = EDGE_CURVE('',#3432,#3407,#3434,.T.);
#3432 = VERTEX_POINT('',#3433);
#3433 = CARTESIAN_POINT('',(2.5,-1.85,0.));
#3434 = CIRCLE('',#3435,0.5);
#3435 = AXIS2_PLACEMENT_3D('',#3436,#3437,#3438);
#3436 = CARTESIAN_POINT('',(2.5,-1.35,0.));
#3437 = DIRECTION('',(0.,0.,1.));
#3438 = DIRECTION('',(0.707106781187,-0.707106781187,0.));
#3439 = ORIENTED_EDGE('',*,*,#3440,.T.);
#3440 = EDGE_CURVE('',#3432,#3081,#3441,.T.);
#3441 = LINE('',#3442,#3443);
#3442 = CARTESIAN_POINT('',(2.5,-1.85,0.));
#3443 = VECTOR('',#3444,1.);
#3444 = DIRECTION('',(0.,0.,-1.));
#3445 = CYLINDRICAL_SURFACE('',#3446,0.5);
#3446 = AXIS2_PLACEMENT_3D('',#3447,#3448,#3449);
#3447 = CARTESIAN_POINT('',(2.5,-1.35,0.));
#3448 = DIRECTION('',(0.,0.,-1.));
#3449 = DIRECTION('',(0.707106781187,-0.707106781187,0.));
#3450 = ADVANCED_FACE('',(#3451),#3477,.T.);
#3451 = FACE_BOUND('',#3452,.T.);
#3452 = EDGE_LOOP('',(#3453,#3454,#3462,#3471));
#3453 = ORIENTED_EDGE('',*,*,#3114,.T.);
#3454 = ORIENTED_EDGE('',*,*,#3455,.T.);
#3455 = EDGE_CURVE('',#3107,#3456,#3458,.T.);
#3456 = VERTEX_POINT('',#3457);
#3457 = CARTESIAN_POINT('',(-3.,1.35,0.));
#3458 = LINE('',#3459,#3460);
#3459 = CARTESIAN_POINT('',(-3.,1.35,0.));
#3460 = VECTOR('',#3461,1.);
#3461 = DIRECTION('',(0.,0.,1.));
#3462 = ORIENTED_EDGE('',*,*,#3463,.F.);
#3463 = EDGE_CURVE('',#3464,#3456,#3466,.T.);
#3464 = VERTEX_POINT('',#3465);
#3465 = CARTESIAN_POINT('',(-2.5,1.85,0.));
#3466 = CIRCLE('',#3467,0.5);
#3467 = AXIS2_PLACEMENT_3D('',#3468,#3469,#3470);
#3468 = CARTESIAN_POINT('',(-2.5,1.35,0.));
#3469 = DIRECTION('',(0.,0.,1.));
#3470 = DIRECTION('',(-0.707106781187,0.707106781187,0.));
#3471 = ORIENTED_EDGE('',*,*,#3472,.T.);
#3472 = EDGE_CURVE('',#3464,#3115,#3473,.T.);
#3473 = LINE('',#3474,#3475);
#3474 = CARTESIAN_POINT('',(-2.5,1.85,0.));
#3475 = VECTOR('',#3476,1.);
#3476 = DIRECTION('',(0.,0.,-1.));
#3477 = CYLINDRICAL_SURFACE('',#3478,0.5);
#3478 = AXIS2_PLACEMENT_3D('',#3479,#3480,#3481);
#3479 = CARTESIAN_POINT('',(-2.5,1.35,0.));
#3480 = DIRECTION('',(0.,0.,-1.));
#3481 = DIRECTION('',(-0.707106781187,0.707106781187,0.));
#3482 = ADVANCED_FACE('',(#3483),#3494,.T.);
#3483 = FACE_BOUND('',#3484,.T.);
#3484 = EDGE_LOOP('',(#3485,#3486,#3487,#3488));
#3485 = ORIENTED_EDGE('',*,*,#3351,.F.);
#3486 = ORIENTED_EDGE('',*,*,#3123,.F.);
#3487 = ORIENTED_EDGE('',*,*,#3472,.F.);
#3488 = ORIENTED_EDGE('',*,*,#3489,.F.);
#3489 = EDGE_CURVE('',#3352,#3464,#3490,.T.);
#3490 = LINE('',#3491,#3492);
#3491 = CARTESIAN_POINT('',(-1.5,1.85,0.));
#3492 = VECTOR('',#3493,1.);
#3493 = DIRECTION('',(-1.,0.,0.));
#3494 = PLANE('',#3495);
#3495 = AXIS2_PLACEMENT_3D('',#3496,#3497,#3498);
#3496 = CARTESIAN_POINT('',(-3.,1.85,0.));
#3497 = DIRECTION('',(0.,1.,0.));
#3498 = DIRECTION('',(1.,0.,0.));
#3499 = ADVANCED_FACE('',(#3500),#3526,.T.);
#3500 = FACE_BOUND('',#3501,.T.);
#3501 = EDGE_LOOP('',(#3502,#3503,#3511,#3520));
#3502 = ORIENTED_EDGE('',*,*,#3097,.T.);
#3503 = ORIENTED_EDGE('',*,*,#3504,.T.);
#3504 = EDGE_CURVE('',#3090,#3505,#3507,.T.);
#3505 = VERTEX_POINT('',#3506);
#3506 = CARTESIAN_POINT('',(-2.5,-1.85,0.));
#3507 = LINE('',#3508,#3509);
#3508 = CARTESIAN_POINT('',(-2.5,-1.85,0.));
#3509 = VECTOR('',#3510,1.);
#3510 = DIRECTION('',(0.,0.,1.));
#3511 = ORIENTED_EDGE('',*,*,#3512,.F.);
#3512 = EDGE_CURVE('',#3513,#3505,#3515,.T.);
#3513 = VERTEX_POINT('',#3514);
#3514 = CARTESIAN_POINT('',(-3.,-1.35,0.));
#3515 = CIRCLE('',#3516,0.5);
#3516 = AXIS2_PLACEMENT_3D('',#3517,#3518,#3519);
#3517 = CARTESIAN_POINT('',(-2.5,-1.35,0.));
#3518 = DIRECTION('',(0.,0.,1.));
#3519 = DIRECTION('',(-0.707106781187,-0.707106781187,0.));
#3520 = ORIENTED_EDGE('',*,*,#3521,.T.);
#3521 = EDGE_CURVE('',#3513,#3098,#3522,.T.);
#3522 = LINE('',#3523,#3524);
#3523 = CARTESIAN_POINT('',(-3.,-1.35,0.));
#3524 = VECTOR('',#3525,1.);
#3525 = DIRECTION('',(0.,0.,-1.));
#3526 = CYLINDRICAL_SURFACE('',#3527,0.5);
#3527 = AXIS2_PLACEMENT_3D('',#3528,#3529,#3530);
#3528 = CARTESIAN_POINT('',(-2.5,-1.35,0.));
#3529 = DIRECTION('',(0.,0.,-1.));
#3530 = DIRECTION('',(-0.707106781187,-0.707106781187,-0.));
#3531 = ADVANCED_FACE('',(#3532),#3566,.T.);
#3532 = FACE_BOUND('',#3533,.T.);
#3533 = EDGE_LOOP('',(#3534,#3535,#3536,#3537,#3545,#3551,#3552,#3560));
#3534 = ORIENTED_EDGE('',*,*,#3455,.F.);
#3535 = ORIENTED_EDGE('',*,*,#3106,.F.);
#3536 = ORIENTED_EDGE('',*,*,#3521,.F.);
#3537 = ORIENTED_EDGE('',*,*,#3538,.F.);
#3538 = EDGE_CURVE('',#3539,#3513,#3541,.T.);
#3539 = VERTEX_POINT('',#3540);
#3540 = CARTESIAN_POINT('',(-3.,-1.75,0.));
#3541 = LINE('',#3542,#3543);
#3542 = CARTESIAN_POINT('',(-3.,-1.375,0.));
#3543 = VECTOR('',#3544,1.);
#3544 = DIRECTION('',(0.,1.,0.));
#3545 = ORIENTED_EDGE('',*,*,#3546,.F.);
#3546 = EDGE_CURVE('',#3314,#3539,#3547,.T.);
#3547 = LINE('',#3548,#3549);
#3548 = CARTESIAN_POINT('',(-3.,-1.75,0.));
#3549 = VECTOR('',#3550,1.);
#3550 = DIRECTION('',(0.,0.,-1.));
#3551 = ORIENTED_EDGE('',*,*,#3313,.T.);
#3552 = ORIENTED_EDGE('',*,*,#3553,.F.);
#3553 = EDGE_CURVE('',#3554,#3305,#3556,.T.);
#3554 = VERTEX_POINT('',#3555);
#3555 = CARTESIAN_POINT('',(-3.,1.75,0.));
#3556 = LINE('',#3557,#3558);
#3557 = CARTESIAN_POINT('',(-3.,1.75,0.));
#3558 = VECTOR('',#3559,1.);
#3559 = DIRECTION('',(0.,0.,1.));
#3560 = ORIENTED_EDGE('',*,*,#3561,.F.);
#3561 = EDGE_CURVE('',#3456,#3554,#3562,.T.);
#3562 = LINE('',#3563,#3564);
#3563 = CARTESIAN_POINT('',(-3.,-1.375,0.));
#3564 = VECTOR('',#3565,1.);
#3565 = DIRECTION('',(0.,1.,0.));
#3566 = PLANE('',#3567);
#3567 = AXIS2_PLACEMENT_3D('',#3568,#3569,#3570);
#3568 = CARTESIAN_POINT('',(-3.,-2.75,0.));
#3569 = DIRECTION('',(-1.,0.,0.));
#3570 = DIRECTION('',(0.,1.,0.));
#3571 = ADVANCED_FACE('',(#3572),#3583,.T.);
#3572 = FACE_BOUND('',#3573,.T.);
#3573 = EDGE_LOOP('',(#3574,#3575,#3581,#3582));
#3574 = ORIENTED_EDGE('',*,*,#3440,.F.);
#3575 = ORIENTED_EDGE('',*,*,#3576,.F.);
#3576 = EDGE_CURVE('',#3505,#3432,#3577,.T.);
#3577 = LINE('',#3578,#3579);
#3578 = CARTESIAN_POINT('',(1.5,-1.85,0.));
#3579 = VECTOR('',#3580,1.);
#3580 = DIRECTION('',(1.,0.,0.));
#3581 = ORIENTED_EDGE('',*,*,#3504,.F.);
#3582 = ORIENTED_EDGE('',*,*,#3089,.F.);
#3583 = PLANE('',#3584);
#3584 = AXIS2_PLACEMENT_3D('',#3585,#3586,#3587);
#3585 = CARTESIAN_POINT('',(3.,-1.85,0.));
#3586 = DIRECTION('',(0.,-1.,0.));
#3587 = DIRECTION('',(-1.,0.,0.));
#3588 = ADVANCED_FACE('',(#3589),#3620,.T.);
#3589 = FACE_BOUND('',#3590,.T.);
#3590 = EDGE_LOOP('',(#3591,#3592,#3593,#3594,#3603,#3611,#3618,#3619));
#3591 = ORIENTED_EDGE('',*,*,#3576,.T.);
#3592 = ORIENTED_EDGE('',*,*,#3431,.T.);
#3593 = ORIENTED_EDGE('',*,*,#3406,.T.);
#3594 = ORIENTED_EDGE('',*,*,#3595,.F.);
#3595 = EDGE_CURVE('',#3596,#3399,#3598,.T.);
#3596 = VERTEX_POINT('',#3597);
#3597 = CARTESIAN_POINT('',(2.,-2.75,0.));
#3598 = CIRCLE('',#3599,1.);
#3599 = AXIS2_PLACEMENT_3D('',#3600,#3601,#3602);
#3600 = CARTESIAN_POINT('',(2.,-1.75,0.));
#3601 = DIRECTION('',(0.,0.,1.));
#3602 = DIRECTION('',(0.707106781187,-0.707106781187,0.));
#3603 = ORIENTED_EDGE('',*,*,#3604,.T.);
#3604 = EDGE_CURVE('',#3596,#3605,#3607,.T.);
#3605 = VERTEX_POINT('',#3606);
#3606 = CARTESIAN_POINT('',(-2.,-2.75,0.));
#3607 = LINE('',#3608,#3609);
#3608 = CARTESIAN_POINT('',(3.,-2.75,0.));
#3609 = VECTOR('',#3610,1.);
#3610 = DIRECTION('',(-1.,0.,0.));
#3611 = ORIENTED_EDGE('',*,*,#3612,.F.);
#3612 = EDGE_CURVE('',#3539,#3605,#3613,.T.);
#3613 = CIRCLE('',#3614,1.);
#3614 = AXIS2_PLACEMENT_3D('',#3615,#3616,#3617);
#3615 = CARTESIAN_POINT('',(-2.,-1.75,0.));
#3616 = DIRECTION('',(0.,0.,1.));
#3617 = DIRECTION('',(-0.707106781187,-0.707106781187,0.));
#3618 = ORIENTED_EDGE('',*,*,#3538,.T.);
#3619 = ORIENTED_EDGE('',*,*,#3512,.T.);
#3620 = PLANE('',#3621);
#3621 = AXIS2_PLACEMENT_3D('',#3622,#3623,#3624);
#3622 = CARTESIAN_POINT('',(0.,0.,0.));
#3623 = DIRECTION('',(0.,0.,-1.));
#3624 = DIRECTION('',(-1.,0.,0.));
#3625 = ADVANCED_FACE('',(#3626),#3657,.T.);
#3626 = FACE_BOUND('',#3627,.T.);
#3627 = EDGE_LOOP('',(#3628,#3629,#3630,#3631,#3640,#3648,#3655,#3656));
#3628 = ORIENTED_EDGE('',*,*,#3489,.T.);
#3629 = ORIENTED_EDGE('',*,*,#3463,.T.);
#3630 = ORIENTED_EDGE('',*,*,#3561,.T.);
#3631 = ORIENTED_EDGE('',*,*,#3632,.F.);
#3632 = EDGE_CURVE('',#3633,#3554,#3635,.T.);
#3633 = VERTEX_POINT('',#3634);
#3634 = CARTESIAN_POINT('',(-2.,2.75,0.));
#3635 = CIRCLE('',#3636,1.);
#3636 = AXIS2_PLACEMENT_3D('',#3637,#3638,#3639);
#3637 = CARTESIAN_POINT('',(-2.,1.75,0.));
#3638 = DIRECTION('',(0.,0.,1.));
#3639 = DIRECTION('',(-0.707106781187,0.707106781187,0.));
#3640 = ORIENTED_EDGE('',*,*,#3641,.T.);
#3641 = EDGE_CURVE('',#3633,#3642,#3644,.T.);
#3642 = VERTEX_POINT('',#3643);
#3643 = CARTESIAN_POINT('',(2.,2.75,0.));
#3644 = LINE('',#3645,#3646);
#3645 = CARTESIAN_POINT('',(-3.,2.75,0.));
#3646 = VECTOR('',#3647,1.);
#3647 = DIRECTION('',(1.,0.,0.));
#3648 = ORIENTED_EDGE('',*,*,#3649,.F.);
#3649 = EDGE_CURVE('',#3384,#3642,#3650,.T.);
#3650 = CIRCLE('',#3651,1.);
#3651 = AXIS2_PLACEMENT_3D('',#3652,#3653,#3654);
#3652 = CARTESIAN_POINT('',(2.,1.75,0.));
#3653 = DIRECTION('',(0.,0.,1.));
#3654 = DIRECTION('',(0.707106781187,0.707106781187,-0.));
#3655 = ORIENTED_EDGE('',*,*,#3383,.T.);
#3656 = ORIENTED_EDGE('',*,*,#3359,.T.);
#3657 = PLANE('',#3658);
#3658 = AXIS2_PLACEMENT_3D('',#3659,#3660,#3661);
#3659 = CARTESIAN_POINT('',(0.,0.,0.));
#3660 = DIRECTION('',(0.,0.,-1.));
#3661 = DIRECTION('',(-1.,0.,0.));
#3662 = ADVANCED_FACE('',(#3663),#3669,.F.);
#3663 = FACE_BOUND('',#3664,.T.);
#3664 = EDGE_LOOP('',(#3665,#3666,#3667,#3668));
#3665 = ORIENTED_EDGE('',*,*,#2938,.F.);
#3666 = ORIENTED_EDGE('',*,*,#3254,.F.);
#3667 = ORIENTED_EDGE('',*,*,#3212,.F.);
#3668 = ORIENTED_EDGE('',*,*,#3038,.T.);
#3669 = PLANE('',#3670);
#3670 = AXIS2_PLACEMENT_3D('',#3671,#3672,#3673);
#3671 = CARTESIAN_POINT('',(2.25,1.,4.8));
#3672 = DIRECTION('',(1.,-1.387778780781E-16,0.));
#3673 = DIRECTION('',(-1.387778780781E-16,-1.,0.));
#3674 = ADVANCED_FACE('',(#3675),#3686,.T.);
#3675 = FACE_BOUND('',#3676,.T.);
#3676 = EDGE_LOOP('',(#3677,#3678,#3684,#3685));
#3677 = ORIENTED_EDGE('',*,*,#3268,.T.);
#3678 = ORIENTED_EDGE('',*,*,#3679,.T.);
#3679 = EDGE_CURVE('',#3271,#3596,#3680,.T.);
#3680 = LINE('',#3681,#3682);
#3681 = CARTESIAN_POINT('',(2.,-2.75,0.));
#3682 = VECTOR('',#3683,1.);
#3683 = DIRECTION('',(0.,0.,-1.));
#3684 = ORIENTED_EDGE('',*,*,#3595,.T.);
#3685 = ORIENTED_EDGE('',*,*,#3398,.T.);
#3686 = CYLINDRICAL_SURFACE('',#3687,1.);
#3687 = AXIS2_PLACEMENT_3D('',#3688,#3689,#3690);
#3688 = CARTESIAN_POINT('',(2.,-1.75,0.));
#3689 = DIRECTION('',(0.,0.,1.));
#3690 = DIRECTION('',(0.707106781187,-0.707106781187,0.));
#3691 = ADVANCED_FACE('',(#3692),#3703,.T.);
#3692 = FACE_BOUND('',#3693,.T.);
#3693 = EDGE_LOOP('',(#3694,#3695,#3696,#3697));
#3694 = ORIENTED_EDGE('',*,*,#3321,.T.);
#3695 = ORIENTED_EDGE('',*,*,#3546,.T.);
#3696 = ORIENTED_EDGE('',*,*,#3612,.T.);
#3697 = ORIENTED_EDGE('',*,*,#3698,.T.);
#3698 = EDGE_CURVE('',#3605,#3322,#3699,.T.);
#3699 = LINE('',#3700,#3701);
#3700 = CARTESIAN_POINT('',(-2.,-2.75,0.));
#3701 = VECTOR('',#3702,1.);
#3702 = DIRECTION('',(0.,0.,1.));
#3703 = CYLINDRICAL_SURFACE('',#3704,1.);
#3704 = AXIS2_PLACEMENT_3D('',#3705,#3706,#3707);
#3705 = CARTESIAN_POINT('',(-2.,-1.75,0.));
#3706 = DIRECTION('',(0.,0.,1.));
#3707 = DIRECTION('',(-0.707106781187,-0.707106781187,0.));
#3708 = ADVANCED_FACE('',(#3709),#3720,.T.);
#3709 = FACE_BOUND('',#3710,.T.);
#3710 = EDGE_LOOP('',(#3711,#3712,#3718,#3719));
#3711 = ORIENTED_EDGE('',*,*,#3304,.T.);
#3712 = ORIENTED_EDGE('',*,*,#3713,.T.);
#3713 = EDGE_CURVE('',#3297,#3633,#3714,.T.);
#3714 = LINE('',#3715,#3716);
#3715 = CARTESIAN_POINT('',(-2.,2.75,0.));
#3716 = VECTOR('',#3717,1.);
#3717 = DIRECTION('',(0.,0.,-1.));
#3718 = ORIENTED_EDGE('',*,*,#3632,.T.);
#3719 = ORIENTED_EDGE('',*,*,#3553,.T.);
#3720 = CYLINDRICAL_SURFACE('',#3721,1.);
#3721 = AXIS2_PLACEMENT_3D('',#3722,#3723,#3724);
#3722 = CARTESIAN_POINT('',(-2.,1.75,0.));
#3723 = DIRECTION('',(0.,0.,1.));
#3724 = DIRECTION('',(-0.707106781187,0.707106781187,0.));
#3725 = ADVANCED_FACE('',(#3726),#3737,.T.);
#3726 = FACE_BOUND('',#3727,.T.);
#3727 = EDGE_LOOP('',(#3728,#3729,#3730,#3731));
#3728 = ORIENTED_EDGE('',*,*,#3287,.T.);
#3729 = ORIENTED_EDGE('',*,*,#3391,.T.);
#3730 = ORIENTED_EDGE('',*,*,#3649,.T.);
#3731 = ORIENTED_EDGE('',*,*,#3732,.T.);
#3732 = EDGE_CURVE('',#3642,#3288,#3733,.T.);
#3733 = LINE('',#3734,#3735);
#3734 = CARTESIAN_POINT('',(2.,2.75,0.));
#3735 = VECTOR('',#3736,1.);
#3736 = DIRECTION('',(0.,0.,1.));
#3737 = CYLINDRICAL_SURFACE('',#3738,1.);
#3738 = AXIS2_PLACEMENT_3D('',#3739,#3740,#3741);
#3739 = CARTESIAN_POINT('',(2.,1.75,0.));
#3740 = DIRECTION('',(0.,0.,1.));
#3741 = DIRECTION('',(0.707106781187,0.707106781187,-0.));
#3742 = ADVANCED_FACE('',(#3743),#3749,.T.);
#3743 = FACE_BOUND('',#3744,.T.);
#3744 = EDGE_LOOP('',(#3745,#3746,#3747,#3748));
#3745 = ORIENTED_EDGE('',*,*,#3713,.F.);
#3746 = ORIENTED_EDGE('',*,*,#3296,.T.);
#3747 = ORIENTED_EDGE('',*,*,#3732,.F.);
#3748 = ORIENTED_EDGE('',*,*,#3641,.F.);
#3749 = PLANE('',#3750);
#3750 = AXIS2_PLACEMENT_3D('',#3751,#3752,#3753);
#3751 = CARTESIAN_POINT('',(-3.,2.75,0.));
#3752 = DIRECTION('',(0.,1.,0.));
#3753 = DIRECTION('',(1.,0.,0.));
#3754 = ADVANCED_FACE('',(#3755),#3761,.T.);
#3755 = FACE_BOUND('',#3756,.T.);
#3756 = EDGE_LOOP('',(#3757,#3758,#3759,#3760));
#3757 = ORIENTED_EDGE('',*,*,#3679,.F.);
#3758 = ORIENTED_EDGE('',*,*,#3330,.T.);
#3759 = ORIENTED_EDGE('',*,*,#3698,.F.);
#3760 = ORIENTED_EDGE('',*,*,#3604,.F.);
#3761 = PLANE('',#3762);
#3762 = AXIS2_PLACEMENT_3D('',#3763,#3764,#3765);
#3763 = CARTESIAN_POINT('',(3.,-2.75,0.));
#3764 = DIRECTION('',(0.,-1.,0.));
#3765 = DIRECTION('',(-1.,0.,0.));
#3766 = ( GEOMETRIC_REPRESENTATION_CONTEXT(3) 
GLOBAL_UNCERTAINTY_ASSIGNED_CONTEXT((#3770)) 
GLOBAL_UNIT_ASSIGNED_CONTEXT((#3767,#3768,#3769)) REPRESENTATION_CONTEXT
('Context #1','3D Context with UNIT and UNCERTAINTY') );
#3767 = ( LENGTH_UNIT() NAMED_UNIT(*) SI_UNIT(.MILLI.,.METRE.) );
#3768 = ( NAMED_UNIT(*) PLANE_ANGLE_UNIT() SI_UNIT($,.RADIAN.) );
#3769 = ( NAMED_UNIT(*) SI_UNIT($,.STERADIAN.) SOLID_ANGLE_UNIT() );
#3770 = UNCERTAINTY_MEASURE_WITH_UNIT(LENGTH_MEASURE(1.E-07),#3767,
  'distance_accuracy_value','confusion accuracy');
#3771 = CONTEXT_DEPENDENT_SHAPE_REPRESENTATION(#3772,#3774);
#3772 = ( REPRESENTATION_RELATIONSHIP('','',#2875,#2848) 
REPRESENTATION_RELATIONSHIP_WITH_TRANSFORMATION(#3773) 
SHAPE_REPRESENTATION_RELATIONSHIP() );
#3773 = ITEM_DEFINED_TRANSFORMATION('','',#11,#2849);
#3774 = PRODUCT_DEFINITION_SHAPE('Placement','Placement of an item',
  #3775);
#3775 = NEXT_ASSEMBLY_USAGE_OCCURRENCE('3','Body:1','',#2843,#2870,$);
#3776 = PRODUCT_RELATED_PRODUCT_CATEGORY('part',$,(#2872));
#3777 = SHAPE_DEFINITION_REPRESENTATION(#3778,#3784);
#3778 = PRODUCT_DEFINITION_SHAPE('','',#3779);
#3779 = PRODUCT_DEFINITION('design','',#3780,#3783);
#3780 = PRODUCT_DEFINITION_FORMATION('','',#3781);
#3781 = PRODUCT('Pins','Pins','',(#3782));
#3782 = PRODUCT_CONTEXT('',#2,'mechanical');
#3783 = PRODUCT_DEFINITION_CONTEXT('part definition',#2,'design');
#3784 = SHAPE_REPRESENTATION('',(#11,#3785,#3935,#4085,#4235,#4385,#4535
    ,#4685,#4835),#4985);
#3785 = MANIFOLD_SOLID_BREP('',#3786);
#3786 = CLOSED_SHELL('',(#3787,#3827,#3867,#3889,#3911,#3923));
#3787 = ADVANCED_FACE('',(#3788),#3822,.F.);
#3788 = FACE_BOUND('',#3789,.T.);
#3789 = EDGE_LOOP('',(#3790,#3800,#3808,#3816));
#3790 = ORIENTED_EDGE('',*,*,#3791,.T.);
#3791 = EDGE_CURVE('',#3792,#3794,#3796,.T.);
#3792 = VERTEX_POINT('',#3793);
#3793 = CARTESIAN_POINT('',(-1.78,-3.58,0.));
#3794 = VERTEX_POINT('',#3795);
#3795 = CARTESIAN_POINT('',(-1.78,-3.58,0.1));
#3796 = LINE('',#3797,#3798);
#3797 = CARTESIAN_POINT('',(-1.78,-3.58,0.));
#3798 = VECTOR('',#3799,1.);
#3799 = DIRECTION('',(0.,0.,1.));
#3800 = ORIENTED_EDGE('',*,*,#3801,.T.);
#3801 = EDGE_CURVE('',#3794,#3802,#3804,.T.);
#3802 = VERTEX_POINT('',#3803);
#3803 = CARTESIAN_POINT('',(-1.78,-2.07,0.1));
#3804 = LINE('',#3805,#3806);
#3805 = CARTESIAN_POINT('',(-1.78,-3.58,0.1));
#3806 = VECTOR('',#3807,1.);
#3807 = DIRECTION('',(0.,1.,0.));
#3808 = ORIENTED_EDGE('',*,*,#3809,.F.);
#3809 = EDGE_CURVE('',#3810,#3802,#3812,.T.);
#3810 = VERTEX_POINT('',#3811);
#3811 = CARTESIAN_POINT('',(-1.78,-2.07,0.));
#3812 = LINE('',#3813,#3814);
#3813 = CARTESIAN_POINT('',(-1.78,-2.07,0.));
#3814 = VECTOR('',#3815,1.);
#3815 = DIRECTION('',(0.,0.,1.));
#3816 = ORIENTED_EDGE('',*,*,#3817,.F.);
#3817 = EDGE_CURVE('',#3792,#3810,#3818,.T.);
#3818 = LINE('',#3819,#3820);
#3819 = CARTESIAN_POINT('',(-1.78,-3.58,0.));
#3820 = VECTOR('',#3821,1.);
#3821 = DIRECTION('',(0.,1.,0.));
#3822 = PLANE('',#3823);
#3823 = AXIS2_PLACEMENT_3D('',#3824,#3825,#3826);
#3824 = CARTESIAN_POINT('',(-1.78,-3.58,0.));
#3825 = DIRECTION('',(1.,0.,0.));
#3826 = DIRECTION('',(0.,0.,1.));
#3827 = ADVANCED_FACE('',(#3828),#3862,.T.);
#3828 = FACE_BOUND('',#3829,.T.);
#3829 = EDGE_LOOP('',(#3830,#3840,#3848,#3856));
#3830 = ORIENTED_EDGE('',*,*,#3831,.F.);
#3831 = EDGE_CURVE('',#3832,#3834,#3836,.T.);
#3832 = VERTEX_POINT('',#3833);
#3833 = CARTESIAN_POINT('',(-1.22,-3.58,0.));
#3834 = VERTEX_POINT('',#3835);
#3835 = CARTESIAN_POINT('',(-1.22,-3.58,0.1));
#3836 = LINE('',#3837,#3838);
#3837 = CARTESIAN_POINT('',(-1.22,-3.58,0.));
#3838 = VECTOR('',#3839,1.);
#3839 = DIRECTION('',(0.,0.,1.));
#3840 = ORIENTED_EDGE('',*,*,#3841,.T.);
#3841 = EDGE_CURVE('',#3832,#3842,#3844,.T.);
#3842 = VERTEX_POINT('',#3843);
#3843 = CARTESIAN_POINT('',(-1.22,-2.07,0.));
#3844 = LINE('',#3845,#3846);
#3845 = CARTESIAN_POINT('',(-1.22,-3.58,0.));
#3846 = VECTOR('',#3847,1.);
#3847 = DIRECTION('',(0.,1.,0.));
#3848 = ORIENTED_EDGE('',*,*,#3849,.T.);
#3849 = EDGE_CURVE('',#3842,#3850,#3852,.T.);
#3850 = VERTEX_POINT('',#3851);
#3851 = CARTESIAN_POINT('',(-1.22,-2.07,0.1));
#3852 = LINE('',#3853,#3854);
#3853 = CARTESIAN_POINT('',(-1.22,-2.07,0.));
#3854 = VECTOR('',#3855,1.);
#3855 = DIRECTION('',(0.,0.,1.));
#3856 = ORIENTED_EDGE('',*,*,#3857,.F.);
#3857 = EDGE_CURVE('',#3834,#3850,#3858,.T.);
#3858 = LINE('',#3859,#3860);
#3859 = CARTESIAN_POINT('',(-1.22,-3.58,0.1));
#3860 = VECTOR('',#3861,1.);
#3861 = DIRECTION('',(0.,1.,0.));
#3862 = PLANE('',#3863);
#3863 = AXIS2_PLACEMENT_3D('',#3864,#3865,#3866);
#3864 = CARTESIAN_POINT('',(-1.22,-3.58,0.));
#3865 = DIRECTION('',(1.,0.,0.));
#3866 = DIRECTION('',(0.,0.,1.));
#3867 = ADVANCED_FACE('',(#3868),#3884,.F.);
#3868 = FACE_BOUND('',#3869,.T.);
#3869 = EDGE_LOOP('',(#3870,#3876,#3877,#3883));
#3870 = ORIENTED_EDGE('',*,*,#3871,.T.);
#3871 = EDGE_CURVE('',#3792,#3832,#3872,.T.);
#3872 = LINE('',#3873,#3874);
#3873 = CARTESIAN_POINT('',(-1.78,-3.58,0.));
#3874 = VECTOR('',#3875,1.);
#3875 = DIRECTION('',(1.,0.,0.));
#3876 = ORIENTED_EDGE('',*,*,#3831,.T.);
#3877 = ORIENTED_EDGE('',*,*,#3878,.F.);
#3878 = EDGE_CURVE('',#3794,#3834,#3879,.T.);
#3879 = LINE('',#3880,#3881);
#3880 = CARTESIAN_POINT('',(-1.78,-3.58,0.1));
#3881 = VECTOR('',#3882,1.);
#3882 = DIRECTION('',(1.,0.,0.));
#3883 = ORIENTED_EDGE('',*,*,#3791,.F.);
#3884 = PLANE('',#3885);
#3885 = AXIS2_PLACEMENT_3D('',#3886,#3887,#3888);
#3886 = CARTESIAN_POINT('',(-1.78,-3.58,0.));
#3887 = DIRECTION('',(0.,1.,0.));
#3888 = DIRECTION('',(0.,-0.,1.));
#3889 = ADVANCED_FACE('',(#3890),#3906,.T.);
#3890 = FACE_BOUND('',#3891,.T.);
#3891 = EDGE_LOOP('',(#3892,#3898,#3899,#3905));
#3892 = ORIENTED_EDGE('',*,*,#3893,.F.);
#3893 = EDGE_CURVE('',#3810,#3842,#3894,.T.);
#3894 = LINE('',#3895,#3896);
#3895 = CARTESIAN_POINT('',(-1.78,-2.07,0.));
#3896 = VECTOR('',#3897,1.);
#3897 = DIRECTION('',(1.,0.,0.));
#3898 = ORIENTED_EDGE('',*,*,#3809,.T.);
#3899 = ORIENTED_EDGE('',*,*,#3900,.T.);
#3900 = EDGE_CURVE('',#3802,#3850,#3901,.T.);
#3901 = LINE('',#3902,#3903);
#3902 = CARTESIAN_POINT('',(-1.78,-2.07,0.1));
#3903 = VECTOR('',#3904,1.);
#3904 = DIRECTION('',(1.,0.,0.));
#3905 = ORIENTED_EDGE('',*,*,#3849,.F.);
#3906 = PLANE('',#3907);
#3907 = AXIS2_PLACEMENT_3D('',#3908,#3909,#3910);
#3908 = CARTESIAN_POINT('',(-1.78,-2.07,0.));
#3909 = DIRECTION('',(0.,1.,0.));
#3910 = DIRECTION('',(0.,-0.,1.));
#3911 = ADVANCED_FACE('',(#3912),#3918,.F.);
#3912 = FACE_BOUND('',#3913,.T.);
#3913 = EDGE_LOOP('',(#3914,#3915,#3916,#3917));
#3914 = ORIENTED_EDGE('',*,*,#3817,.T.);
#3915 = ORIENTED_EDGE('',*,*,#3893,.T.);
#3916 = ORIENTED_EDGE('',*,*,#3841,.F.);
#3917 = ORIENTED_EDGE('',*,*,#3871,.F.);
#3918 = PLANE('',#3919);
#3919 = AXIS2_PLACEMENT_3D('',#3920,#3921,#3922);
#3920 = CARTESIAN_POINT('',(-1.78,-3.58,0.));
#3921 = DIRECTION('',(0.,0.,1.));
#3922 = DIRECTION('',(1.,0.,-0.));
#3923 = ADVANCED_FACE('',(#3924),#3930,.T.);
#3924 = FACE_BOUND('',#3925,.T.);
#3925 = EDGE_LOOP('',(#3926,#3927,#3928,#3929));
#3926 = ORIENTED_EDGE('',*,*,#3801,.F.);
#3927 = ORIENTED_EDGE('',*,*,#3878,.T.);
#3928 = ORIENTED_EDGE('',*,*,#3857,.T.);
#3929 = ORIENTED_EDGE('',*,*,#3900,.F.);
#3930 = PLANE('',#3931);
#3931 = AXIS2_PLACEMENT_3D('',#3932,#3933,#3934);
#3932 = CARTESIAN_POINT('',(-1.78,-3.58,0.1));
#3933 = DIRECTION('',(0.,0.,1.));
#3934 = DIRECTION('',(1.,0.,-0.));
#3935 = MANIFOLD_SOLID_BREP('',#3936);
#3936 = CLOSED_SHELL('',(#3937,#3977,#4017,#4039,#4061,#4073));
#3937 = ADVANCED_FACE('',(#3938),#3972,.F.);
#3938 = FACE_BOUND('',#3939,.T.);
#3939 = EDGE_LOOP('',(#3940,#3950,#3958,#3966));
#3940 = ORIENTED_EDGE('',*,*,#3941,.T.);
#3941 = EDGE_CURVE('',#3942,#3944,#3946,.T.);
#3942 = VERTEX_POINT('',#3943);
#3943 = CARTESIAN_POINT('',(-1.78,2.07,0.));
#3944 = VERTEX_POINT('',#3945);
#3945 = CARTESIAN_POINT('',(-1.78,2.07,0.1));
#3946 = LINE('',#3947,#3948);
#3947 = CARTESIAN_POINT('',(-1.78,2.07,0.));
#3948 = VECTOR('',#3949,1.);
#3949 = DIRECTION('',(0.,0.,1.));
#3950 = ORIENTED_EDGE('',*,*,#3951,.T.);
#3951 = EDGE_CURVE('',#3944,#3952,#3954,.T.);
#3952 = VERTEX_POINT('',#3953);
#3953 = CARTESIAN_POINT('',(-1.78,3.58,0.1));
#3954 = LINE('',#3955,#3956);
#3955 = CARTESIAN_POINT('',(-1.78,2.07,0.1));
#3956 = VECTOR('',#3957,1.);
#3957 = DIRECTION('',(0.,1.,0.));
#3958 = ORIENTED_EDGE('',*,*,#3959,.F.);
#3959 = EDGE_CURVE('',#3960,#3952,#3962,.T.);
#3960 = VERTEX_POINT('',#3961);
#3961 = CARTESIAN_POINT('',(-1.78,3.58,0.));
#3962 = LINE('',#3963,#3964);
#3963 = CARTESIAN_POINT('',(-1.78,3.58,0.));
#3964 = VECTOR('',#3965,1.);
#3965 = DIRECTION('',(0.,0.,1.));
#3966 = ORIENTED_EDGE('',*,*,#3967,.F.);
#3967 = EDGE_CURVE('',#3942,#3960,#3968,.T.);
#3968 = LINE('',#3969,#3970);
#3969 = CARTESIAN_POINT('',(-1.78,2.07,0.));
#3970 = VECTOR('',#3971,1.);
#3971 = DIRECTION('',(0.,1.,0.));
#3972 = PLANE('',#3973);
#3973 = AXIS2_PLACEMENT_3D('',#3974,#3975,#3976);
#3974 = CARTESIAN_POINT('',(-1.78,2.07,0.));
#3975 = DIRECTION('',(1.,0.,0.));
#3976 = DIRECTION('',(0.,0.,1.));
#3977 = ADVANCED_FACE('',(#3978),#4012,.T.);
#3978 = FACE_BOUND('',#3979,.T.);
#3979 = EDGE_LOOP('',(#3980,#3990,#3998,#4006));
#3980 = ORIENTED_EDGE('',*,*,#3981,.F.);
#3981 = EDGE_CURVE('',#3982,#3984,#3986,.T.);
#3982 = VERTEX_POINT('',#3983);
#3983 = CARTESIAN_POINT('',(-1.22,2.07,0.));
#3984 = VERTEX_POINT('',#3985);
#3985 = CARTESIAN_POINT('',(-1.22,2.07,0.1));
#3986 = LINE('',#3987,#3988);
#3987 = CARTESIAN_POINT('',(-1.22,2.07,0.));
#3988 = VECTOR('',#3989,1.);
#3989 = DIRECTION('',(0.,0.,1.));
#3990 = ORIENTED_EDGE('',*,*,#3991,.T.);
#3991 = EDGE_CURVE('',#3982,#3992,#3994,.T.);
#3992 = VERTEX_POINT('',#3993);
#3993 = CARTESIAN_POINT('',(-1.22,3.58,0.));
#3994 = LINE('',#3995,#3996);
#3995 = CARTESIAN_POINT('',(-1.22,2.07,0.));
#3996 = VECTOR('',#3997,1.);
#3997 = DIRECTION('',(0.,1.,0.));
#3998 = ORIENTED_EDGE('',*,*,#3999,.T.);
#3999 = EDGE_CURVE('',#3992,#4000,#4002,.T.);
#4000 = VERTEX_POINT('',#4001);
#4001 = CARTESIAN_POINT('',(-1.22,3.58,0.1));
#4002 = LINE('',#4003,#4004);
#4003 = CARTESIAN_POINT('',(-1.22,3.58,0.));
#4004 = VECTOR('',#4005,1.);
#4005 = DIRECTION('',(0.,0.,1.));
#4006 = ORIENTED_EDGE('',*,*,#4007,.F.);
#4007 = EDGE_CURVE('',#3984,#4000,#4008,.T.);
#4008 = LINE('',#4009,#4010);
#4009 = CARTESIAN_POINT('',(-1.22,2.07,0.1));
#4010 = VECTOR('',#4011,1.);
#4011 = DIRECTION('',(0.,1.,0.));
#4012 = PLANE('',#4013);
#4013 = AXIS2_PLACEMENT_3D('',#4014,#4015,#4016);
#4014 = CARTESIAN_POINT('',(-1.22,2.07,0.));
#4015 = DIRECTION('',(1.,0.,0.));
#4016 = DIRECTION('',(0.,0.,1.));
#4017 = ADVANCED_FACE('',(#4018),#4034,.F.);
#4018 = FACE_BOUND('',#4019,.T.);
#4019 = EDGE_LOOP('',(#4020,#4026,#4027,#4033));
#4020 = ORIENTED_EDGE('',*,*,#4021,.T.);
#4021 = EDGE_CURVE('',#3942,#3982,#4022,.T.);
#4022 = LINE('',#4023,#4024);
#4023 = CARTESIAN_POINT('',(-1.78,2.07,0.));
#4024 = VECTOR('',#4025,1.);
#4025 = DIRECTION('',(1.,0.,0.));
#4026 = ORIENTED_EDGE('',*,*,#3981,.T.);
#4027 = ORIENTED_EDGE('',*,*,#4028,.F.);
#4028 = EDGE_CURVE('',#3944,#3984,#4029,.T.);
#4029 = LINE('',#4030,#4031);
#4030 = CARTESIAN_POINT('',(-1.78,2.07,0.1));
#4031 = VECTOR('',#4032,1.);
#4032 = DIRECTION('',(1.,0.,0.));
#4033 = ORIENTED_EDGE('',*,*,#3941,.F.);
#4034 = PLANE('',#4035);
#4035 = AXIS2_PLACEMENT_3D('',#4036,#4037,#4038);
#4036 = CARTESIAN_POINT('',(-1.78,2.07,0.));
#4037 = DIRECTION('',(0.,1.,0.));
#4038 = DIRECTION('',(0.,-0.,1.));
#4039 = ADVANCED_FACE('',(#4040),#4056,.T.);
#4040 = FACE_BOUND('',#4041,.T.);
#4041 = EDGE_LOOP('',(#4042,#4048,#4049,#4055));
#4042 = ORIENTED_EDGE('',*,*,#4043,.F.);
#4043 = EDGE_CURVE('',#3960,#3992,#4044,.T.);
#4044 = LINE('',#4045,#4046);
#4045 = CARTESIAN_POINT('',(-1.78,3.58,0.));
#4046 = VECTOR('',#4047,1.);
#4047 = DIRECTION('',(1.,0.,0.));
#4048 = ORIENTED_EDGE('',*,*,#3959,.T.);
#4049 = ORIENTED_EDGE('',*,*,#4050,.T.);
#4050 = EDGE_CURVE('',#3952,#4000,#4051,.T.);
#4051 = LINE('',#4052,#4053);
#4052 = CARTESIAN_POINT('',(-1.78,3.58,0.1));
#4053 = VECTOR('',#4054,1.);
#4054 = DIRECTION('',(1.,0.,0.));
#4055 = ORIENTED_EDGE('',*,*,#3999,.F.);
#4056 = PLANE('',#4057);
#4057 = AXIS2_PLACEMENT_3D('',#4058,#4059,#4060);
#4058 = CARTESIAN_POINT('',(-1.78,3.58,0.));
#4059 = DIRECTION('',(0.,1.,0.));
#4060 = DIRECTION('',(0.,-0.,1.));
#4061 = ADVANCED_FACE('',(#4062),#4068,.F.);
#4062 = FACE_BOUND('',#4063,.T.);
#4063 = EDGE_LOOP('',(#4064,#4065,#4066,#4067));
#4064 = ORIENTED_EDGE('',*,*,#3967,.T.);
#4065 = ORIENTED_EDGE('',*,*,#4043,.T.);
#4066 = ORIENTED_EDGE('',*,*,#3991,.F.);
#4067 = ORIENTED_EDGE('',*,*,#4021,.F.);
#4068 = PLANE('',#4069);
#4069 = AXIS2_PLACEMENT_3D('',#4070,#4071,#4072);
#4070 = CARTESIAN_POINT('',(-1.78,2.07,0.));
#4071 = DIRECTION('',(0.,0.,1.));
#4072 = DIRECTION('',(1.,0.,-0.));
#4073 = ADVANCED_FACE('',(#4074),#4080,.T.);
#4074 = FACE_BOUND('',#4075,.T.);
#4075 = EDGE_LOOP('',(#4076,#4077,#4078,#4079));
#4076 = ORIENTED_EDGE('',*,*,#3951,.F.);
#4077 = ORIENTED_EDGE('',*,*,#4028,.T.);
#4078 = ORIENTED_EDGE('',*,*,#4007,.T.);
#4079 = ORIENTED_EDGE('',*,*,#4050,.F.);
#4080 = PLANE('',#4081);
#4081 = AXIS2_PLACEMENT_3D('',#4082,#4083,#4084);
#4082 = CARTESIAN_POINT('',(-1.78,2.07,0.1));
#4083 = DIRECTION('',(0.,0.,1.));
#4084 = DIRECTION('',(1.,0.,-0.));
#4085 = MANIFOLD_SOLID_BREP('',#4086);
#4086 = CLOSED_SHELL('',(#4087,#4127,#4167,#4189,#4211,#4223));
#4087 = ADVANCED_FACE('',(#4088),#4122,.F.);
#4088 = FACE_BOUND('',#4089,.T.);
#4089 = EDGE_LOOP('',(#4090,#4100,#4108,#4116));
#4090 = ORIENTED_EDGE('',*,*,#4091,.T.);
#4091 = EDGE_CURVE('',#4092,#4094,#4096,.T.);
#4092 = VERTEX_POINT('',#4093);
#4093 = CARTESIAN_POINT('',(-0.78,-3.58,0.));
#4094 = VERTEX_POINT('',#4095);
#4095 = CARTESIAN_POINT('',(-0.78,-3.58,0.1));
#4096 = LINE('',#4097,#4098);
#4097 = CARTESIAN_POINT('',(-0.78,-3.58,0.));
#4098 = VECTOR('',#4099,1.);
#4099 = DIRECTION('',(0.,0.,1.));
#4100 = ORIENTED_EDGE('',*,*,#4101,.T.);
#4101 = EDGE_CURVE('',#4094,#4102,#4104,.T.);
#4102 = VERTEX_POINT('',#4103);
#4103 = CARTESIAN_POINT('',(-0.78,-2.07,0.1));
#4104 = LINE('',#4105,#4106);
#4105 = CARTESIAN_POINT('',(-0.78,-3.58,0.1));
#4106 = VECTOR('',#4107,1.);
#4107 = DIRECTION('',(0.,1.,0.));
#4108 = ORIENTED_EDGE('',*,*,#4109,.F.);
#4109 = EDGE_CURVE('',#4110,#4102,#4112,.T.);
#4110 = VERTEX_POINT('',#4111);
#4111 = CARTESIAN_POINT('',(-0.78,-2.07,0.));
#4112 = LINE('',#4113,#4114);
#4113 = CARTESIAN_POINT('',(-0.78,-2.07,0.));
#4114 = VECTOR('',#4115,1.);
#4115 = DIRECTION('',(0.,0.,1.));
#4116 = ORIENTED_EDGE('',*,*,#4117,.F.);
#4117 = EDGE_CURVE('',#4092,#4110,#4118,.T.);
#4118 = LINE('',#4119,#4120);
#4119 = CARTESIAN_POINT('',(-0.78,-3.58,0.));
#4120 = VECTOR('',#4121,1.);
#4121 = DIRECTION('',(0.,1.,0.));
#4122 = PLANE('',#4123);
#4123 = AXIS2_PLACEMENT_3D('',#4124,#4125,#4126);
#4124 = CARTESIAN_POINT('',(-0.78,-3.58,0.));
#4125 = DIRECTION('',(1.,0.,0.));
#4126 = DIRECTION('',(0.,0.,1.));
#4127 = ADVANCED_FACE('',(#4128),#4162,.T.);
#4128 = FACE_BOUND('',#4129,.T.);
#4129 = EDGE_LOOP('',(#4130,#4140,#4148,#4156));
#4130 = ORIENTED_EDGE('',*,*,#4131,.F.);
#4131 = EDGE_CURVE('',#4132,#4134,#4136,.T.);
#4132 = VERTEX_POINT('',#4133);
#4133 = CARTESIAN_POINT('',(-0.22,-3.58,0.));
#4134 = VERTEX_POINT('',#4135);
#4135 = CARTESIAN_POINT('',(-0.22,-3.58,0.1));
#4136 = LINE('',#4137,#4138);
#4137 = CARTESIAN_POINT('',(-0.22,-3.58,0.));
#4138 = VECTOR('',#4139,1.);
#4139 = DIRECTION('',(0.,0.,1.));
#4140 = ORIENTED_EDGE('',*,*,#4141,.T.);
#4141 = EDGE_CURVE('',#4132,#4142,#4144,.T.);
#4142 = VERTEX_POINT('',#4143);
#4143 = CARTESIAN_POINT('',(-0.22,-2.07,0.));
#4144 = LINE('',#4145,#4146);
#4145 = CARTESIAN_POINT('',(-0.22,-3.58,0.));
#4146 = VECTOR('',#4147,1.);
#4147 = DIRECTION('',(0.,1.,0.));
#4148 = ORIENTED_EDGE('',*,*,#4149,.T.);
#4149 = EDGE_CURVE('',#4142,#4150,#4152,.T.);
#4150 = VERTEX_POINT('',#4151);
#4151 = CARTESIAN_POINT('',(-0.22,-2.07,0.1));
#4152 = LINE('',#4153,#4154);
#4153 = CARTESIAN_POINT('',(-0.22,-2.07,0.));
#4154 = VECTOR('',#4155,1.);
#4155 = DIRECTION('',(0.,0.,1.));
#4156 = ORIENTED_EDGE('',*,*,#4157,.F.);
#4157 = EDGE_CURVE('',#4134,#4150,#4158,.T.);
#4158 = LINE('',#4159,#4160);
#4159 = CARTESIAN_POINT('',(-0.22,-3.58,0.1));
#4160 = VECTOR('',#4161,1.);
#4161 = DIRECTION('',(0.,1.,0.));
#4162 = PLANE('',#4163);
#4163 = AXIS2_PLACEMENT_3D('',#4164,#4165,#4166);
#4164 = CARTESIAN_POINT('',(-0.22,-3.58,0.));
#4165 = DIRECTION('',(1.,0.,0.));
#4166 = DIRECTION('',(0.,0.,1.));
#4167 = ADVANCED_FACE('',(#4168),#4184,.F.);
#4168 = FACE_BOUND('',#4169,.T.);
#4169 = EDGE_LOOP('',(#4170,#4176,#4177,#4183));
#4170 = ORIENTED_EDGE('',*,*,#4171,.T.);
#4171 = EDGE_CURVE('',#4092,#4132,#4172,.T.);
#4172 = LINE('',#4173,#4174);
#4173 = CARTESIAN_POINT('',(-0.78,-3.58,0.));
#4174 = VECTOR('',#4175,1.);
#4175 = DIRECTION('',(1.,0.,0.));
#4176 = ORIENTED_EDGE('',*,*,#4131,.T.);
#4177 = ORIENTED_EDGE('',*,*,#4178,.F.);
#4178 = EDGE_CURVE('',#4094,#4134,#4179,.T.);
#4179 = LINE('',#4180,#4181);
#4180 = CARTESIAN_POINT('',(-0.78,-3.58,0.1));
#4181 = VECTOR('',#4182,1.);
#4182 = DIRECTION('',(1.,0.,0.));
#4183 = ORIENTED_EDGE('',*,*,#4091,.F.);
#4184 = PLANE('',#4185);
#4185 = AXIS2_PLACEMENT_3D('',#4186,#4187,#4188);
#4186 = CARTESIAN_POINT('',(-0.78,-3.58,0.));
#4187 = DIRECTION('',(0.,1.,0.));
#4188 = DIRECTION('',(0.,-0.,1.));
#4189 = ADVANCED_FACE('',(#4190),#4206,.T.);
#4190 = FACE_BOUND('',#4191,.T.);
#4191 = EDGE_LOOP('',(#4192,#4198,#4199,#4205));
#4192 = ORIENTED_EDGE('',*,*,#4193,.F.);
#4193 = EDGE_CURVE('',#4110,#4142,#4194,.T.);
#4194 = LINE('',#4195,#4196);
#4195 = CARTESIAN_POINT('',(-0.78,-2.07,0.));
#4196 = VECTOR('',#4197,1.);
#4197 = DIRECTION('',(1.,0.,0.));
#4198 = ORIENTED_EDGE('',*,*,#4109,.T.);
#4199 = ORIENTED_EDGE('',*,*,#4200,.T.);
#4200 = EDGE_CURVE('',#4102,#4150,#4201,.T.);
#4201 = LINE('',#4202,#4203);
#4202 = CARTESIAN_POINT('',(-0.78,-2.07,0.1));
#4203 = VECTOR('',#4204,1.);
#4204 = DIRECTION('',(1.,0.,0.));
#4205 = ORIENTED_EDGE('',*,*,#4149,.F.);
#4206 = PLANE('',#4207);
#4207 = AXIS2_PLACEMENT_3D('',#4208,#4209,#4210);
#4208 = CARTESIAN_POINT('',(-0.78,-2.07,0.));
#4209 = DIRECTION('',(0.,1.,0.));
#4210 = DIRECTION('',(0.,-0.,1.));
#4211 = ADVANCED_FACE('',(#4212),#4218,.F.);
#4212 = FACE_BOUND('',#4213,.T.);
#4213 = EDGE_LOOP('',(#4214,#4215,#4216,#4217));
#4214 = ORIENTED_EDGE('',*,*,#4117,.T.);
#4215 = ORIENTED_EDGE('',*,*,#4193,.T.);
#4216 = ORIENTED_EDGE('',*,*,#4141,.F.);
#4217 = ORIENTED_EDGE('',*,*,#4171,.F.);
#4218 = PLANE('',#4219);
#4219 = AXIS2_PLACEMENT_3D('',#4220,#4221,#4222);
#4220 = CARTESIAN_POINT('',(-0.78,-3.58,0.));
#4221 = DIRECTION('',(0.,0.,1.));
#4222 = DIRECTION('',(1.,0.,-0.));
#4223 = ADVANCED_FACE('',(#4224),#4230,.T.);
#4224 = FACE_BOUND('',#4225,.T.);
#4225 = EDGE_LOOP('',(#4226,#4227,#4228,#4229));
#4226 = ORIENTED_EDGE('',*,*,#4101,.F.);
#4227 = ORIENTED_EDGE('',*,*,#4178,.T.);
#4228 = ORIENTED_EDGE('',*,*,#4157,.T.);
#4229 = ORIENTED_EDGE('',*,*,#4200,.F.);
#4230 = PLANE('',#4231);
#4231 = AXIS2_PLACEMENT_3D('',#4232,#4233,#4234);
#4232 = CARTESIAN_POINT('',(-0.78,-3.58,0.1));
#4233 = DIRECTION('',(0.,0.,1.));
#4234 = DIRECTION('',(1.,0.,-0.));
#4235 = MANIFOLD_SOLID_BREP('',#4236);
#4236 = CLOSED_SHELL('',(#4237,#4277,#4317,#4339,#4361,#4373));
#4237 = ADVANCED_FACE('',(#4238),#4272,.F.);
#4238 = FACE_BOUND('',#4239,.T.);
#4239 = EDGE_LOOP('',(#4240,#4250,#4258,#4266));
#4240 = ORIENTED_EDGE('',*,*,#4241,.T.);
#4241 = EDGE_CURVE('',#4242,#4244,#4246,.T.);
#4242 = VERTEX_POINT('',#4243);
#4243 = CARTESIAN_POINT('',(-0.78,2.07,0.));
#4244 = VERTEX_POINT('',#4245);
#4245 = CARTESIAN_POINT('',(-0.78,2.07,0.1));
#4246 = LINE('',#4247,#4248);
#4247 = CARTESIAN_POINT('',(-0.78,2.07,0.));
#4248 = VECTOR('',#4249,1.);
#4249 = DIRECTION('',(0.,0.,1.));
#4250 = ORIENTED_EDGE('',*,*,#4251,.T.);
#4251 = EDGE_CURVE('',#4244,#4252,#4254,.T.);
#4252 = VERTEX_POINT('',#4253);
#4253 = CARTESIAN_POINT('',(-0.78,3.58,0.1));
#4254 = LINE('',#4255,#4256);
#4255 = CARTESIAN_POINT('',(-0.78,2.07,0.1));
#4256 = VECTOR('',#4257,1.);
#4257 = DIRECTION('',(0.,1.,0.));
#4258 = ORIENTED_EDGE('',*,*,#4259,.F.);
#4259 = EDGE_CURVE('',#4260,#4252,#4262,.T.);
#4260 = VERTEX_POINT('',#4261);
#4261 = CARTESIAN_POINT('',(-0.78,3.58,0.));
#4262 = LINE('',#4263,#4264);
#4263 = CARTESIAN_POINT('',(-0.78,3.58,0.));
#4264 = VECTOR('',#4265,1.);
#4265 = DIRECTION('',(0.,0.,1.));
#4266 = ORIENTED_EDGE('',*,*,#4267,.F.);
#4267 = EDGE_CURVE('',#4242,#4260,#4268,.T.);
#4268 = LINE('',#4269,#4270);
#4269 = CARTESIAN_POINT('',(-0.78,2.07,0.));
#4270 = VECTOR('',#4271,1.);
#4271 = DIRECTION('',(0.,1.,0.));
#4272 = PLANE('',#4273);
#4273 = AXIS2_PLACEMENT_3D('',#4274,#4275,#4276);
#4274 = CARTESIAN_POINT('',(-0.78,2.07,0.));
#4275 = DIRECTION('',(1.,0.,0.));
#4276 = DIRECTION('',(0.,0.,1.));
#4277 = ADVANCED_FACE('',(#4278),#4312,.T.);
#4278 = FACE_BOUND('',#4279,.T.);
#4279 = EDGE_LOOP('',(#4280,#4290,#4298,#4306));
#4280 = ORIENTED_EDGE('',*,*,#4281,.F.);
#4281 = EDGE_CURVE('',#4282,#4284,#4286,.T.);
#4282 = VERTEX_POINT('',#4283);
#4283 = CARTESIAN_POINT('',(-0.22,2.07,0.));
#4284 = VERTEX_POINT('',#4285);
#4285 = CARTESIAN_POINT('',(-0.22,2.07,0.1));
#4286 = LINE('',#4287,#4288);
#4287 = CARTESIAN_POINT('',(-0.22,2.07,0.));
#4288 = VECTOR('',#4289,1.);
#4289 = DIRECTION('',(0.,0.,1.));
#4290 = ORIENTED_EDGE('',*,*,#4291,.T.);
#4291 = EDGE_CURVE('',#4282,#4292,#4294,.T.);
#4292 = VERTEX_POINT('',#4293);
#4293 = CARTESIAN_POINT('',(-0.22,3.58,0.));
#4294 = LINE('',#4295,#4296);
#4295 = CARTESIAN_POINT('',(-0.22,2.07,0.));
#4296 = VECTOR('',#4297,1.);
#4297 = DIRECTION('',(0.,1.,0.));
#4298 = ORIENTED_EDGE('',*,*,#4299,.T.);
#4299 = EDGE_CURVE('',#4292,#4300,#4302,.T.);
#4300 = VERTEX_POINT('',#4301);
#4301 = CARTESIAN_POINT('',(-0.22,3.58,0.1));
#4302 = LINE('',#4303,#4304);
#4303 = CARTESIAN_POINT('',(-0.22,3.58,0.));
#4304 = VECTOR('',#4305,1.);
#4305 = DIRECTION('',(0.,0.,1.));
#4306 = ORIENTED_EDGE('',*,*,#4307,.F.);
#4307 = EDGE_CURVE('',#4284,#4300,#4308,.T.);
#4308 = LINE('',#4309,#4310);
#4309 = CARTESIAN_POINT('',(-0.22,2.07,0.1));
#4310 = VECTOR('',#4311,1.);
#4311 = DIRECTION('',(0.,1.,0.));
#4312 = PLANE('',#4313);
#4313 = AXIS2_PLACEMENT_3D('',#4314,#4315,#4316);
#4314 = CARTESIAN_POINT('',(-0.22,2.07,0.));
#4315 = DIRECTION('',(1.,0.,0.));
#4316 = DIRECTION('',(0.,0.,1.));
#4317 = ADVANCED_FACE('',(#4318),#4334,.F.);
#4318 = FACE_BOUND('',#4319,.T.);
#4319 = EDGE_LOOP('',(#4320,#4326,#4327,#4333));
#4320 = ORIENTED_EDGE('',*,*,#4321,.T.);
#4321 = EDGE_CURVE('',#4242,#4282,#4322,.T.);
#4322 = LINE('',#4323,#4324);
#4323 = CARTESIAN_POINT('',(-0.78,2.07,0.));
#4324 = VECTOR('',#4325,1.);
#4325 = DIRECTION('',(1.,0.,0.));
#4326 = ORIENTED_EDGE('',*,*,#4281,.T.);
#4327 = ORIENTED_EDGE('',*,*,#4328,.F.);
#4328 = EDGE_CURVE('',#4244,#4284,#4329,.T.);
#4329 = LINE('',#4330,#4331);
#4330 = CARTESIAN_POINT('',(-0.78,2.07,0.1));
#4331 = VECTOR('',#4332,1.);
#4332 = DIRECTION('',(1.,0.,0.));
#4333 = ORIENTED_EDGE('',*,*,#4241,.F.);
#4334 = PLANE('',#4335);
#4335 = AXIS2_PLACEMENT_3D('',#4336,#4337,#4338);
#4336 = CARTESIAN_POINT('',(-0.78,2.07,0.));
#4337 = DIRECTION('',(0.,1.,0.));
#4338 = DIRECTION('',(0.,-0.,1.));
#4339 = ADVANCED_FACE('',(#4340),#4356,.T.);
#4340 = FACE_BOUND('',#4341,.T.);
#4341 = EDGE_LOOP('',(#4342,#4348,#4349,#4355));
#4342 = ORIENTED_EDGE('',*,*,#4343,.F.);
#4343 = EDGE_CURVE('',#4260,#4292,#4344,.T.);
#4344 = LINE('',#4345,#4346);
#4345 = CARTESIAN_POINT('',(-0.78,3.58,0.));
#4346 = VECTOR('',#4347,1.);
#4347 = DIRECTION('',(1.,0.,0.));
#4348 = ORIENTED_EDGE('',*,*,#4259,.T.);
#4349 = ORIENTED_EDGE('',*,*,#4350,.T.);
#4350 = EDGE_CURVE('',#4252,#4300,#4351,.T.);
#4351 = LINE('',#4352,#4353);
#4352 = CARTESIAN_POINT('',(-0.78,3.58,0.1));
#4353 = VECTOR('',#4354,1.);
#4354 = DIRECTION('',(1.,0.,0.));
#4355 = ORIENTED_EDGE('',*,*,#4299,.F.);
#4356 = PLANE('',#4357);
#4357 = AXIS2_PLACEMENT_3D('',#4358,#4359,#4360);
#4358 = CARTESIAN_POINT('',(-0.78,3.58,0.));
#4359 = DIRECTION('',(0.,1.,0.));
#4360 = DIRECTION('',(0.,-0.,1.));
#4361 = ADVANCED_FACE('',(#4362),#4368,.F.);
#4362 = FACE_BOUND('',#4363,.T.);
#4363 = EDGE_LOOP('',(#4364,#4365,#4366,#4367));
#4364 = ORIENTED_EDGE('',*,*,#4267,.T.);
#4365 = ORIENTED_EDGE('',*,*,#4343,.T.);
#4366 = ORIENTED_EDGE('',*,*,#4291,.F.);
#4367 = ORIENTED_EDGE('',*,*,#4321,.F.);
#4368 = PLANE('',#4369);
#4369 = AXIS2_PLACEMENT_3D('',#4370,#4371,#4372);
#4370 = CARTESIAN_POINT('',(-0.78,2.07,0.));
#4371 = DIRECTION('',(0.,0.,1.));
#4372 = DIRECTION('',(1.,0.,-0.));
#4373 = ADVANCED_FACE('',(#4374),#4380,.T.);
#4374 = FACE_BOUND('',#4375,.T.);
#4375 = EDGE_LOOP('',(#4376,#4377,#4378,#4379));
#4376 = ORIENTED_EDGE('',*,*,#4251,.F.);
#4377 = ORIENTED_EDGE('',*,*,#4328,.T.);
#4378 = ORIENTED_EDGE('',*,*,#4307,.T.);
#4379 = ORIENTED_EDGE('',*,*,#4350,.F.);
#4380 = PLANE('',#4381);
#4381 = AXIS2_PLACEMENT_3D('',#4382,#4383,#4384);
#4382 = CARTESIAN_POINT('',(-0.78,2.07,0.1));
#4383 = DIRECTION('',(0.,0.,1.));
#4384 = DIRECTION('',(1.,0.,-0.));
#4385 = MANIFOLD_SOLID_BREP('',#4386);
#4386 = CLOSED_SHELL('',(#4387,#4427,#4467,#4489,#4511,#4523));
#4387 = ADVANCED_FACE('',(#4388),#4422,.F.);
#4388 = FACE_BOUND('',#4389,.T.);
#4389 = EDGE_LOOP('',(#4390,#4400,#4408,#4416));
#4390 = ORIENTED_EDGE('',*,*,#4391,.T.);
#4391 = EDGE_CURVE('',#4392,#4394,#4396,.T.);
#4392 = VERTEX_POINT('',#4393);
#4393 = CARTESIAN_POINT('',(0.22,-3.58,0.));
#4394 = VERTEX_POINT('',#4395);
#4395 = CARTESIAN_POINT('',(0.22,-3.58,0.1));
#4396 = LINE('',#4397,#4398);
#4397 = CARTESIAN_POINT('',(0.22,-3.58,0.));
#4398 = VECTOR('',#4399,1.);
#4399 = DIRECTION('',(0.,0.,1.));
#4400 = ORIENTED_EDGE('',*,*,#4401,.T.);
#4401 = EDGE_CURVE('',#4394,#4402,#4404,.T.);
#4402 = VERTEX_POINT('',#4403);
#4403 = CARTESIAN_POINT('',(0.22,-2.07,0.1));
#4404 = LINE('',#4405,#4406);
#4405 = CARTESIAN_POINT('',(0.22,-3.58,0.1));
#4406 = VECTOR('',#4407,1.);
#4407 = DIRECTION('',(0.,1.,0.));
#4408 = ORIENTED_EDGE('',*,*,#4409,.F.);
#4409 = EDGE_CURVE('',#4410,#4402,#4412,.T.);
#4410 = VERTEX_POINT('',#4411);
#4411 = CARTESIAN_POINT('',(0.22,-2.07,0.));
#4412 = LINE('',#4413,#4414);
#4413 = CARTESIAN_POINT('',(0.22,-2.07,0.));
#4414 = VECTOR('',#4415,1.);
#4415 = DIRECTION('',(0.,0.,1.));
#4416 = ORIENTED_EDGE('',*,*,#4417,.F.);
#4417 = EDGE_CURVE('',#4392,#4410,#4418,.T.);
#4418 = LINE('',#4419,#4420);
#4419 = CARTESIAN_POINT('',(0.22,-3.58,0.));
#4420 = VECTOR('',#4421,1.);
#4421 = DIRECTION('',(0.,1.,0.));
#4422 = PLANE('',#4423);
#4423 = AXIS2_PLACEMENT_3D('',#4424,#4425,#4426);
#4424 = CARTESIAN_POINT('',(0.22,-3.58,0.));
#4425 = DIRECTION('',(1.,0.,0.));
#4426 = DIRECTION('',(0.,0.,1.));
#4427 = ADVANCED_FACE('',(#4428),#4462,.T.);
#4428 = FACE_BOUND('',#4429,.T.);
#4429 = EDGE_LOOP('',(#4430,#4440,#4448,#4456));
#4430 = ORIENTED_EDGE('',*,*,#4431,.F.);
#4431 = EDGE_CURVE('',#4432,#4434,#4436,.T.);
#4432 = VERTEX_POINT('',#4433);
#4433 = CARTESIAN_POINT('',(0.78,-3.58,0.));
#4434 = VERTEX_POINT('',#4435);
#4435 = CARTESIAN_POINT('',(0.78,-3.58,0.1));
#4436 = LINE('',#4437,#4438);
#4437 = CARTESIAN_POINT('',(0.78,-3.58,0.));
#4438 = VECTOR('',#4439,1.);
#4439 = DIRECTION('',(0.,0.,1.));
#4440 = ORIENTED_EDGE('',*,*,#4441,.T.);
#4441 = EDGE_CURVE('',#4432,#4442,#4444,.T.);
#4442 = VERTEX_POINT('',#4443);
#4443 = CARTESIAN_POINT('',(0.78,-2.07,0.));
#4444 = LINE('',#4445,#4446);
#4445 = CARTESIAN_POINT('',(0.78,-3.58,0.));
#4446 = VECTOR('',#4447,1.);
#4447 = DIRECTION('',(0.,1.,0.));
#4448 = ORIENTED_EDGE('',*,*,#4449,.T.);
#4449 = EDGE_CURVE('',#4442,#4450,#4452,.T.);
#4450 = VERTEX_POINT('',#4451);
#4451 = CARTESIAN_POINT('',(0.78,-2.07,0.1));
#4452 = LINE('',#4453,#4454);
#4453 = CARTESIAN_POINT('',(0.78,-2.07,0.));
#4454 = VECTOR('',#4455,1.);
#4455 = DIRECTION('',(0.,0.,1.));
#4456 = ORIENTED_EDGE('',*,*,#4457,.F.);
#4457 = EDGE_CURVE('',#4434,#4450,#4458,.T.);
#4458 = LINE('',#4459,#4460);
#4459 = CARTESIAN_POINT('',(0.78,-3.58,0.1));
#4460 = VECTOR('',#4461,1.);
#4461 = DIRECTION('',(0.,1.,0.));
#4462 = PLANE('',#4463);
#4463 = AXIS2_PLACEMENT_3D('',#4464,#4465,#4466);
#4464 = CARTESIAN_POINT('',(0.78,-3.58,0.));
#4465 = DIRECTION('',(1.,0.,0.));
#4466 = DIRECTION('',(0.,0.,1.));
#4467 = ADVANCED_FACE('',(#4468),#4484,.F.);
#4468 = FACE_BOUND('',#4469,.T.);
#4469 = EDGE_LOOP('',(#4470,#4476,#4477,#4483));
#4470 = ORIENTED_EDGE('',*,*,#4471,.T.);
#4471 = EDGE_CURVE('',#4392,#4432,#4472,.T.);
#4472 = LINE('',#4473,#4474);
#4473 = CARTESIAN_POINT('',(0.22,-3.58,0.));
#4474 = VECTOR('',#4475,1.);
#4475 = DIRECTION('',(1.,0.,0.));
#4476 = ORIENTED_EDGE('',*,*,#4431,.T.);
#4477 = ORIENTED_EDGE('',*,*,#4478,.F.);
#4478 = EDGE_CURVE('',#4394,#4434,#4479,.T.);
#4479 = LINE('',#4480,#4481);
#4480 = CARTESIAN_POINT('',(0.22,-3.58,0.1));
#4481 = VECTOR('',#4482,1.);
#4482 = DIRECTION('',(1.,0.,0.));
#4483 = ORIENTED_EDGE('',*,*,#4391,.F.);
#4484 = PLANE('',#4485);
#4485 = AXIS2_PLACEMENT_3D('',#4486,#4487,#4488);
#4486 = CARTESIAN_POINT('',(0.22,-3.58,0.));
#4487 = DIRECTION('',(0.,1.,0.));
#4488 = DIRECTION('',(0.,-0.,1.));
#4489 = ADVANCED_FACE('',(#4490),#4506,.T.);
#4490 = FACE_BOUND('',#4491,.T.);
#4491 = EDGE_LOOP('',(#4492,#4498,#4499,#4505));
#4492 = ORIENTED_EDGE('',*,*,#4493,.F.);
#4493 = EDGE_CURVE('',#4410,#4442,#4494,.T.);
#4494 = LINE('',#4495,#4496);
#4495 = CARTESIAN_POINT('',(0.22,-2.07,0.));
#4496 = VECTOR('',#4497,1.);
#4497 = DIRECTION('',(1.,0.,0.));
#4498 = ORIENTED_EDGE('',*,*,#4409,.T.);
#4499 = ORIENTED_EDGE('',*,*,#4500,.T.);
#4500 = EDGE_CURVE('',#4402,#4450,#4501,.T.);
#4501 = LINE('',#4502,#4503);
#4502 = CARTESIAN_POINT('',(0.22,-2.07,0.1));
#4503 = VECTOR('',#4504,1.);
#4504 = DIRECTION('',(1.,0.,0.));
#4505 = ORIENTED_EDGE('',*,*,#4449,.F.);
#4506 = PLANE('',#4507);
#4507 = AXIS2_PLACEMENT_3D('',#4508,#4509,#4510);
#4508 = CARTESIAN_POINT('',(0.22,-2.07,0.));
#4509 = DIRECTION('',(0.,1.,0.));
#4510 = DIRECTION('',(0.,-0.,1.));
#4511 = ADVANCED_FACE('',(#4512),#4518,.F.);
#4512 = FACE_BOUND('',#4513,.T.);
#4513 = EDGE_LOOP('',(#4514,#4515,#4516,#4517));
#4514 = ORIENTED_EDGE('',*,*,#4417,.T.);
#4515 = ORIENTED_EDGE('',*,*,#4493,.T.);
#4516 = ORIENTED_EDGE('',*,*,#4441,.F.);
#4517 = ORIENTED_EDGE('',*,*,#4471,.F.);
#4518 = PLANE('',#4519);
#4519 = AXIS2_PLACEMENT_3D('',#4520,#4521,#4522);
#4520 = CARTESIAN_POINT('',(0.22,-3.58,0.));
#4521 = DIRECTION('',(0.,0.,1.));
#4522 = DIRECTION('',(1.,0.,-0.));
#4523 = ADVANCED_FACE('',(#4524),#4530,.T.);
#4524 = FACE_BOUND('',#4525,.T.);
#4525 = EDGE_LOOP('',(#4526,#4527,#4528,#4529));
#4526 = ORIENTED_EDGE('',*,*,#4401,.F.);
#4527 = ORIENTED_EDGE('',*,*,#4478,.T.);
#4528 = ORIENTED_EDGE('',*,*,#4457,.T.);
#4529 = ORIENTED_EDGE('',*,*,#4500,.F.);
#4530 = PLANE('',#4531);
#4531 = AXIS2_PLACEMENT_3D('',#4532,#4533,#4534);
#4532 = CARTESIAN_POINT('',(0.22,-3.58,0.1));
#4533 = DIRECTION('',(0.,0.,1.));
#4534 = DIRECTION('',(1.,0.,-0.));
#4535 = MANIFOLD_SOLID_BREP('',#4536);
#4536 = CLOSED_SHELL('',(#4537,#4577,#4617,#4639,#4661,#4673));
#4537 = ADVANCED_FACE('',(#4538),#4572,.F.);
#4538 = FACE_BOUND('',#4539,.T.);
#4539 = EDGE_LOOP('',(#4540,#4550,#4558,#4566));
#4540 = ORIENTED_EDGE('',*,*,#4541,.T.);
#4541 = EDGE_CURVE('',#4542,#4544,#4546,.T.);
#4542 = VERTEX_POINT('',#4543);
#4543 = CARTESIAN_POINT('',(0.22,2.07,0.));
#4544 = VERTEX_POINT('',#4545);
#4545 = CARTESIAN_POINT('',(0.22,2.07,0.1));
#4546 = LINE('',#4547,#4548);
#4547 = CARTESIAN_POINT('',(0.22,2.07,0.));
#4548 = VECTOR('',#4549,1.);
#4549 = DIRECTION('',(0.,0.,1.));
#4550 = ORIENTED_EDGE('',*,*,#4551,.T.);
#4551 = EDGE_CURVE('',#4544,#4552,#4554,.T.);
#4552 = VERTEX_POINT('',#4553);
#4553 = CARTESIAN_POINT('',(0.22,3.58,0.1));
#4554 = LINE('',#4555,#4556);
#4555 = CARTESIAN_POINT('',(0.22,2.07,0.1));
#4556 = VECTOR('',#4557,1.);
#4557 = DIRECTION('',(0.,1.,0.));
#4558 = ORIENTED_EDGE('',*,*,#4559,.F.);
#4559 = EDGE_CURVE('',#4560,#4552,#4562,.T.);
#4560 = VERTEX_POINT('',#4561);
#4561 = CARTESIAN_POINT('',(0.22,3.58,0.));
#4562 = LINE('',#4563,#4564);
#4563 = CARTESIAN_POINT('',(0.22,3.58,0.));
#4564 = VECTOR('',#4565,1.);
#4565 = DIRECTION('',(0.,0.,1.));
#4566 = ORIENTED_EDGE('',*,*,#4567,.F.);
#4567 = EDGE_CURVE('',#4542,#4560,#4568,.T.);
#4568 = LINE('',#4569,#4570);
#4569 = CARTESIAN_POINT('',(0.22,2.07,0.));
#4570 = VECTOR('',#4571,1.);
#4571 = DIRECTION('',(0.,1.,0.));
#4572 = PLANE('',#4573);
#4573 = AXIS2_PLACEMENT_3D('',#4574,#4575,#4576);
#4574 = CARTESIAN_POINT('',(0.22,2.07,0.));
#4575 = DIRECTION('',(1.,0.,0.));
#4576 = DIRECTION('',(0.,0.,1.));
#4577 = ADVANCED_FACE('',(#4578),#4612,.T.);
#4578 = FACE_BOUND('',#4579,.T.);
#4579 = EDGE_LOOP('',(#4580,#4590,#4598,#4606));
#4580 = ORIENTED_EDGE('',*,*,#4581,.F.);
#4581 = EDGE_CURVE('',#4582,#4584,#4586,.T.);
#4582 = VERTEX_POINT('',#4583);
#4583 = CARTESIAN_POINT('',(0.78,2.07,0.));
#4584 = VERTEX_POINT('',#4585);
#4585 = CARTESIAN_POINT('',(0.78,2.07,0.1));
#4586 = LINE('',#4587,#4588);
#4587 = CARTESIAN_POINT('',(0.78,2.07,0.));
#4588 = VECTOR('',#4589,1.);
#4589 = DIRECTION('',(0.,0.,1.));
#4590 = ORIENTED_EDGE('',*,*,#4591,.T.);
#4591 = EDGE_CURVE('',#4582,#4592,#4594,.T.);
#4592 = VERTEX_POINT('',#4593);
#4593 = CARTESIAN_POINT('',(0.78,3.58,0.));
#4594 = LINE('',#4595,#4596);
#4595 = CARTESIAN_POINT('',(0.78,2.07,0.));
#4596 = VECTOR('',#4597,1.);
#4597 = DIRECTION('',(0.,1.,0.));
#4598 = ORIENTED_EDGE('',*,*,#4599,.T.);
#4599 = EDGE_CURVE('',#4592,#4600,#4602,.T.);
#4600 = VERTEX_POINT('',#4601);
#4601 = CARTESIAN_POINT('',(0.78,3.58,0.1));
#4602 = LINE('',#4603,#4604);
#4603 = CARTESIAN_POINT('',(0.78,3.58,0.));
#4604 = VECTOR('',#4605,1.);
#4605 = DIRECTION('',(0.,0.,1.));
#4606 = ORIENTED_EDGE('',*,*,#4607,.F.);
#4607 = EDGE_CURVE('',#4584,#4600,#4608,.T.);
#4608 = LINE('',#4609,#4610);
#4609 = CARTESIAN_POINT('',(0.78,2.07,0.1));
#4610 = VECTOR('',#4611,1.);
#4611 = DIRECTION('',(0.,1.,0.));
#4612 = PLANE('',#4613);
#4613 = AXIS2_PLACEMENT_3D('',#4614,#4615,#4616);
#4614 = CARTESIAN_POINT('',(0.78,2.07,0.));
#4615 = DIRECTION('',(1.,0.,0.));
#4616 = DIRECTION('',(0.,0.,1.));
#4617 = ADVANCED_FACE('',(#4618),#4634,.F.);
#4618 = FACE_BOUND('',#4619,.T.);
#4619 = EDGE_LOOP('',(#4620,#4626,#4627,#4633));
#4620 = ORIENTED_EDGE('',*,*,#4621,.T.);
#4621 = EDGE_CURVE('',#4542,#4582,#4622,.T.);
#4622 = LINE('',#4623,#4624);
#4623 = CARTESIAN_POINT('',(0.22,2.07,0.));
#4624 = VECTOR('',#4625,1.);
#4625 = DIRECTION('',(1.,0.,0.));
#4626 = ORIENTED_EDGE('',*,*,#4581,.T.);
#4627 = ORIENTED_EDGE('',*,*,#4628,.F.);
#4628 = EDGE_CURVE('',#4544,#4584,#4629,.T.);
#4629 = LINE('',#4630,#4631);
#4630 = CARTESIAN_POINT('',(0.22,2.07,0.1));
#4631 = VECTOR('',#4632,1.);
#4632 = DIRECTION('',(1.,0.,0.));
#4633 = ORIENTED_EDGE('',*,*,#4541,.F.);
#4634 = PLANE('',#4635);
#4635 = AXIS2_PLACEMENT_3D('',#4636,#4637,#4638);
#4636 = CARTESIAN_POINT('',(0.22,2.07,0.));
#4637 = DIRECTION('',(0.,1.,0.));
#4638 = DIRECTION('',(0.,-0.,1.));
#4639 = ADVANCED_FACE('',(#4640),#4656,.T.);
#4640 = FACE_BOUND('',#4641,.T.);
#4641 = EDGE_LOOP('',(#4642,#4648,#4649,#4655));
#4642 = ORIENTED_EDGE('',*,*,#4643,.F.);
#4643 = EDGE_CURVE('',#4560,#4592,#4644,.T.);
#4644 = LINE('',#4645,#4646);
#4645 = CARTESIAN_POINT('',(0.22,3.58,0.));
#4646 = VECTOR('',#4647,1.);
#4647 = DIRECTION('',(1.,0.,0.));
#4648 = ORIENTED_EDGE('',*,*,#4559,.T.);
#4649 = ORIENTED_EDGE('',*,*,#4650,.T.);
#4650 = EDGE_CURVE('',#4552,#4600,#4651,.T.);
#4651 = LINE('',#4652,#4653);
#4652 = CARTESIAN_POINT('',(0.22,3.58,0.1));
#4653 = VECTOR('',#4654,1.);
#4654 = DIRECTION('',(1.,0.,0.));
#4655 = ORIENTED_EDGE('',*,*,#4599,.F.);
#4656 = PLANE('',#4657);
#4657 = AXIS2_PLACEMENT_3D('',#4658,#4659,#4660);
#4658 = CARTESIAN_POINT('',(0.22,3.58,0.));
#4659 = DIRECTION('',(0.,1.,0.));
#4660 = DIRECTION('',(0.,-0.,1.));
#4661 = ADVANCED_FACE('',(#4662),#4668,.F.);
#4662 = FACE_BOUND('',#4663,.T.);
#4663 = EDGE_LOOP('',(#4664,#4665,#4666,#4667));
#4664 = ORIENTED_EDGE('',*,*,#4567,.T.);
#4665 = ORIENTED_EDGE('',*,*,#4643,.T.);
#4666 = ORIENTED_EDGE('',*,*,#4591,.F.);
#4667 = ORIENTED_EDGE('',*,*,#4621,.F.);
#4668 = PLANE('',#4669);
#4669 = AXIS2_PLACEMENT_3D('',#4670,#4671,#4672);
#4670 = CARTESIAN_POINT('',(0.22,2.07,0.));
#4671 = DIRECTION('',(0.,0.,1.));
#4672 = DIRECTION('',(1.,0.,-0.));
#4673 = ADVANCED_FACE('',(#4674),#4680,.T.);
#4674 = FACE_BOUND('',#4675,.T.);
#4675 = EDGE_LOOP('',(#4676,#4677,#4678,#4679));
#4676 = ORIENTED_EDGE('',*,*,#4551,.F.);
#4677 = ORIENTED_EDGE('',*,*,#4628,.T.);
#4678 = ORIENTED_EDGE('',*,*,#4607,.T.);
#4679 = ORIENTED_EDGE('',*,*,#4650,.F.);
#4680 = PLANE('',#4681);
#4681 = AXIS2_PLACEMENT_3D('',#4682,#4683,#4684);
#4682 = CARTESIAN_POINT('',(0.22,2.07,0.1));
#4683 = DIRECTION('',(0.,0.,1.));
#4684 = DIRECTION('',(1.,0.,-0.));
#4685 = MANIFOLD_SOLID_BREP('',#4686);
#4686 = CLOSED_SHELL('',(#4687,#4727,#4767,#4789,#4811,#4823));
#4687 = ADVANCED_FACE('',(#4688),#4722,.F.);
#4688 = FACE_BOUND('',#4689,.T.);
#4689 = EDGE_LOOP('',(#4690,#4700,#4708,#4716));
#4690 = ORIENTED_EDGE('',*,*,#4691,.T.);
#4691 = EDGE_CURVE('',#4692,#4694,#4696,.T.);
#4692 = VERTEX_POINT('',#4693);
#4693 = CARTESIAN_POINT('',(1.22,-3.58,0.));
#4694 = VERTEX_POINT('',#4695);
#4695 = CARTESIAN_POINT('',(1.22,-3.58,0.1));
#4696 = LINE('',#4697,#4698);
#4697 = CARTESIAN_POINT('',(1.22,-3.58,0.));
#4698 = VECTOR('',#4699,1.);
#4699 = DIRECTION('',(0.,0.,1.));
#4700 = ORIENTED_EDGE('',*,*,#4701,.T.);
#4701 = EDGE_CURVE('',#4694,#4702,#4704,.T.);
#4702 = VERTEX_POINT('',#4703);
#4703 = CARTESIAN_POINT('',(1.22,-2.07,0.1));
#4704 = LINE('',#4705,#4706);
#4705 = CARTESIAN_POINT('',(1.22,-3.58,0.1));
#4706 = VECTOR('',#4707,1.);
#4707 = DIRECTION('',(0.,1.,0.));
#4708 = ORIENTED_EDGE('',*,*,#4709,.F.);
#4709 = EDGE_CURVE('',#4710,#4702,#4712,.T.);
#4710 = VERTEX_POINT('',#4711);
#4711 = CARTESIAN_POINT('',(1.22,-2.07,0.));
#4712 = LINE('',#4713,#4714);
#4713 = CARTESIAN_POINT('',(1.22,-2.07,0.));
#4714 = VECTOR('',#4715,1.);
#4715 = DIRECTION('',(0.,0.,1.));
#4716 = ORIENTED_EDGE('',*,*,#4717,.F.);
#4717 = EDGE_CURVE('',#4692,#4710,#4718,.T.);
#4718 = LINE('',#4719,#4720);
#4719 = CARTESIAN_POINT('',(1.22,-3.58,0.));
#4720 = VECTOR('',#4721,1.);
#4721 = DIRECTION('',(0.,1.,0.));
#4722 = PLANE('',#4723);
#4723 = AXIS2_PLACEMENT_3D('',#4724,#4725,#4726);
#4724 = CARTESIAN_POINT('',(1.22,-3.58,0.));
#4725 = DIRECTION('',(1.,0.,0.));
#4726 = DIRECTION('',(0.,0.,1.));
#4727 = ADVANCED_FACE('',(#4728),#4762,.T.);
#4728 = FACE_BOUND('',#4729,.T.);
#4729 = EDGE_LOOP('',(#4730,#4740,#4748,#4756));
#4730 = ORIENTED_EDGE('',*,*,#4731,.F.);
#4731 = EDGE_CURVE('',#4732,#4734,#4736,.T.);
#4732 = VERTEX_POINT('',#4733);
#4733 = CARTESIAN_POINT('',(1.78,-3.58,0.));
#4734 = VERTEX_POINT('',#4735);
#4735 = CARTESIAN_POINT('',(1.78,-3.58,0.1));
#4736 = LINE('',#4737,#4738);
#4737 = CARTESIAN_POINT('',(1.78,-3.58,0.));
#4738 = VECTOR('',#4739,1.);
#4739 = DIRECTION('',(0.,0.,1.));
#4740 = ORIENTED_EDGE('',*,*,#4741,.T.);
#4741 = EDGE_CURVE('',#4732,#4742,#4744,.T.);
#4742 = VERTEX_POINT('',#4743);
#4743 = CARTESIAN_POINT('',(1.78,-2.07,0.));
#4744 = LINE('',#4745,#4746);
#4745 = CARTESIAN_POINT('',(1.78,-3.58,0.));
#4746 = VECTOR('',#4747,1.);
#4747 = DIRECTION('',(0.,1.,0.));
#4748 = ORIENTED_EDGE('',*,*,#4749,.T.);
#4749 = EDGE_CURVE('',#4742,#4750,#4752,.T.);
#4750 = VERTEX_POINT('',#4751);
#4751 = CARTESIAN_POINT('',(1.78,-2.07,0.1));
#4752 = LINE('',#4753,#4754);
#4753 = CARTESIAN_POINT('',(1.78,-2.07,0.));
#4754 = VECTOR('',#4755,1.);
#4755 = DIRECTION('',(0.,0.,1.));
#4756 = ORIENTED_EDGE('',*,*,#4757,.F.);
#4757 = EDGE_CURVE('',#4734,#4750,#4758,.T.);
#4758 = LINE('',#4759,#4760);
#4759 = CARTESIAN_POINT('',(1.78,-3.58,0.1));
#4760 = VECTOR('',#4761,1.);
#4761 = DIRECTION('',(0.,1.,0.));
#4762 = PLANE('',#4763);
#4763 = AXIS2_PLACEMENT_3D('',#4764,#4765,#4766);
#4764 = CARTESIAN_POINT('',(1.78,-3.58,0.));
#4765 = DIRECTION('',(1.,0.,0.));
#4766 = DIRECTION('',(0.,0.,1.));
#4767 = ADVANCED_FACE('',(#4768),#4784,.F.);
#4768 = FACE_BOUND('',#4769,.T.);
#4769 = EDGE_LOOP('',(#4770,#4776,#4777,#4783));
#4770 = ORIENTED_EDGE('',*,*,#4771,.T.);
#4771 = EDGE_CURVE('',#4692,#4732,#4772,.T.);
#4772 = LINE('',#4773,#4774);
#4773 = CARTESIAN_POINT('',(1.22,-3.58,0.));
#4774 = VECTOR('',#4775,1.);
#4775 = DIRECTION('',(1.,0.,0.));
#4776 = ORIENTED_EDGE('',*,*,#4731,.T.);
#4777 = ORIENTED_EDGE('',*,*,#4778,.F.);
#4778 = EDGE_CURVE('',#4694,#4734,#4779,.T.);
#4779 = LINE('',#4780,#4781);
#4780 = CARTESIAN_POINT('',(1.22,-3.58,0.1));
#4781 = VECTOR('',#4782,1.);
#4782 = DIRECTION('',(1.,0.,0.));
#4783 = ORIENTED_EDGE('',*,*,#4691,.F.);
#4784 = PLANE('',#4785);
#4785 = AXIS2_PLACEMENT_3D('',#4786,#4787,#4788);
#4786 = CARTESIAN_POINT('',(1.22,-3.58,0.));
#4787 = DIRECTION('',(0.,1.,0.));
#4788 = DIRECTION('',(0.,-0.,1.));
#4789 = ADVANCED_FACE('',(#4790),#4806,.T.);
#4790 = FACE_BOUND('',#4791,.T.);
#4791 = EDGE_LOOP('',(#4792,#4798,#4799,#4805));
#4792 = ORIENTED_EDGE('',*,*,#4793,.F.);
#4793 = EDGE_CURVE('',#4710,#4742,#4794,.T.);
#4794 = LINE('',#4795,#4796);
#4795 = CARTESIAN_POINT('',(1.22,-2.07,0.));
#4796 = VECTOR('',#4797,1.);
#4797 = DIRECTION('',(1.,0.,0.));
#4798 = ORIENTED_EDGE('',*,*,#4709,.T.);
#4799 = ORIENTED_EDGE('',*,*,#4800,.T.);
#4800 = EDGE_CURVE('',#4702,#4750,#4801,.T.);
#4801 = LINE('',#4802,#4803);
#4802 = CARTESIAN_POINT('',(1.22,-2.07,0.1));
#4803 = VECTOR('',#4804,1.);
#4804 = DIRECTION('',(1.,0.,0.));
#4805 = ORIENTED_EDGE('',*,*,#4749,.F.);
#4806 = PLANE('',#4807);
#4807 = AXIS2_PLACEMENT_3D('',#4808,#4809,#4810);
#4808 = CARTESIAN_POINT('',(1.22,-2.07,0.));
#4809 = DIRECTION('',(0.,1.,0.));
#4810 = DIRECTION('',(0.,-0.,1.));
#4811 = ADVANCED_FACE('',(#4812),#4818,.F.);
#4812 = FACE_BOUND('',#4813,.T.);
#4813 = EDGE_LOOP('',(#4814,#4815,#4816,#4817));
#4814 = ORIENTED_EDGE('',*,*,#4717,.T.);
#4815 = ORIENTED_EDGE('',*,*,#4793,.T.);
#4816 = ORIENTED_EDGE('',*,*,#4741,.F.);
#4817 = ORIENTED_EDGE('',*,*,#4771,.F.);
#4818 = PLANE('',#4819);
#4819 = AXIS2_PLACEMENT_3D('',#4820,#4821,#4822);
#4820 = CARTESIAN_POINT('',(1.22,-3.58,0.));
#4821 = DIRECTION('',(0.,0.,1.));
#4822 = DIRECTION('',(1.,0.,-0.));
#4823 = ADVANCED_FACE('',(#4824),#4830,.T.);
#4824 = FACE_BOUND('',#4825,.T.);
#4825 = EDGE_LOOP('',(#4826,#4827,#4828,#4829));
#4826 = ORIENTED_EDGE('',*,*,#4701,.F.);
#4827 = ORIENTED_EDGE('',*,*,#4778,.T.);
#4828 = ORIENTED_EDGE('',*,*,#4757,.T.);
#4829 = ORIENTED_EDGE('',*,*,#4800,.F.);
#4830 = PLANE('',#4831);
#4831 = AXIS2_PLACEMENT_3D('',#4832,#4833,#4834);
#4832 = CARTESIAN_POINT('',(1.22,-3.58,0.1));
#4833 = DIRECTION('',(0.,0.,1.));
#4834 = DIRECTION('',(1.,0.,-0.));
#4835 = MANIFOLD_SOLID_BREP('',#4836);
#4836 = CLOSED_SHELL('',(#4837,#4877,#4917,#4939,#4961,#4973));
#4837 = ADVANCED_FACE('',(#4838),#4872,.F.);
#4838 = FACE_BOUND('',#4839,.T.);
#4839 = EDGE_LOOP('',(#4840,#4850,#4858,#4866));
#4840 = ORIENTED_EDGE('',*,*,#4841,.T.);
#4841 = EDGE_CURVE('',#4842,#4844,#4846,.T.);
#4842 = VERTEX_POINT('',#4843);
#4843 = CARTESIAN_POINT('',(1.22,2.07,0.));
#4844 = VERTEX_POINT('',#4845);
#4845 = CARTESIAN_POINT('',(1.22,2.07,0.1));
#4846 = LINE('',#4847,#4848);
#4847 = CARTESIAN_POINT('',(1.22,2.07,0.));
#4848 = VECTOR('',#4849,1.);
#4849 = DIRECTION('',(0.,0.,1.));
#4850 = ORIENTED_EDGE('',*,*,#4851,.T.);
#4851 = EDGE_CURVE('',#4844,#4852,#4854,.T.);
#4852 = VERTEX_POINT('',#4853);
#4853 = CARTESIAN_POINT('',(1.22,3.58,0.1));
#4854 = LINE('',#4855,#4856);
#4855 = CARTESIAN_POINT('',(1.22,2.07,0.1));
#4856 = VECTOR('',#4857,1.);
#4857 = DIRECTION('',(0.,1.,0.));
#4858 = ORIENTED_EDGE('',*,*,#4859,.F.);
#4859 = EDGE_CURVE('',#4860,#4852,#4862,.T.);
#4860 = VERTEX_POINT('',#4861);
#4861 = CARTESIAN_POINT('',(1.22,3.58,0.));
#4862 = LINE('',#4863,#4864);
#4863 = CARTESIAN_POINT('',(1.22,3.58,0.));
#4864 = VECTOR('',#4865,1.);
#4865 = DIRECTION('',(0.,0.,1.));
#4866 = ORIENTED_EDGE('',*,*,#4867,.F.);
#4867 = EDGE_CURVE('',#4842,#4860,#4868,.T.);
#4868 = LINE('',#4869,#4870);
#4869 = CARTESIAN_POINT('',(1.22,2.07,0.));
#4870 = VECTOR('',#4871,1.);
#4871 = DIRECTION('',(0.,1.,0.));
#4872 = PLANE('',#4873);
#4873 = AXIS2_PLACEMENT_3D('',#4874,#4875,#4876);
#4874 = CARTESIAN_POINT('',(1.22,2.07,0.));
#4875 = DIRECTION('',(1.,0.,0.));
#4876 = DIRECTION('',(0.,0.,1.));
#4877 = ADVANCED_FACE('',(#4878),#4912,.T.);
#4878 = FACE_BOUND('',#4879,.T.);
#4879 = EDGE_LOOP('',(#4880,#4890,#4898,#4906));
#4880 = ORIENTED_EDGE('',*,*,#4881,.F.);
#4881 = EDGE_CURVE('',#4882,#4884,#4886,.T.);
#4882 = VERTEX_POINT('',#4883);
#4883 = CARTESIAN_POINT('',(1.78,2.07,0.));
#4884 = VERTEX_POINT('',#4885);
#4885 = CARTESIAN_POINT('',(1.78,2.07,0.1));
#4886 = LINE('',#4887,#4888);
#4887 = CARTESIAN_POINT('',(1.78,2.07,0.));
#4888 = VECTOR('',#4889,1.);
#4889 = DIRECTION('',(0.,0.,1.));
#4890 = ORIENTED_EDGE('',*,*,#4891,.T.);
#4891 = EDGE_CURVE('',#4882,#4892,#4894,.T.);
#4892 = VERTEX_POINT('',#4893);
#4893 = CARTESIAN_POINT('',(1.78,3.58,0.));
#4894 = LINE('',#4895,#4896);
#4895 = CARTESIAN_POINT('',(1.78,2.07,0.));
#4896 = VECTOR('',#4897,1.);
#4897 = DIRECTION('',(0.,1.,0.));
#4898 = ORIENTED_EDGE('',*,*,#4899,.T.);
#4899 = EDGE_CURVE('',#4892,#4900,#4902,.T.);
#4900 = VERTEX_POINT('',#4901);
#4901 = CARTESIAN_POINT('',(1.78,3.58,0.1));
#4902 = LINE('',#4903,#4904);
#4903 = CARTESIAN_POINT('',(1.78,3.58,0.));
#4904 = VECTOR('',#4905,1.);
#4905 = DIRECTION('',(0.,0.,1.));
#4906 = ORIENTED_EDGE('',*,*,#4907,.F.);
#4907 = EDGE_CURVE('',#4884,#4900,#4908,.T.);
#4908 = LINE('',#4909,#4910);
#4909 = CARTESIAN_POINT('',(1.78,2.07,0.1));
#4910 = VECTOR('',#4911,1.);
#4911 = DIRECTION('',(0.,1.,0.));
#4912 = PLANE('',#4913);
#4913 = AXIS2_PLACEMENT_3D('',#4914,#4915,#4916);
#4914 = CARTESIAN_POINT('',(1.78,2.07,0.));
#4915 = DIRECTION('',(1.,0.,0.));
#4916 = DIRECTION('',(0.,0.,1.));
#4917 = ADVANCED_FACE('',(#4918),#4934,.F.);
#4918 = FACE_BOUND('',#4919,.T.);
#4919 = EDGE_LOOP('',(#4920,#4926,#4927,#4933));
#4920 = ORIENTED_EDGE('',*,*,#4921,.T.);
#4921 = EDGE_CURVE('',#4842,#4882,#4922,.T.);
#4922 = LINE('',#4923,#4924);
#4923 = CARTESIAN_POINT('',(1.22,2.07,0.));
#4924 = VECTOR('',#4925,1.);
#4925 = DIRECTION('',(1.,0.,0.));
#4926 = ORIENTED_EDGE('',*,*,#4881,.T.);
#4927 = ORIENTED_EDGE('',*,*,#4928,.F.);
#4928 = EDGE_CURVE('',#4844,#4884,#4929,.T.);
#4929 = LINE('',#4930,#4931);
#4930 = CARTESIAN_POINT('',(1.22,2.07,0.1));
#4931 = VECTOR('',#4932,1.);
#4932 = DIRECTION('',(1.,0.,0.));
#4933 = ORIENTED_EDGE('',*,*,#4841,.F.);
#4934 = PLANE('',#4935);
#4935 = AXIS2_PLACEMENT_3D('',#4936,#4937,#4938);
#4936 = CARTESIAN_POINT('',(1.22,2.07,0.));
#4937 = DIRECTION('',(0.,1.,0.));
#4938 = DIRECTION('',(0.,-0.,1.));
#4939 = ADVANCED_FACE('',(#4940),#4956,.T.);
#4940 = FACE_BOUND('',#4941,.T.);
#4941 = EDGE_LOOP('',(#4942,#4948,#4949,#4955));
#4942 = ORIENTED_EDGE('',*,*,#4943,.F.);
#4943 = EDGE_CURVE('',#4860,#4892,#4944,.T.);
#4944 = LINE('',#4945,#4946);
#4945 = CARTESIAN_POINT('',(1.22,3.58,0.));
#4946 = VECTOR('',#4947,1.);
#4947 = DIRECTION('',(1.,0.,0.));
#4948 = ORIENTED_EDGE('',*,*,#4859,.T.);
#4949 = ORIENTED_EDGE('',*,*,#4950,.T.);
#4950 = EDGE_CURVE('',#4852,#4900,#4951,.T.);
#4951 = LINE('',#4952,#4953);
#4952 = CARTESIAN_POINT('',(1.22,3.58,0.1));
#4953 = VECTOR('',#4954,1.);
#4954 = DIRECTION('',(1.,0.,0.));
#4955 = ORIENTED_EDGE('',*,*,#4899,.F.);
#4956 = PLANE('',#4957);
#4957 = AXIS2_PLACEMENT_3D('',#4958,#4959,#4960);
#4958 = CARTESIAN_POINT('',(1.22,3.58,0.));
#4959 = DIRECTION('',(0.,1.,0.));
#4960 = DIRECTION('',(0.,-0.,1.));
#4961 = ADVANCED_FACE('',(#4962),#4968,.F.);
#4962 = FACE_BOUND('',#4963,.T.);
#4963 = EDGE_LOOP('',(#4964,#4965,#4966,#4967));
#4964 = ORIENTED_EDGE('',*,*,#4867,.T.);
#4965 = ORIENTED_EDGE('',*,*,#4943,.T.);
#4966 = ORIENTED_EDGE('',*,*,#4891,.F.);
#4967 = ORIENTED_EDGE('',*,*,#4921,.F.);
#4968 = PLANE('',#4969);
#4969 = AXIS2_PLACEMENT_3D('',#4970,#4971,#4972);
#4970 = CARTESIAN_POINT('',(1.22,2.07,0.));
#4971 = DIRECTION('',(0.,0.,1.));
#4972 = DIRECTION('',(1.,0.,-0.));
#4973 = ADVANCED_FACE('',(#4974),#4980,.T.);
#4974 = FACE_BOUND('',#4975,.T.);
#4975 = EDGE_LOOP('',(#4976,#4977,#4978,#4979));
#4976 = ORIENTED_EDGE('',*,*,#4851,.F.);
#4977 = ORIENTED_EDGE('',*,*,#4928,.T.);
#4978 = ORIENTED_EDGE('',*,*,#4907,.T.);
#4979 = ORIENTED_EDGE('',*,*,#4950,.F.);
#4980 = PLANE('',#4981);
#4981 = AXIS2_PLACEMENT_3D('',#4982,#4983,#4984);
#4982 = CARTESIAN_POINT('',(1.22,2.07,0.1));
#4983 = DIRECTION('',(0.,0.,1.));
#4984 = DIRECTION('',(1.,0.,-0.));
#4985 = ( GEOMETRIC_REPRESENTATION_CONTEXT(3) 
GLOBAL_UNCERTAINTY_ASSIGNED_CONTEXT((#4989)) 
GLOBAL_UNIT_ASSIGNED_CONTEXT((#4986,#4987,#4988)) REPRESENTATION_CONTEXT
('Context #1','3D Context with UNIT and UNCERTAINTY') );
#4986 = ( LENGTH_UNIT() NAMED_UNIT(*) SI_UNIT(.MILLI.,.METRE.) );
#4987 = ( NAMED_UNIT(*) PLANE_ANGLE_UNIT() SI_UNIT($,.RADIAN.) );
#4988 = ( NAMED_UNIT(*) SI_UNIT($,.STERADIAN.) SOLID_ANGLE_UNIT() );
#4989 = UNCERTAINTY_MEASURE_WITH_UNIT(LENGTH_MEASURE(1.E-07),#4986,
  'distance_accuracy_value','confusion accuracy');
#4990 = CONTEXT_DEPENDENT_SHAPE_REPRESENTATION(#4991,#4993);
#4991 = ( REPRESENTATION_RELATIONSHIP('','',#3784,#2848) 
REPRESENTATION_RELATIONSHIP_WITH_TRANSFORMATION(#4992) 
SHAPE_REPRESENTATION_RELATIONSHIP() );
#4992 = ITEM_DEFINED_TRANSFORMATION('','',#11,#2853);
#4993 = PRODUCT_DEFINITION_SHAPE('Placement','Placement of an item',
  #4994);
#4994 = NEXT_ASSEMBLY_USAGE_OCCURRENCE('4','Pins:1','',#2843,#3779,$);
#4995 = PRODUCT_RELATED_PRODUCT_CATEGORY('part',$,(#3781));
#4996 = SHAPE_DEFINITION_REPRESENTATION(#4997,#5003);
#4997 = PRODUCT_DEFINITION_SHAPE('','',#4998);
#4998 = PRODUCT_DEFINITION('design','',#4999,#5002);
#4999 = PRODUCT_DEFINITION_FORMATION('','',#5000);
#5000 = PRODUCT('connector_pcb_PCB','connector_pcb_PCB','',(#5001));
#5001 = PRODUCT_CONTEXT('',#2,'mechanical');
#5002 = PRODUCT_DEFINITION_CONTEXT('part definition',#2,'design');
#5003 = ADVANCED_BREP_SHAPE_REPRESENTATION('',(#11,#5004),#5882);
#5004 = MANIFOLD_SOLID_BREP('',#5005);
#5005 = CLOSED_SHELL('',(#5006,#5048,#5079,#5110,#5320,#5530,#5547,#5564
    ,#5581,#5598,#5610,#5627,#5644,#5661,#5678,#5700,#5717,#5734,#5751,
    #5768,#5785,#5802,#5814,#5831,#5848,#5865));
#5006 = ADVANCED_FACE('',(#5007),#5043,.T.);
#5007 = FACE_BOUND('',#5008,.T.);
#5008 = EDGE_LOOP('',(#5009,#5019,#5028,#5036));
#5009 = ORIENTED_EDGE('',*,*,#5010,.T.);
#5010 = EDGE_CURVE('',#5011,#5013,#5015,.T.);
#5011 = VERTEX_POINT('',#5012);
#5012 = CARTESIAN_POINT('',(5.,6.5,0.));
#5013 = VERTEX_POINT('',#5014);
#5014 = CARTESIAN_POINT('',(5.,6.5,1.51));
#5015 = LINE('',#5016,#5017);
#5016 = CARTESIAN_POINT('',(5.,6.5,0.));
#5017 = VECTOR('',#5018,1.);
#5018 = DIRECTION('',(0.,0.,1.));
#5019 = ORIENTED_EDGE('',*,*,#5020,.T.);
#5020 = EDGE_CURVE('',#5013,#5021,#5023,.T.);
#5021 = VERTEX_POINT('',#5022);
#5022 = CARTESIAN_POINT('',(6.,5.5,1.51));
#5023 = CIRCLE('',#5024,0.999999252925);
#5024 = AXIS2_PLACEMENT_3D('',#5025,#5026,#5027);
#5025 = CARTESIAN_POINT('',(5.000000747075,5.500000747075,1.51));
#5026 = DIRECTION('',(0.,0.,-1.));
#5027 = DIRECTION('',(-7.47075740283E-07,1.,0.));
#5028 = ORIENTED_EDGE('',*,*,#5029,.F.);
#5029 = EDGE_CURVE('',#5030,#5021,#5032,.T.);
#5030 = VERTEX_POINT('',#5031);
#5031 = CARTESIAN_POINT('',(6.,5.5,0.));
#5032 = LINE('',#5033,#5034);
#5033 = CARTESIAN_POINT('',(6.,5.5,0.));
#5034 = VECTOR('',#5035,1.);
#5035 = DIRECTION('',(0.,0.,1.));
#5036 = ORIENTED_EDGE('',*,*,#5037,.F.);
#5037 = EDGE_CURVE('',#5011,#5030,#5038,.T.);
#5038 = CIRCLE('',#5039,0.999999252925);
#5039 = AXIS2_PLACEMENT_3D('',#5040,#5041,#5042);
#5040 = CARTESIAN_POINT('',(5.000000747075,5.500000747075,0.));
#5041 = DIRECTION('',(0.,0.,-1.));
#5042 = DIRECTION('',(-7.47075740283E-07,1.,0.));
#5043 = CYLINDRICAL_SURFACE('',#5044,0.999999252925);
#5044 = AXIS2_PLACEMENT_3D('',#5045,#5046,#5047);
#5045 = CARTESIAN_POINT('',(5.000000747075,5.500000747075,0.));
#5046 = DIRECTION('',(0.,0.,-1.));
#5047 = DIRECTION('',(-7.47075740283E-07,1.,0.));
#5048 = ADVANCED_FACE('',(#5049),#5074,.T.);
#5049 = FACE_BOUND('',#5050,.T.);
#5050 = EDGE_LOOP('',(#5051,#5061,#5067,#5068));
#5051 = ORIENTED_EDGE('',*,*,#5052,.T.);
#5052 = EDGE_CURVE('',#5053,#5055,#5057,.T.);
#5053 = VERTEX_POINT('',#5054);
#5054 = CARTESIAN_POINT('',(-5.,6.5,0.));
#5055 = VERTEX_POINT('',#5056);
#5056 = CARTESIAN_POINT('',(-5.,6.5,1.51));
#5057 = LINE('',#5058,#5059);
#5058 = CARTESIAN_POINT('',(-5.,6.5,0.));
#5059 = VECTOR('',#5060,1.);
#5060 = DIRECTION('',(0.,0.,1.));
#5061 = ORIENTED_EDGE('',*,*,#5062,.T.);
#5062 = EDGE_CURVE('',#5055,#5013,#5063,.T.);
#5063 = LINE('',#5064,#5065);
#5064 = CARTESIAN_POINT('',(-5.,6.5,1.51));
#5065 = VECTOR('',#5066,1.);
#5066 = DIRECTION('',(1.,0.,0.));
#5067 = ORIENTED_EDGE('',*,*,#5010,.F.);
#5068 = ORIENTED_EDGE('',*,*,#5069,.F.);
#5069 = EDGE_CURVE('',#5053,#5011,#5070,.T.);
#5070 = LINE('',#5071,#5072);
#5071 = CARTESIAN_POINT('',(-5.,6.5,0.));
#5072 = VECTOR('',#5073,1.);
#5073 = DIRECTION('',(1.,0.,0.));
#5074 = PLANE('',#5075);
#5075 = AXIS2_PLACEMENT_3D('',#5076,#5077,#5078);
#5076 = CARTESIAN_POINT('',(-5.,6.5,0.));
#5077 = DIRECTION('',(0.,1.,0.));
#5078 = DIRECTION('',(1.,0.,0.));
#5079 = ADVANCED_FACE('',(#5080),#5105,.T.);
#5080 = FACE_BOUND('',#5081,.T.);
#5081 = EDGE_LOOP('',(#5082,#5083,#5091,#5099));
#5082 = ORIENTED_EDGE('',*,*,#5029,.T.);
#5083 = ORIENTED_EDGE('',*,*,#5084,.T.);
#5084 = EDGE_CURVE('',#5021,#5085,#5087,.T.);
#5085 = VERTEX_POINT('',#5086);
#5086 = CARTESIAN_POINT('',(6.,-5.5,1.51));
#5087 = LINE('',#5088,#5089);
#5088 = CARTESIAN_POINT('',(6.,5.5,1.51));
#5089 = VECTOR('',#5090,1.);
#5090 = DIRECTION('',(0.,-1.,0.));
#5091 = ORIENTED_EDGE('',*,*,#5092,.F.);
#5092 = EDGE_CURVE('',#5093,#5085,#5095,.T.);
#5093 = VERTEX_POINT('',#5094);
#5094 = CARTESIAN_POINT('',(6.,-5.5,0.));
#5095 = LINE('',#5096,#5097);
#5096 = CARTESIAN_POINT('',(6.,-5.5,0.));
#5097 = VECTOR('',#5098,1.);
#5098 = DIRECTION('',(0.,0.,1.));
#5099 = ORIENTED_EDGE('',*,*,#5100,.F.);
#5100 = EDGE_CURVE('',#5030,#5093,#5101,.T.);
#5101 = LINE('',#5102,#5103);
#5102 = CARTESIAN_POINT('',(6.,5.5,0.));
#5103 = VECTOR('',#5104,1.);
#5104 = DIRECTION('',(0.,-1.,0.));
#5105 = PLANE('',#5106);
#5106 = AXIS2_PLACEMENT_3D('',#5107,#5108,#5109);
#5107 = CARTESIAN_POINT('',(6.,5.5,0.));
#5108 = DIRECTION('',(1.,0.,-0.));
#5109 = DIRECTION('',(0.,-1.,0.));
#5110 = ADVANCED_FACE('',(#5111,#5157,#5168,#5179,#5190,#5201,#5271,
    #5282,#5293,#5304),#5315,.F.);
#5111 = FACE_BOUND('',#5112,.F.);
#5112 = EDGE_LOOP('',(#5113,#5114,#5115,#5124,#5132,#5141,#5149,#5156));
#5113 = ORIENTED_EDGE('',*,*,#5037,.F.);
#5114 = ORIENTED_EDGE('',*,*,#5069,.F.);
#5115 = ORIENTED_EDGE('',*,*,#5116,.F.);
#5116 = EDGE_CURVE('',#5117,#5053,#5119,.T.);
#5117 = VERTEX_POINT('',#5118);
#5118 = CARTESIAN_POINT('',(-6.,5.5,0.));
#5119 = CIRCLE('',#5120,0.999999252925);
#5120 = AXIS2_PLACEMENT_3D('',#5121,#5122,#5123);
#5121 = CARTESIAN_POINT('',(-5.000000747075,5.500000747075,0.));
#5122 = DIRECTION('',(0.,0.,-1.));
#5123 = DIRECTION('',(-1.,-7.47075740283E-07,-0.));
#5124 = ORIENTED_EDGE('',*,*,#5125,.F.);
#5125 = EDGE_CURVE('',#5126,#5117,#5128,.T.);
#5126 = VERTEX_POINT('',#5127);
#5127 = CARTESIAN_POINT('',(-6.,-5.5,0.));
#5128 = LINE('',#5129,#5130);
#5129 = CARTESIAN_POINT('',(-6.,-5.5,0.));
#5130 = VECTOR('',#5131,1.);
#5131 = DIRECTION('',(0.,1.,0.));
#5132 = ORIENTED_EDGE('',*,*,#5133,.F.);
#5133 = EDGE_CURVE('',#5134,#5126,#5136,.T.);
#5134 = VERTEX_POINT('',#5135);
#5135 = CARTESIAN_POINT('',(-5.,-6.5,0.));
#5136 = CIRCLE('',#5137,0.999999252925);
#5137 = AXIS2_PLACEMENT_3D('',#5138,#5139,#5140);
#5138 = CARTESIAN_POINT('',(-5.000000747075,-5.500000747075,0.));
#5139 = DIRECTION('',(0.,0.,-1.));
#5140 = DIRECTION('',(7.47075740283E-07,-1.,0.));
#5141 = ORIENTED_EDGE('',*,*,#5142,.F.);
#5142 = EDGE_CURVE('',#5143,#5134,#5145,.T.);
#5143 = VERTEX_POINT('',#5144);
#5144 = CARTESIAN_POINT('',(5.,-6.5,0.));
#5145 = LINE('',#5146,#5147);
#5146 = CARTESIAN_POINT('',(5.,-6.5,0.));
#5147 = VECTOR('',#5148,1.);
#5148 = DIRECTION('',(-1.,0.,0.));
#5149 = ORIENTED_EDGE('',*,*,#5150,.F.);
#5150 = EDGE_CURVE('',#5093,#5143,#5151,.T.);
#5151 = CIRCLE('',#5152,0.999999252925);
#5152 = AXIS2_PLACEMENT_3D('',#5153,#5154,#5155);
#5153 = CARTESIAN_POINT('',(5.000000747075,-5.500000747075,0.));
#5154 = DIRECTION('',(0.,0.,-1.));
#5155 = DIRECTION('',(1.,7.47075740283E-07,0.));
#5156 = ORIENTED_EDGE('',*,*,#5100,.F.);
#5157 = FACE_BOUND('',#5158,.F.);
#5158 = EDGE_LOOP('',(#5159));
#5159 = ORIENTED_EDGE('',*,*,#5160,.T.);
#5160 = EDGE_CURVE('',#5161,#5161,#5163,.T.);
#5161 = VERTEX_POINT('',#5162);
#5162 = CARTESIAN_POINT('',(-3.8,-5.5,0.));
#5163 = CIRCLE('',#5164,0.5);
#5164 = AXIS2_PLACEMENT_3D('',#5165,#5166,#5167);
#5165 = CARTESIAN_POINT('',(-3.8,-5.,0.));
#5166 = DIRECTION('',(-0.,0.,-1.));
#5167 = DIRECTION('',(-0.,-1.,0.));
#5168 = FACE_BOUND('',#5169,.F.);
#5169 = EDGE_LOOP('',(#5170));
#5170 = ORIENTED_EDGE('',*,*,#5171,.T.);
#5171 = EDGE_CURVE('',#5172,#5172,#5174,.T.);
#5172 = VERTEX_POINT('',#5173);
#5173 = CARTESIAN_POINT('',(-1.26,-5.5,0.));
#5174 = CIRCLE('',#5175,0.5);
#5175 = AXIS2_PLACEMENT_3D('',#5176,#5177,#5178);
#5176 = CARTESIAN_POINT('',(-1.26,-5.,0.));
#5177 = DIRECTION('',(-0.,0.,-1.));
#5178 = DIRECTION('',(-0.,-1.,0.));
#5179 = FACE_BOUND('',#5180,.F.);
#5180 = EDGE_LOOP('',(#5181));
#5181 = ORIENTED_EDGE('',*,*,#5182,.T.);
#5182 = EDGE_CURVE('',#5183,#5183,#5185,.T.);
#5183 = VERTEX_POINT('',#5184);
#5184 = CARTESIAN_POINT('',(1.28,-5.5,0.));
#5185 = CIRCLE('',#5186,0.5);
#5186 = AXIS2_PLACEMENT_3D('',#5187,#5188,#5189);
#5187 = CARTESIAN_POINT('',(1.28,-5.,0.));
#5188 = DIRECTION('',(-0.,0.,-1.));
#5189 = DIRECTION('',(-0.,-1.,0.));
#5190 = FACE_BOUND('',#5191,.F.);
#5191 = EDGE_LOOP('',(#5192));
#5192 = ORIENTED_EDGE('',*,*,#5193,.T.);
#5193 = EDGE_CURVE('',#5194,#5194,#5196,.T.);
#5194 = VERTEX_POINT('',#5195);
#5195 = CARTESIAN_POINT('',(3.82,-5.5,0.));
#5196 = CIRCLE('',#5197,0.5);
#5197 = AXIS2_PLACEMENT_3D('',#5198,#5199,#5200);
#5198 = CARTESIAN_POINT('',(3.82,-5.,0.));
#5199 = DIRECTION('',(-0.,0.,-1.));
#5200 = DIRECTION('',(-8.881784197001E-16,-1.,0.));
#5201 = FACE_BOUND('',#5202,.F.);
#5202 = EDGE_LOOP('',(#5203,#5214,#5222,#5231,#5239,#5248,#5256,#5265));
#5203 = ORIENTED_EDGE('',*,*,#5204,.F.);
#5204 = EDGE_CURVE('',#5205,#5207,#5209,.T.);
#5205 = VERTEX_POINT('',#5206);
#5206 = CARTESIAN_POINT('',(-2.625,2.,0.));
#5207 = VERTEX_POINT('',#5208);
#5208 = CARTESIAN_POINT('',(-3.125,1.5,0.));
#5209 = CIRCLE('',#5210,0.500001333575);
#5210 = AXIS2_PLACEMENT_3D('',#5211,#5212,#5213);
#5211 = CARTESIAN_POINT('',(-2.624998666427,1.499998666427,0.));
#5212 = DIRECTION('',(0.,0.,1.));
#5213 = DIRECTION('',(-2.667139179496E-06,0.999999999996,0.));
#5214 = ORIENTED_EDGE('',*,*,#5215,.F.);
#5215 = EDGE_CURVE('',#5216,#5205,#5218,.T.);
#5216 = VERTEX_POINT('',#5217);
#5217 = CARTESIAN_POINT('',(2.625001,2.000001,0.));
#5218 = LINE('',#5219,#5220);
#5219 = CARTESIAN_POINT('',(2.625001,2.000001,0.));
#5220 = VECTOR('',#5221,1.);
#5221 = DIRECTION('',(-1.,-1.904761542216E-07,0.));
#5222 = ORIENTED_EDGE('',*,*,#5223,.F.);
#5223 = EDGE_CURVE('',#5224,#5216,#5226,.T.);
#5224 = VERTEX_POINT('',#5225);
#5225 = CARTESIAN_POINT('',(3.125001,1.500001,0.));
#5226 = CIRCLE('',#5227,0.500001333575);
#5227 = AXIS2_PLACEMENT_3D('',#5228,#5229,#5230);
#5228 = CARTESIAN_POINT('',(2.624999666427,1.499999666427,0.));
#5229 = DIRECTION('',(0.,0.,1.));
#5230 = DIRECTION('',(0.999999999996,2.66713917994E-06,-0.));
#5231 = ORIENTED_EDGE('',*,*,#5232,.F.);
#5232 = EDGE_CURVE('',#5233,#5224,#5235,.T.);
#5233 = VERTEX_POINT('',#5234);
#5234 = CARTESIAN_POINT('',(3.125001,-1.500001,0.));
#5235 = LINE('',#5236,#5237);
#5236 = CARTESIAN_POINT('',(3.125001,-1.500001,0.));
#5237 = VECTOR('',#5238,1.);
#5238 = DIRECTION('',(0.,1.,0.));
#5239 = ORIENTED_EDGE('',*,*,#5240,.F.);
#5240 = EDGE_CURVE('',#5241,#5233,#5243,.T.);
#5241 = VERTEX_POINT('',#5242);
#5242 = CARTESIAN_POINT('',(2.625001,-2.000001,0.));
#5243 = CIRCLE('',#5244,0.500001333575);
#5244 = AXIS2_PLACEMENT_3D('',#5245,#5246,#5247);
#5245 = CARTESIAN_POINT('',(2.624999666427,-1.499999666427,0.));
#5246 = DIRECTION('',(0.,0.,1.));
#5247 = DIRECTION('',(2.667139180384E-06,-0.999999999996,0.));
#5248 = ORIENTED_EDGE('',*,*,#5249,.F.);
#5249 = EDGE_CURVE('',#5250,#5241,#5252,.T.);
#5250 = VERTEX_POINT('',#5251);
#5251 = CARTESIAN_POINT('',(-2.625,-2.,0.));
#5252 = LINE('',#5253,#5254);
#5253 = CARTESIAN_POINT('',(-2.625,-2.,0.));
#5254 = VECTOR('',#5255,1.);
#5255 = DIRECTION('',(1.,-1.904761542216E-07,0.));
#5256 = ORIENTED_EDGE('',*,*,#5257,.F.);
#5257 = EDGE_CURVE('',#5258,#5250,#5260,.T.);
#5258 = VERTEX_POINT('',#5259);
#5259 = CARTESIAN_POINT('',(-3.125,-1.5,0.));
#5260 = CIRCLE('',#5261,0.500001333575);
#5261 = AXIS2_PLACEMENT_3D('',#5262,#5263,#5264);
#5262 = CARTESIAN_POINT('',(-2.624998666427,-1.499998666427,0.));
#5263 = DIRECTION('',(0.,0.,1.));
#5264 = DIRECTION('',(-0.999999999996,-2.667139179496E-06,0.));
#5265 = ORIENTED_EDGE('',*,*,#5266,.F.);
#5266 = EDGE_CURVE('',#5207,#5258,#5267,.T.);
#5267 = LINE('',#5268,#5269);
#5268 = CARTESIAN_POINT('',(-3.125,1.5,0.));
#5269 = VECTOR('',#5270,1.);
#5270 = DIRECTION('',(0.,-1.,0.));
#5271 = FACE_BOUND('',#5272,.F.);
#5272 = EDGE_LOOP('',(#5273));
#5273 = ORIENTED_EDGE('',*,*,#5274,.T.);
#5274 = EDGE_CURVE('',#5275,#5275,#5277,.T.);
#5275 = VERTEX_POINT('',#5276);
#5276 = CARTESIAN_POINT('',(-3.8,4.5,0.));
#5277 = CIRCLE('',#5278,0.5);
#5278 = AXIS2_PLACEMENT_3D('',#5279,#5280,#5281);
#5279 = CARTESIAN_POINT('',(-3.8,5.,0.));
#5280 = DIRECTION('',(-0.,0.,-1.));
#5281 = DIRECTION('',(-0.,-1.,0.));
#5282 = FACE_BOUND('',#5283,.F.);
#5283 = EDGE_LOOP('',(#5284));
#5284 = ORIENTED_EDGE('',*,*,#5285,.T.);
#5285 = EDGE_CURVE('',#5286,#5286,#5288,.T.);
#5286 = VERTEX_POINT('',#5287);
#5287 = CARTESIAN_POINT('',(-1.26,4.5,0.));
#5288 = CIRCLE('',#5289,0.5);
#5289 = AXIS2_PLACEMENT_3D('',#5290,#5291,#5292);
#5290 = CARTESIAN_POINT('',(-1.26,5.,0.));
#5291 = DIRECTION('',(-0.,0.,-1.));
#5292 = DIRECTION('',(-0.,-1.,0.));
#5293 = FACE_BOUND('',#5294,.F.);
#5294 = EDGE_LOOP('',(#5295));
#5295 = ORIENTED_EDGE('',*,*,#5296,.T.);
#5296 = EDGE_CURVE('',#5297,#5297,#5299,.T.);
#5297 = VERTEX_POINT('',#5298);
#5298 = CARTESIAN_POINT('',(1.28,4.5,0.));
#5299 = CIRCLE('',#5300,0.5);
#5300 = AXIS2_PLACEMENT_3D('',#5301,#5302,#5303);
#5301 = CARTESIAN_POINT('',(1.28,5.,0.));
#5302 = DIRECTION('',(-0.,0.,-1.));
#5303 = DIRECTION('',(-0.,-1.,0.));
#5304 = FACE_BOUND('',#5305,.F.);
#5305 = EDGE_LOOP('',(#5306));
#5306 = ORIENTED_EDGE('',*,*,#5307,.T.);
#5307 = EDGE_CURVE('',#5308,#5308,#5310,.T.);
#5308 = VERTEX_POINT('',#5309);
#5309 = CARTESIAN_POINT('',(3.82,4.5,0.));
#5310 = CIRCLE('',#5311,0.5);
#5311 = AXIS2_PLACEMENT_3D('',#5312,#5313,#5314);
#5312 = CARTESIAN_POINT('',(3.82,5.,0.));
#5313 = DIRECTION('',(-0.,0.,-1.));
#5314 = DIRECTION('',(-8.881784197001E-16,-1.,0.));
#5315 = PLANE('',#5316);
#5316 = AXIS2_PLACEMENT_3D('',#5317,#5318,#5319);
#5317 = CARTESIAN_POINT('',(0.,0.,0.));
#5318 = DIRECTION('',(0.,0.,1.));
#5319 = DIRECTION('',(1.,0.,-0.));
#5320 = ADVANCED_FACE('',(#5321,#5367,#5378,#5389,#5400,#5411,#5481,
    #5492,#5503,#5514),#5525,.T.);
#5321 = FACE_BOUND('',#5322,.T.);
#5322 = EDGE_LOOP('',(#5323,#5324,#5325,#5334,#5342,#5351,#5359,#5366));
#5323 = ORIENTED_EDGE('',*,*,#5020,.F.);
#5324 = ORIENTED_EDGE('',*,*,#5062,.F.);
#5325 = ORIENTED_EDGE('',*,*,#5326,.F.);
#5326 = EDGE_CURVE('',#5327,#5055,#5329,.T.);
#5327 = VERTEX_POINT('',#5328);
#5328 = CARTESIAN_POINT('',(-6.,5.5,1.51));
#5329 = CIRCLE('',#5330,0.999999252925);
#5330 = AXIS2_PLACEMENT_3D('',#5331,#5332,#5333);
#5331 = CARTESIAN_POINT('',(-5.000000747075,5.500000747075,1.51));
#5332 = DIRECTION('',(0.,0.,-1.));
#5333 = DIRECTION('',(-1.,-7.47075740283E-07,-0.));
#5334 = ORIENTED_EDGE('',*,*,#5335,.F.);
#5335 = EDGE_CURVE('',#5336,#5327,#5338,.T.);
#5336 = VERTEX_POINT('',#5337);
#5337 = CARTESIAN_POINT('',(-6.,-5.5,1.51));
#5338 = LINE('',#5339,#5340);
#5339 = CARTESIAN_POINT('',(-6.,-5.5,1.51));
#5340 = VECTOR('',#5341,1.);
#5341 = DIRECTION('',(0.,1.,0.));
#5342 = ORIENTED_EDGE('',*,*,#5343,.F.);
#5343 = EDGE_CURVE('',#5344,#5336,#5346,.T.);
#5344 = VERTEX_POINT('',#5345);
#5345 = CARTESIAN_POINT('',(-5.,-6.5,1.51));
#5346 = CIRCLE('',#5347,0.999999252925);
#5347 = AXIS2_PLACEMENT_3D('',#5348,#5349,#5350);
#5348 = CARTESIAN_POINT('',(-5.000000747075,-5.500000747075,1.51));
#5349 = DIRECTION('',(0.,0.,-1.));
#5350 = DIRECTION('',(7.47075740283E-07,-1.,0.));
#5351 = ORIENTED_EDGE('',*,*,#5352,.F.);
#5352 = EDGE_CURVE('',#5353,#5344,#5355,.T.);
#5353 = VERTEX_POINT('',#5354);
#5354 = CARTESIAN_POINT('',(5.,-6.5,1.51));
#5355 = LINE('',#5356,#5357);
#5356 = CARTESIAN_POINT('',(5.,-6.5,1.51));
#5357 = VECTOR('',#5358,1.);
#5358 = DIRECTION('',(-1.,0.,0.));
#5359 = ORIENTED_EDGE('',*,*,#5360,.F.);
#5360 = EDGE_CURVE('',#5085,#5353,#5361,.T.);
#5361 = CIRCLE('',#5362,0.999999252925);
#5362 = AXIS2_PLACEMENT_3D('',#5363,#5364,#5365);
#5363 = CARTESIAN_POINT('',(5.000000747075,-5.500000747075,1.51));
#5364 = DIRECTION('',(0.,0.,-1.));
#5365 = DIRECTION('',(1.,7.47075740283E-07,0.));
#5366 = ORIENTED_EDGE('',*,*,#5084,.F.);
#5367 = FACE_BOUND('',#5368,.T.);
#5368 = EDGE_LOOP('',(#5369));
#5369 = ORIENTED_EDGE('',*,*,#5370,.T.);
#5370 = EDGE_CURVE('',#5371,#5371,#5373,.T.);
#5371 = VERTEX_POINT('',#5372);
#5372 = CARTESIAN_POINT('',(-3.8,-5.5,1.51));
#5373 = CIRCLE('',#5374,0.5);
#5374 = AXIS2_PLACEMENT_3D('',#5375,#5376,#5377);
#5375 = CARTESIAN_POINT('',(-3.8,-5.,1.51));
#5376 = DIRECTION('',(-0.,0.,-1.));
#5377 = DIRECTION('',(-0.,-1.,0.));
#5378 = FACE_BOUND('',#5379,.T.);
#5379 = EDGE_LOOP('',(#5380));
#5380 = ORIENTED_EDGE('',*,*,#5381,.T.);
#5381 = EDGE_CURVE('',#5382,#5382,#5384,.T.);
#5382 = VERTEX_POINT('',#5383);
#5383 = CARTESIAN_POINT('',(-1.26,-5.5,1.51));
#5384 = CIRCLE('',#5385,0.5);
#5385 = AXIS2_PLACEMENT_3D('',#5386,#5387,#5388);
#5386 = CARTESIAN_POINT('',(-1.26,-5.,1.51));
#5387 = DIRECTION('',(-0.,0.,-1.));
#5388 = DIRECTION('',(-0.,-1.,0.));
#5389 = FACE_BOUND('',#5390,.T.);
#5390 = EDGE_LOOP('',(#5391));
#5391 = ORIENTED_EDGE('',*,*,#5392,.T.);
#5392 = EDGE_CURVE('',#5393,#5393,#5395,.T.);
#5393 = VERTEX_POINT('',#5394);
#5394 = CARTESIAN_POINT('',(1.28,-5.5,1.51));
#5395 = CIRCLE('',#5396,0.5);
#5396 = AXIS2_PLACEMENT_3D('',#5397,#5398,#5399);
#5397 = CARTESIAN_POINT('',(1.28,-5.,1.51));
#5398 = DIRECTION('',(-0.,0.,-1.));
#5399 = DIRECTION('',(-0.,-1.,0.));
#5400 = FACE_BOUND('',#5401,.T.);
#5401 = EDGE_LOOP('',(#5402));
#5402 = ORIENTED_EDGE('',*,*,#5403,.T.);
#5403 = EDGE_CURVE('',#5404,#5404,#5406,.T.);
#5404 = VERTEX_POINT('',#5405);
#5405 = CARTESIAN_POINT('',(3.82,-5.5,1.51));
#5406 = CIRCLE('',#5407,0.5);
#5407 = AXIS2_PLACEMENT_3D('',#5408,#5409,#5410);
#5408 = CARTESIAN_POINT('',(3.82,-5.,1.51));
#5409 = DIRECTION('',(-0.,0.,-1.));
#5410 = DIRECTION('',(-8.881784197001E-16,-1.,0.));
#5411 = FACE_BOUND('',#5412,.T.);
#5412 = EDGE_LOOP('',(#5413,#5424,#5432,#5441,#5449,#5458,#5466,#5475));
#5413 = ORIENTED_EDGE('',*,*,#5414,.F.);
#5414 = EDGE_CURVE('',#5415,#5417,#5419,.T.);
#5415 = VERTEX_POINT('',#5416);
#5416 = CARTESIAN_POINT('',(-2.625,2.,1.51));
#5417 = VERTEX_POINT('',#5418);
#5418 = CARTESIAN_POINT('',(-3.125,1.5,1.51));
#5419 = CIRCLE('',#5420,0.500001333575);
#5420 = AXIS2_PLACEMENT_3D('',#5421,#5422,#5423);
#5421 = CARTESIAN_POINT('',(-2.624998666427,1.499998666427,1.51));
#5422 = DIRECTION('',(0.,0.,1.));
#5423 = DIRECTION('',(-2.667139179496E-06,0.999999999996,0.));
#5424 = ORIENTED_EDGE('',*,*,#5425,.F.);
#5425 = EDGE_CURVE('',#5426,#5415,#5428,.T.);
#5426 = VERTEX_POINT('',#5427);
#5427 = CARTESIAN_POINT('',(2.625001,2.000001,1.51));
#5428 = LINE('',#5429,#5430);
#5429 = CARTESIAN_POINT('',(2.625001,2.000001,1.51));
#5430 = VECTOR('',#5431,1.);
#5431 = DIRECTION('',(-1.,-1.904761542216E-07,0.));
#5432 = ORIENTED_EDGE('',*,*,#5433,.F.);
#5433 = EDGE_CURVE('',#5434,#5426,#5436,.T.);
#5434 = VERTEX_POINT('',#5435);
#5435 = CARTESIAN_POINT('',(3.125001,1.500001,1.51));
#5436 = CIRCLE('',#5437,0.500001333575);
#5437 = AXIS2_PLACEMENT_3D('',#5438,#5439,#5440);
#5438 = CARTESIAN_POINT('',(2.624999666427,1.499999666427,1.51));
#5439 = DIRECTION('',(0.,0.,1.));
#5440 = DIRECTION('',(0.999999999996,2.66713917994E-06,-0.));
#5441 = ORIENTED_EDGE('',*,*,#5442,.F.);
#5442 = EDGE_CURVE('',#5443,#5434,#5445,.T.);
#5443 = VERTEX_POINT('',#5444);
#5444 = CARTESIAN_POINT('',(3.125001,-1.500001,1.51));
#5445 = LINE('',#5446,#5447);
#5446 = CARTESIAN_POINT('',(3.125001,-1.500001,1.51));
#5447 = VECTOR('',#5448,1.);
#5448 = DIRECTION('',(0.,1.,0.));
#5449 = ORIENTED_EDGE('',*,*,#5450,.F.);
#5450 = EDGE_CURVE('',#5451,#5443,#5453,.T.);
#5451 = VERTEX_POINT('',#5452);
#5452 = CARTESIAN_POINT('',(2.625001,-2.000001,1.51));
#5453 = CIRCLE('',#5454,0.500001333575);
#5454 = AXIS2_PLACEMENT_3D('',#5455,#5456,#5457);
#5455 = CARTESIAN_POINT('',(2.624999666427,-1.499999666427,1.51));
#5456 = DIRECTION('',(0.,0.,1.));
#5457 = DIRECTION('',(2.667139180384E-06,-0.999999999996,0.));
#5458 = ORIENTED_EDGE('',*,*,#5459,.F.);
#5459 = EDGE_CURVE('',#5460,#5451,#5462,.T.);
#5460 = VERTEX_POINT('',#5461);
#5461 = CARTESIAN_POINT('',(-2.625,-2.,1.51));
#5462 = LINE('',#5463,#5464);
#5463 = CARTESIAN_POINT('',(-2.625,-2.,1.51));
#5464 = VECTOR('',#5465,1.);
#5465 = DIRECTION('',(1.,-1.904761542216E-07,0.));
#5466 = ORIENTED_EDGE('',*,*,#5467,.F.);
#5467 = EDGE_CURVE('',#5468,#5460,#5470,.T.);
#5468 = VERTEX_POINT('',#5469);
#5469 = CARTESIAN_POINT('',(-3.125,-1.5,1.51));
#5470 = CIRCLE('',#5471,0.500001333575);
#5471 = AXIS2_PLACEMENT_3D('',#5472,#5473,#5474);
#5472 = CARTESIAN_POINT('',(-2.624998666427,-1.499998666427,1.51));
#5473 = DIRECTION('',(0.,0.,1.));
#5474 = DIRECTION('',(-0.999999999996,-2.667139179496E-06,0.));
#5475 = ORIENTED_EDGE('',*,*,#5476,.F.);
#5476 = EDGE_CURVE('',#5417,#5468,#5477,.T.);
#5477 = LINE('',#5478,#5479);
#5478 = CARTESIAN_POINT('',(-3.125,1.5,1.51));
#5479 = VECTOR('',#5480,1.);
#5480 = DIRECTION('',(0.,-1.,0.));
#5481 = FACE_BOUND('',#5482,.T.);
#5482 = EDGE_LOOP('',(#5483));
#5483 = ORIENTED_EDGE('',*,*,#5484,.T.);
#5484 = EDGE_CURVE('',#5485,#5485,#5487,.T.);
#5485 = VERTEX_POINT('',#5486);
#5486 = CARTESIAN_POINT('',(-3.8,4.5,1.51));
#5487 = CIRCLE('',#5488,0.5);
#5488 = AXIS2_PLACEMENT_3D('',#5489,#5490,#5491);
#5489 = CARTESIAN_POINT('',(-3.8,5.,1.51));
#5490 = DIRECTION('',(-0.,0.,-1.));
#5491 = DIRECTION('',(-0.,-1.,0.));
#5492 = FACE_BOUND('',#5493,.T.);
#5493 = EDGE_LOOP('',(#5494));
#5494 = ORIENTED_EDGE('',*,*,#5495,.T.);
#5495 = EDGE_CURVE('',#5496,#5496,#5498,.T.);
#5496 = VERTEX_POINT('',#5497);
#5497 = CARTESIAN_POINT('',(-1.26,4.5,1.51));
#5498 = CIRCLE('',#5499,0.5);
#5499 = AXIS2_PLACEMENT_3D('',#5500,#5501,#5502);
#5500 = CARTESIAN_POINT('',(-1.26,5.,1.51));
#5501 = DIRECTION('',(-0.,0.,-1.));
#5502 = DIRECTION('',(-0.,-1.,0.));
#5503 = FACE_BOUND('',#5504,.T.);
#5504 = EDGE_LOOP('',(#5505));
#5505 = ORIENTED_EDGE('',*,*,#5506,.T.);
#5506 = EDGE_CURVE('',#5507,#5507,#5509,.T.);
#5507 = VERTEX_POINT('',#5508);
#5508 = CARTESIAN_POINT('',(1.28,4.5,1.51));
#5509 = CIRCLE('',#5510,0.5);
#5510 = AXIS2_PLACEMENT_3D('',#5511,#5512,#5513);
#5511 = CARTESIAN_POINT('',(1.28,5.,1.51));
#5512 = DIRECTION('',(-0.,0.,-1.));
#5513 = DIRECTION('',(-0.,-1.,0.));
#5514 = FACE_BOUND('',#5515,.T.);
#5515 = EDGE_LOOP('',(#5516));
#5516 = ORIENTED_EDGE('',*,*,#5517,.T.);
#5517 = EDGE_CURVE('',#5518,#5518,#5520,.T.);
#5518 = VERTEX_POINT('',#5519);
#5519 = CARTESIAN_POINT('',(3.82,4.5,1.51));
#5520 = CIRCLE('',#5521,0.5);
#5521 = AXIS2_PLACEMENT_3D('',#5522,#5523,#5524);
#5522 = CARTESIAN_POINT('',(3.82,5.,1.51));
#5523 = DIRECTION('',(-0.,0.,-1.));
#5524 = DIRECTION('',(-8.881784197001E-16,-1.,0.));
#5525 = PLANE('',#5526);
#5526 = AXIS2_PLACEMENT_3D('',#5527,#5528,#5529);
#5527 = CARTESIAN_POINT('',(0.,0.,1.51));
#5528 = DIRECTION('',(0.,0.,1.));
#5529 = DIRECTION('',(1.,0.,-0.));
#5530 = ADVANCED_FACE('',(#5531),#5542,.T.);
#5531 = FACE_BOUND('',#5532,.T.);
#5532 = EDGE_LOOP('',(#5533,#5539,#5540,#5541));
#5533 = ORIENTED_EDGE('',*,*,#5534,.T.);
#5534 = EDGE_CURVE('',#5117,#5327,#5535,.T.);
#5535 = LINE('',#5536,#5537);
#5536 = CARTESIAN_POINT('',(-6.,5.5,0.));
#5537 = VECTOR('',#5538,1.);
#5538 = DIRECTION('',(0.,0.,1.));
#5539 = ORIENTED_EDGE('',*,*,#5326,.T.);
#5540 = ORIENTED_EDGE('',*,*,#5052,.F.);
#5541 = ORIENTED_EDGE('',*,*,#5116,.F.);
#5542 = CYLINDRICAL_SURFACE('',#5543,0.999999252925);
#5543 = AXIS2_PLACEMENT_3D('',#5544,#5545,#5546);
#5544 = CARTESIAN_POINT('',(-5.000000747075,5.500000747075,0.));
#5545 = DIRECTION('',(0.,0.,-1.));
#5546 = DIRECTION('',(-1.,-7.47075740283E-07,-0.));
#5547 = ADVANCED_FACE('',(#5548),#5559,.T.);
#5548 = FACE_BOUND('',#5549,.T.);
#5549 = EDGE_LOOP('',(#5550,#5551,#5552,#5558));
#5550 = ORIENTED_EDGE('',*,*,#5092,.T.);
#5551 = ORIENTED_EDGE('',*,*,#5360,.T.);
#5552 = ORIENTED_EDGE('',*,*,#5553,.F.);
#5553 = EDGE_CURVE('',#5143,#5353,#5554,.T.);
#5554 = LINE('',#5555,#5556);
#5555 = CARTESIAN_POINT('',(5.,-6.5,0.));
#5556 = VECTOR('',#5557,1.);
#5557 = DIRECTION('',(0.,0.,1.));
#5558 = ORIENTED_EDGE('',*,*,#5150,.F.);
#5559 = CYLINDRICAL_SURFACE('',#5560,0.999999252925);
#5560 = AXIS2_PLACEMENT_3D('',#5561,#5562,#5563);
#5561 = CARTESIAN_POINT('',(5.000000747075,-5.500000747075,0.));
#5562 = DIRECTION('',(0.,0.,-1.));
#5563 = DIRECTION('',(1.,7.47075740283E-07,0.));
#5564 = ADVANCED_FACE('',(#5565),#5576,.T.);
#5565 = FACE_BOUND('',#5566,.T.);
#5566 = EDGE_LOOP('',(#5567,#5573,#5574,#5575));
#5567 = ORIENTED_EDGE('',*,*,#5568,.T.);
#5568 = EDGE_CURVE('',#5126,#5336,#5569,.T.);
#5569 = LINE('',#5570,#5571);
#5570 = CARTESIAN_POINT('',(-6.,-5.5,0.));
#5571 = VECTOR('',#5572,1.);
#5572 = DIRECTION('',(0.,0.,1.));
#5573 = ORIENTED_EDGE('',*,*,#5335,.T.);
#5574 = ORIENTED_EDGE('',*,*,#5534,.F.);
#5575 = ORIENTED_EDGE('',*,*,#5125,.F.);
#5576 = PLANE('',#5577);
#5577 = AXIS2_PLACEMENT_3D('',#5578,#5579,#5580);
#5578 = CARTESIAN_POINT('',(-6.,-5.5,0.));
#5579 = DIRECTION('',(-1.,0.,0.));
#5580 = DIRECTION('',(0.,1.,0.));
#5581 = ADVANCED_FACE('',(#5582),#5593,.T.);
#5582 = FACE_BOUND('',#5583,.T.);
#5583 = EDGE_LOOP('',(#5584,#5585,#5586,#5592));
#5584 = ORIENTED_EDGE('',*,*,#5553,.T.);
#5585 = ORIENTED_EDGE('',*,*,#5352,.T.);
#5586 = ORIENTED_EDGE('',*,*,#5587,.F.);
#5587 = EDGE_CURVE('',#5134,#5344,#5588,.T.);
#5588 = LINE('',#5589,#5590);
#5589 = CARTESIAN_POINT('',(-5.,-6.5,0.));
#5590 = VECTOR('',#5591,1.);
#5591 = DIRECTION('',(0.,0.,1.));
#5592 = ORIENTED_EDGE('',*,*,#5142,.F.);
#5593 = PLANE('',#5594);
#5594 = AXIS2_PLACEMENT_3D('',#5595,#5596,#5597);
#5595 = CARTESIAN_POINT('',(5.,-6.5,0.));
#5596 = DIRECTION('',(0.,-1.,0.));
#5597 = DIRECTION('',(-1.,0.,0.));
#5598 = ADVANCED_FACE('',(#5599),#5605,.T.);
#5599 = FACE_BOUND('',#5600,.T.);
#5600 = EDGE_LOOP('',(#5601,#5602,#5603,#5604));
#5601 = ORIENTED_EDGE('',*,*,#5587,.T.);
#5602 = ORIENTED_EDGE('',*,*,#5343,.T.);
#5603 = ORIENTED_EDGE('',*,*,#5568,.F.);
#5604 = ORIENTED_EDGE('',*,*,#5133,.F.);
#5605 = CYLINDRICAL_SURFACE('',#5606,0.999999252925);
#5606 = AXIS2_PLACEMENT_3D('',#5607,#5608,#5609);
#5607 = CARTESIAN_POINT('',(-5.000000747075,-5.500000747075,0.));
#5608 = DIRECTION('',(0.,0.,-1.));
#5609 = DIRECTION('',(7.47075740283E-07,-1.,0.));
#5610 = ADVANCED_FACE('',(#5611),#5622,.F.);
#5611 = FACE_BOUND('',#5612,.T.);
#5612 = EDGE_LOOP('',(#5613,#5614,#5620,#5621));
#5613 = ORIENTED_EDGE('',*,*,#5160,.T.);
#5614 = ORIENTED_EDGE('',*,*,#5615,.T.);
#5615 = EDGE_CURVE('',#5161,#5371,#5616,.T.);
#5616 = LINE('',#5617,#5618);
#5617 = CARTESIAN_POINT('',(-3.8,-5.5,-4.6E-02));
#5618 = VECTOR('',#5619,1.);
#5619 = DIRECTION('',(0.,0.,1.));
#5620 = ORIENTED_EDGE('',*,*,#5370,.F.);
#5621 = ORIENTED_EDGE('',*,*,#5615,.F.);
#5622 = CYLINDRICAL_SURFACE('',#5623,0.5);
#5623 = AXIS2_PLACEMENT_3D('',#5624,#5625,#5626);
#5624 = CARTESIAN_POINT('',(-3.8,-5.,-4.6E-02));
#5625 = DIRECTION('',(-0.,-0.,-1.));
#5626 = DIRECTION('',(-0.,-1.,0.));
#5627 = ADVANCED_FACE('',(#5628),#5639,.F.);
#5628 = FACE_BOUND('',#5629,.T.);
#5629 = EDGE_LOOP('',(#5630,#5631,#5637,#5638));
#5630 = ORIENTED_EDGE('',*,*,#5171,.T.);
#5631 = ORIENTED_EDGE('',*,*,#5632,.T.);
#5632 = EDGE_CURVE('',#5172,#5382,#5633,.T.);
#5633 = LINE('',#5634,#5635);
#5634 = CARTESIAN_POINT('',(-1.26,-5.5,-4.6E-02));
#5635 = VECTOR('',#5636,1.);
#5636 = DIRECTION('',(0.,0.,1.));
#5637 = ORIENTED_EDGE('',*,*,#5381,.F.);
#5638 = ORIENTED_EDGE('',*,*,#5632,.F.);
#5639 = CYLINDRICAL_SURFACE('',#5640,0.5);
#5640 = AXIS2_PLACEMENT_3D('',#5641,#5642,#5643);
#5641 = CARTESIAN_POINT('',(-1.26,-5.,-4.6E-02));
#5642 = DIRECTION('',(-0.,-0.,-1.));
#5643 = DIRECTION('',(-0.,-1.,0.));
#5644 = ADVANCED_FACE('',(#5645),#5656,.F.);
#5645 = FACE_BOUND('',#5646,.T.);
#5646 = EDGE_LOOP('',(#5647,#5648,#5654,#5655));
#5647 = ORIENTED_EDGE('',*,*,#5182,.T.);
#5648 = ORIENTED_EDGE('',*,*,#5649,.T.);
#5649 = EDGE_CURVE('',#5183,#5393,#5650,.T.);
#5650 = LINE('',#5651,#5652);
#5651 = CARTESIAN_POINT('',(1.28,-5.5,-4.6E-02));
#5652 = VECTOR('',#5653,1.);
#5653 = DIRECTION('',(0.,0.,1.));
#5654 = ORIENTED_EDGE('',*,*,#5392,.F.);
#5655 = ORIENTED_EDGE('',*,*,#5649,.F.);
#5656 = CYLINDRICAL_SURFACE('',#5657,0.5);
#5657 = AXIS2_PLACEMENT_3D('',#5658,#5659,#5660);
#5658 = CARTESIAN_POINT('',(1.28,-5.,-4.6E-02));
#5659 = DIRECTION('',(-0.,-0.,-1.));
#5660 = DIRECTION('',(-0.,-1.,0.));
#5661 = ADVANCED_FACE('',(#5662),#5673,.F.);
#5662 = FACE_BOUND('',#5663,.T.);
#5663 = EDGE_LOOP('',(#5664,#5665,#5671,#5672));
#5664 = ORIENTED_EDGE('',*,*,#5193,.T.);
#5665 = ORIENTED_EDGE('',*,*,#5666,.T.);
#5666 = EDGE_CURVE('',#5194,#5404,#5667,.T.);
#5667 = LINE('',#5668,#5669);
#5668 = CARTESIAN_POINT('',(3.82,-5.5,-4.6E-02));
#5669 = VECTOR('',#5670,1.);
#5670 = DIRECTION('',(0.,0.,1.));
#5671 = ORIENTED_EDGE('',*,*,#5403,.F.);
#5672 = ORIENTED_EDGE('',*,*,#5666,.F.);
#5673 = CYLINDRICAL_SURFACE('',#5674,0.5);
#5674 = AXIS2_PLACEMENT_3D('',#5675,#5676,#5677);
#5675 = CARTESIAN_POINT('',(3.82,-5.,-4.6E-02));
#5676 = DIRECTION('',(-0.,-0.,-1.));
#5677 = DIRECTION('',(-8.881784197001E-16,-1.,0.));
#5678 = ADVANCED_FACE('',(#5679),#5695,.F.);
#5679 = FACE_BOUND('',#5680,.T.);
#5680 = EDGE_LOOP('',(#5681,#5687,#5688,#5694));
#5681 = ORIENTED_EDGE('',*,*,#5682,.T.);
#5682 = EDGE_CURVE('',#5205,#5415,#5683,.T.);
#5683 = LINE('',#5684,#5685);
#5684 = CARTESIAN_POINT('',(-2.625,2.,0.));
#5685 = VECTOR('',#5686,1.);
#5686 = DIRECTION('',(0.,0.,1.));
#5687 = ORIENTED_EDGE('',*,*,#5414,.T.);
#5688 = ORIENTED_EDGE('',*,*,#5689,.F.);
#5689 = EDGE_CURVE('',#5207,#5417,#5690,.T.);
#5690 = LINE('',#5691,#5692);
#5691 = CARTESIAN_POINT('',(-3.125,1.5,0.));
#5692 = VECTOR('',#5693,1.);
#5693 = DIRECTION('',(0.,0.,1.));
#5694 = ORIENTED_EDGE('',*,*,#5204,.F.);
#5695 = CYLINDRICAL_SURFACE('',#5696,0.500001333575);
#5696 = AXIS2_PLACEMENT_3D('',#5697,#5698,#5699);
#5697 = CARTESIAN_POINT('',(-2.624998666427,1.499998666427,0.));
#5698 = DIRECTION('',(-0.,-0.,-1.));
#5699 = DIRECTION('',(-2.667139179496E-06,0.999999999996,0.));
#5700 = ADVANCED_FACE('',(#5701),#5712,.T.);
#5701 = FACE_BOUND('',#5702,.T.);
#5702 = EDGE_LOOP('',(#5703,#5709,#5710,#5711));
#5703 = ORIENTED_EDGE('',*,*,#5704,.T.);
#5704 = EDGE_CURVE('',#5216,#5426,#5705,.T.);
#5705 = LINE('',#5706,#5707);
#5706 = CARTESIAN_POINT('',(2.625001,2.000001,0.));
#5707 = VECTOR('',#5708,1.);
#5708 = DIRECTION('',(0.,0.,1.));
#5709 = ORIENTED_EDGE('',*,*,#5425,.T.);
#5710 = ORIENTED_EDGE('',*,*,#5682,.F.);
#5711 = ORIENTED_EDGE('',*,*,#5215,.F.);
#5712 = PLANE('',#5713);
#5713 = AXIS2_PLACEMENT_3D('',#5714,#5715,#5716);
#5714 = CARTESIAN_POINT('',(2.625001,2.000001,0.));
#5715 = DIRECTION('',(1.904761542216E-07,-1.,0.));
#5716 = DIRECTION('',(-1.,-1.904761542216E-07,0.));
#5717 = ADVANCED_FACE('',(#5718),#5729,.T.);
#5718 = FACE_BOUND('',#5719,.T.);
#5719 = EDGE_LOOP('',(#5720,#5721,#5722,#5728));
#5720 = ORIENTED_EDGE('',*,*,#5689,.T.);
#5721 = ORIENTED_EDGE('',*,*,#5476,.T.);
#5722 = ORIENTED_EDGE('',*,*,#5723,.F.);
#5723 = EDGE_CURVE('',#5258,#5468,#5724,.T.);
#5724 = LINE('',#5725,#5726);
#5725 = CARTESIAN_POINT('',(-3.125,-1.5,0.));
#5726 = VECTOR('',#5727,1.);
#5727 = DIRECTION('',(0.,0.,1.));
#5728 = ORIENTED_EDGE('',*,*,#5266,.F.);
#5729 = PLANE('',#5730);
#5730 = AXIS2_PLACEMENT_3D('',#5731,#5732,#5733);
#5731 = CARTESIAN_POINT('',(-3.125,1.5,0.));
#5732 = DIRECTION('',(1.,0.,-0.));
#5733 = DIRECTION('',(0.,-1.,0.));
#5734 = ADVANCED_FACE('',(#5735),#5746,.F.);
#5735 = FACE_BOUND('',#5736,.T.);
#5736 = EDGE_LOOP('',(#5737,#5743,#5744,#5745));
#5737 = ORIENTED_EDGE('',*,*,#5738,.T.);
#5738 = EDGE_CURVE('',#5224,#5434,#5739,.T.);
#5739 = LINE('',#5740,#5741);
#5740 = CARTESIAN_POINT('',(3.125001,1.500001,0.));
#5741 = VECTOR('',#5742,1.);
#5742 = DIRECTION('',(0.,0.,1.));
#5743 = ORIENTED_EDGE('',*,*,#5433,.T.);
#5744 = ORIENTED_EDGE('',*,*,#5704,.F.);
#5745 = ORIENTED_EDGE('',*,*,#5223,.F.);
#5746 = CYLINDRICAL_SURFACE('',#5747,0.500001333575);
#5747 = AXIS2_PLACEMENT_3D('',#5748,#5749,#5750);
#5748 = CARTESIAN_POINT('',(2.624999666427,1.499999666427,0.));
#5749 = DIRECTION('',(-0.,-0.,-1.));
#5750 = DIRECTION('',(0.999999999996,2.66713917994E-06,-0.));
#5751 = ADVANCED_FACE('',(#5752),#5763,.F.);
#5752 = FACE_BOUND('',#5753,.T.);
#5753 = EDGE_LOOP('',(#5754,#5755,#5756,#5762));
#5754 = ORIENTED_EDGE('',*,*,#5723,.T.);
#5755 = ORIENTED_EDGE('',*,*,#5467,.T.);
#5756 = ORIENTED_EDGE('',*,*,#5757,.F.);
#5757 = EDGE_CURVE('',#5250,#5460,#5758,.T.);
#5758 = LINE('',#5759,#5760);
#5759 = CARTESIAN_POINT('',(-2.625,-2.,0.));
#5760 = VECTOR('',#5761,1.);
#5761 = DIRECTION('',(0.,0.,1.));
#5762 = ORIENTED_EDGE('',*,*,#5257,.F.);
#5763 = CYLINDRICAL_SURFACE('',#5764,0.500001333575);
#5764 = AXIS2_PLACEMENT_3D('',#5765,#5766,#5767);
#5765 = CARTESIAN_POINT('',(-2.624998666427,-1.499998666427,0.));
#5766 = DIRECTION('',(-0.,-0.,-1.));
#5767 = DIRECTION('',(-0.999999999996,-2.667139179496E-06,0.));
#5768 = ADVANCED_FACE('',(#5769),#5780,.T.);
#5769 = FACE_BOUND('',#5770,.T.);
#5770 = EDGE_LOOP('',(#5771,#5777,#5778,#5779));
#5771 = ORIENTED_EDGE('',*,*,#5772,.T.);
#5772 = EDGE_CURVE('',#5233,#5443,#5773,.T.);
#5773 = LINE('',#5774,#5775);
#5774 = CARTESIAN_POINT('',(3.125001,-1.500001,0.));
#5775 = VECTOR('',#5776,1.);
#5776 = DIRECTION('',(0.,0.,1.));
#5777 = ORIENTED_EDGE('',*,*,#5442,.T.);
#5778 = ORIENTED_EDGE('',*,*,#5738,.F.);
#5779 = ORIENTED_EDGE('',*,*,#5232,.F.);
#5780 = PLANE('',#5781);
#5781 = AXIS2_PLACEMENT_3D('',#5782,#5783,#5784);
#5782 = CARTESIAN_POINT('',(3.125001,-1.500001,0.));
#5783 = DIRECTION('',(-1.,0.,0.));
#5784 = DIRECTION('',(0.,1.,0.));
#5785 = ADVANCED_FACE('',(#5786),#5797,.T.);
#5786 = FACE_BOUND('',#5787,.T.);
#5787 = EDGE_LOOP('',(#5788,#5789,#5790,#5796));
#5788 = ORIENTED_EDGE('',*,*,#5757,.T.);
#5789 = ORIENTED_EDGE('',*,*,#5459,.T.);
#5790 = ORIENTED_EDGE('',*,*,#5791,.F.);
#5791 = EDGE_CURVE('',#5241,#5451,#5792,.T.);
#5792 = LINE('',#5793,#5794);
#5793 = CARTESIAN_POINT('',(2.625001,-2.000001,0.));
#5794 = VECTOR('',#5795,1.);
#5795 = DIRECTION('',(0.,0.,1.));
#5796 = ORIENTED_EDGE('',*,*,#5249,.F.);
#5797 = PLANE('',#5798);
#5798 = AXIS2_PLACEMENT_3D('',#5799,#5800,#5801);
#5799 = CARTESIAN_POINT('',(-2.625,-2.,0.));
#5800 = DIRECTION('',(1.904761542216E-07,1.,-0.));
#5801 = DIRECTION('',(1.,-1.904761542216E-07,0.));
#5802 = ADVANCED_FACE('',(#5803),#5809,.F.);
#5803 = FACE_BOUND('',#5804,.T.);
#5804 = EDGE_LOOP('',(#5805,#5806,#5807,#5808));
#5805 = ORIENTED_EDGE('',*,*,#5791,.T.);
#5806 = ORIENTED_EDGE('',*,*,#5450,.T.);
#5807 = ORIENTED_EDGE('',*,*,#5772,.F.);
#5808 = ORIENTED_EDGE('',*,*,#5240,.F.);
#5809 = CYLINDRICAL_SURFACE('',#5810,0.500001333575);
#5810 = AXIS2_PLACEMENT_3D('',#5811,#5812,#5813);
#5811 = CARTESIAN_POINT('',(2.624999666427,-1.499999666427,0.));
#5812 = DIRECTION('',(-0.,-0.,-1.));
#5813 = DIRECTION('',(2.667139180384E-06,-0.999999999996,0.));
#5814 = ADVANCED_FACE('',(#5815),#5826,.F.);
#5815 = FACE_BOUND('',#5816,.T.);
#5816 = EDGE_LOOP('',(#5817,#5818,#5824,#5825));
#5817 = ORIENTED_EDGE('',*,*,#5274,.T.);
#5818 = ORIENTED_EDGE('',*,*,#5819,.T.);
#5819 = EDGE_CURVE('',#5275,#5485,#5820,.T.);
#5820 = LINE('',#5821,#5822);
#5821 = CARTESIAN_POINT('',(-3.8,4.5,-4.6E-02));
#5822 = VECTOR('',#5823,1.);
#5823 = DIRECTION('',(0.,0.,1.));
#5824 = ORIENTED_EDGE('',*,*,#5484,.F.);
#5825 = ORIENTED_EDGE('',*,*,#5819,.F.);
#5826 = CYLINDRICAL_SURFACE('',#5827,0.5);
#5827 = AXIS2_PLACEMENT_3D('',#5828,#5829,#5830);
#5828 = CARTESIAN_POINT('',(-3.8,5.,-4.6E-02));
#5829 = DIRECTION('',(-0.,-0.,-1.));
#5830 = DIRECTION('',(-0.,-1.,0.));
#5831 = ADVANCED_FACE('',(#5832),#5843,.F.);
#5832 = FACE_BOUND('',#5833,.T.);
#5833 = EDGE_LOOP('',(#5834,#5835,#5841,#5842));
#5834 = ORIENTED_EDGE('',*,*,#5285,.T.);
#5835 = ORIENTED_EDGE('',*,*,#5836,.T.);
#5836 = EDGE_CURVE('',#5286,#5496,#5837,.T.);
#5837 = LINE('',#5838,#5839);
#5838 = CARTESIAN_POINT('',(-1.26,4.5,-4.6E-02));
#5839 = VECTOR('',#5840,1.);
#5840 = DIRECTION('',(0.,0.,1.));
#5841 = ORIENTED_EDGE('',*,*,#5495,.F.);
#5842 = ORIENTED_EDGE('',*,*,#5836,.F.);
#5843 = CYLINDRICAL_SURFACE('',#5844,0.5);
#5844 = AXIS2_PLACEMENT_3D('',#5845,#5846,#5847);
#5845 = CARTESIAN_POINT('',(-1.26,5.,-4.6E-02));
#5846 = DIRECTION('',(-0.,-0.,-1.));
#5847 = DIRECTION('',(-0.,-1.,0.));
#5848 = ADVANCED_FACE('',(#5849),#5860,.F.);
#5849 = FACE_BOUND('',#5850,.T.);
#5850 = EDGE_LOOP('',(#5851,#5852,#5858,#5859));
#5851 = ORIENTED_EDGE('',*,*,#5296,.T.);
#5852 = ORIENTED_EDGE('',*,*,#5853,.T.);
#5853 = EDGE_CURVE('',#5297,#5507,#5854,.T.);
#5854 = LINE('',#5855,#5856);
#5855 = CARTESIAN_POINT('',(1.28,4.5,-4.6E-02));
#5856 = VECTOR('',#5857,1.);
#5857 = DIRECTION('',(0.,0.,1.));
#5858 = ORIENTED_EDGE('',*,*,#5506,.F.);
#5859 = ORIENTED_EDGE('',*,*,#5853,.F.);
#5860 = CYLINDRICAL_SURFACE('',#5861,0.5);
#5861 = AXIS2_PLACEMENT_3D('',#5862,#5863,#5864);
#5862 = CARTESIAN_POINT('',(1.28,5.,-4.6E-02));
#5863 = DIRECTION('',(-0.,-0.,-1.));
#5864 = DIRECTION('',(-0.,-1.,0.));
#5865 = ADVANCED_FACE('',(#5866),#5877,.F.);
#5866 = FACE_BOUND('',#5867,.T.);
#5867 = EDGE_LOOP('',(#5868,#5869,#5875,#5876));
#5868 = ORIENTED_EDGE('',*,*,#5307,.T.);
#5869 = ORIENTED_EDGE('',*,*,#5870,.T.);
#5870 = EDGE_CURVE('',#5308,#5518,#5871,.T.);
#5871 = LINE('',#5872,#5873);
#5872 = CARTESIAN_POINT('',(3.82,4.5,-4.6E-02));
#5873 = VECTOR('',#5874,1.);
#5874 = DIRECTION('',(0.,0.,1.));
#5875 = ORIENTED_EDGE('',*,*,#5517,.F.);
#5876 = ORIENTED_EDGE('',*,*,#5870,.F.);
#5877 = CYLINDRICAL_SURFACE('',#5878,0.5);
#5878 = AXIS2_PLACEMENT_3D('',#5879,#5880,#5881);
#5879 = CARTESIAN_POINT('',(3.82,5.,-4.6E-02));
#5880 = DIRECTION('',(-0.,-0.,-1.));
#5881 = DIRECTION('',(-8.881784197001E-16,-1.,0.));
#5882 = ( GEOMETRIC_REPRESENTATION_CONTEXT(3) 
GLOBAL_UNCERTAINTY_ASSIGNED_CONTEXT((#5886)) 
GLOBAL_UNIT_ASSIGNED_CONTEXT((#5883,#5884,#5885)) REPRESENTATION_CONTEXT
('Context #1','3D Context with UNIT and UNCERTAINTY') );
#5883 = ( LENGTH_UNIT() NAMED_UNIT(*) SI_UNIT(.MILLI.,.METRE.) );
#5884 = ( NAMED_UNIT(*) PLANE_ANGLE_UNIT() SI_UNIT($,.RADIAN.) );
#5885 = ( NAMED_UNIT(*) SI_UNIT($,.STERADIAN.) SOLID_ANGLE_UNIT() );
#5886 = UNCERTAINTY_MEASURE_WITH_UNIT(LENGTH_MEASURE(1.E-07),#5883,
  'distance_accuracy_value','confusion accuracy');
#5887 = CONTEXT_DEPENDENT_SHAPE_REPRESENTATION(#5888,#5890);
#5888 = ( REPRESENTATION_RELATIONSHIP('','',#5003,#10) 
REPRESENTATION_RELATIONSHIP_WITH_TRANSFORMATION(#5889) 
SHAPE_REPRESENTATION_RELATIONSHIP() );
#5889 = ITEM_DEFINED_TRANSFORMATION('','',#11,#27);
#5890 = PRODUCT_DEFINITION_SHAPE('Placement','Placement of an item',
  #5891);
#5891 = NEXT_ASSEMBLY_USAGE_OCCURRENCE('6','=>[0:1:1:4]','',#5,#4998,$);
#5892 = PRODUCT_RELATED_PRODUCT_CATEGORY('part',$,(#5000));
#5893 = MECHANICAL_DESIGN_GEOMETRIC_PRESENTATION_REPRESENTATION('',(
    #5894,#5902,#5909,#5916,#5923,#5930,#5937,#5944),#4985);
#5894 = STYLED_ITEM('color',(#5895),#3785);
#5895 = PRESENTATION_STYLE_ASSIGNMENT((#5896));
#5896 = SURFACE_STYLE_USAGE(.BOTH.,#5897);
#5897 = SURFACE_SIDE_STYLE('',(#5898));
#5898 = SURFACE_STYLE_FILL_AREA(#5899);
#5899 = FILL_AREA_STYLE('',(#5900));
#5900 = FILL_AREA_STYLE_COLOUR('',#5901);
#5901 = COLOUR_RGB('',0.733333325624,0.772549007887,0.796078417252);
#5902 = STYLED_ITEM('color',(#5903),#3935);
#5903 = PRESENTATION_STYLE_ASSIGNMENT((#5904));
#5904 = SURFACE_STYLE_USAGE(.BOTH.,#5905);
#5905 = SURFACE_SIDE_STYLE('',(#5906));
#5906 = SURFACE_STYLE_FILL_AREA(#5907);
#5907 = FILL_AREA_STYLE('',(#5908));
#5908 = FILL_AREA_STYLE_COLOUR('',#5901);
#5909 = STYLED_ITEM('color',(#5910),#4085);
#5910 = PRESENTATION_STYLE_ASSIGNMENT((#5911));
#5911 = SURFACE_STYLE_USAGE(.BOTH.,#5912);
#5912 = SURFACE_SIDE_STYLE('',(#5913));
#5913 = SURFACE_STYLE_FILL_AREA(#5914);
#5914 = FILL_AREA_STYLE('',(#5915));
#5915 = FILL_AREA_STYLE_COLOUR('',#5901);
#5916 = STYLED_ITEM('color',(#5917),#4235);
#5917 = PRESENTATION_STYLE_ASSIGNMENT((#5918));
#5918 = SURFACE_STYLE_USAGE(.BOTH.,#5919);
#5919 = SURFACE_SIDE_STYLE('',(#5920));
#5920 = SURFACE_STYLE_FILL_AREA(#5921);
#5921 = FILL_AREA_STYLE('',(#5922));
#5922 = FILL_AREA_STYLE_COLOUR('',#5901);
#5923 = STYLED_ITEM('color',(#5924),#4385);
#5924 = PRESENTATION_STYLE_ASSIGNMENT((#5925));
#5925 = SURFACE_STYLE_USAGE(.BOTH.,#5926);
#5926 = SURFACE_SIDE_STYLE('',(#5927));
#5927 = SURFACE_STYLE_FILL_AREA(#5928);
#5928 = FILL_AREA_STYLE('',(#5929));
#5929 = FILL_AREA_STYLE_COLOUR('',#5901);
#5930 = STYLED_ITEM('color',(#5931),#4535);
#5931 = PRESENTATION_STYLE_ASSIGNMENT((#5932));
#5932 = SURFACE_STYLE_USAGE(.BOTH.,#5933);
#5933 = SURFACE_SIDE_STYLE('',(#5934));
#5934 = SURFACE_STYLE_FILL_AREA(#5935);
#5935 = FILL_AREA_STYLE('',(#5936));
#5936 = FILL_AREA_STYLE_COLOUR('',#5901);
#5937 = STYLED_ITEM('color',(#5938),#4685);
#5938 = PRESENTATION_STYLE_ASSIGNMENT((#5939));
#5939 = SURFACE_STYLE_USAGE(.BOTH.,#5940);
#5940 = SURFACE_SIDE_STYLE('',(#5941));
#5941 = SURFACE_STYLE_FILL_AREA(#5942);
#5942 = FILL_AREA_STYLE('',(#5943));
#5943 = FILL_AREA_STYLE_COLOUR('',#5901);
#5944 = STYLED_ITEM('color',(#5945),#4835);
#5945 = PRESENTATION_STYLE_ASSIGNMENT((#5946));
#5946 = SURFACE_STYLE_USAGE(.BOTH.,#5947);
#5947 = SURFACE_SIDE_STYLE('',(#5948));
#5948 = SURFACE_STYLE_FILL_AREA(#5949);
#5949 = FILL_AREA_STYLE('',(#5950));
#5950 = FILL_AREA_STYLE_COLOUR('',#5901);
#5951 = MECHANICAL_DESIGN_GEOMETRIC_PRESENTATION_REPRESENTATION('',(
    #5952,#5960,#5967,#5974,#5981,#5988,#5995,#6002,#6009,#6016,#6023,
    #6030,#6037,#6044,#6051,#6058,#6065,#6072,#6079,#6086,#6093,#6100,
    #6107,#6114,#6121,#6128,#6135,#6142,#6149,#6157,#6164,#6171,#6178,
    #6185,#6192,#6199,#6206,#6213,#6220,#6227,#6234,#6241,#6248,#6255,
    #6262,#6269,#6276,#6283,#6290,#6297,#6304,#6311,#6318,#6325,#6332,
    #6339,#6346,#6353,#6360,#6367,#6374,#6381,#6388,#6395,#6402,#6409,
    #6416,#6423,#6430,#6437,#6444,#6451,#6458,#6465,#6472,#6479,#6486,
    #6493,#6500,#6507,#6514,#6521,#6528,#6535,#6542,#6549,#6556,#6563,
    #6570,#6577,#6584,#6591,#6598,#6605,#6612,#6619,#6626,#6633,#6640,
    #6647),#2825);
#5952 = STYLED_ITEM('color',(#5953),#47);
#5953 = PRESENTATION_STYLE_ASSIGNMENT((#5954));
#5954 = SURFACE_STYLE_USAGE(.BOTH.,#5955);
#5955 = SURFACE_SIDE_STYLE('',(#5956));
#5956 = SURFACE_STYLE_FILL_AREA(#5957);
#5957 = FILL_AREA_STYLE('',(#5958));
#5958 = FILL_AREA_STYLE_COLOUR('',#5959);
#5959 = COLOUR_RGB('',0.147999998088,0.144999993226,0.144999993226);
#5960 = STYLED_ITEM('color',(#5961),#87);
#5961 = PRESENTATION_STYLE_ASSIGNMENT((#5962));
#5962 = SURFACE_STYLE_USAGE(.BOTH.,#5963);
#5963 = SURFACE_SIDE_STYLE('',(#5964));
#5964 = SURFACE_STYLE_FILL_AREA(#5965);
#5965 = FILL_AREA_STYLE('',(#5966));
#5966 = FILL_AREA_STYLE_COLOUR('',#5959);
#5967 = STYLED_ITEM('color',(#5968),#118);
#5968 = PRESENTATION_STYLE_ASSIGNMENT((#5969));
#5969 = SURFACE_STYLE_USAGE(.BOTH.,#5970);
#5970 = SURFACE_SIDE_STYLE('',(#5971));
#5971 = SURFACE_STYLE_FILL_AREA(#5972);
#5972 = FILL_AREA_STYLE('',(#5973));
#5973 = FILL_AREA_STYLE_COLOUR('',#5959);
#5974 = STYLED_ITEM('color',(#5975),#149);
#5975 = PRESENTATION_STYLE_ASSIGNMENT((#5976));
#5976 = SURFACE_STYLE_USAGE(.BOTH.,#5977);
#5977 = SURFACE_SIDE_STYLE('',(#5978));
#5978 = SURFACE_STYLE_FILL_AREA(#5979);
#5979 = FILL_AREA_STYLE('',(#5980));
#5980 = FILL_AREA_STYLE_COLOUR('',#5959);
#5981 = STYLED_ITEM('color',(#5982),#478);
#5982 = PRESENTATION_STYLE_ASSIGNMENT((#5983));
#5983 = SURFACE_STYLE_USAGE(.BOTH.,#5984);
#5984 = SURFACE_SIDE_STYLE('',(#5985));
#5985 = SURFACE_STYLE_FILL_AREA(#5986);
#5986 = FILL_AREA_STYLE('',(#5987));
#5987 = FILL_AREA_STYLE_COLOUR('',#5959);
#5988 = STYLED_ITEM('color',(#5989),#807);
#5989 = PRESENTATION_STYLE_ASSIGNMENT((#5990));
#5990 = SURFACE_STYLE_USAGE(.BOTH.,#5991);
#5991 = SURFACE_SIDE_STYLE('',(#5992));
#5992 = SURFACE_STYLE_FILL_AREA(#5993);
#5993 = FILL_AREA_STYLE('',(#5994));
#5994 = FILL_AREA_STYLE_COLOUR('',#5959);
#5995 = STYLED_ITEM('color',(#5996),#824);
#5996 = PRESENTATION_STYLE_ASSIGNMENT((#5997));
#5997 = SURFACE_STYLE_USAGE(.BOTH.,#5998);
#5998 = SURFACE_SIDE_STYLE('',(#5999));
#5999 = SURFACE_STYLE_FILL_AREA(#6000);
#6000 = FILL_AREA_STYLE('',(#6001));
#6001 = FILL_AREA_STYLE_COLOUR('',#5959);
#6002 = STYLED_ITEM('color',(#6003),#841);
#6003 = PRESENTATION_STYLE_ASSIGNMENT((#6004));
#6004 = SURFACE_STYLE_USAGE(.BOTH.,#6005);
#6005 = SURFACE_SIDE_STYLE('',(#6006));
#6006 = SURFACE_STYLE_FILL_AREA(#6007);
#6007 = FILL_AREA_STYLE('',(#6008));
#6008 = FILL_AREA_STYLE_COLOUR('',#5959);
#6009 = STYLED_ITEM('color',(#6010),#858);
#6010 = PRESENTATION_STYLE_ASSIGNMENT((#6011));
#6011 = SURFACE_STYLE_USAGE(.BOTH.,#6012);
#6012 = SURFACE_SIDE_STYLE('',(#6013));
#6013 = SURFACE_STYLE_FILL_AREA(#6014);
#6014 = FILL_AREA_STYLE('',(#6015));
#6015 = FILL_AREA_STYLE_COLOUR('',#5959);
#6016 = STYLED_ITEM('color',(#6017),#875);
#6017 = PRESENTATION_STYLE_ASSIGNMENT((#6018));
#6018 = SURFACE_STYLE_USAGE(.BOTH.,#6019);
#6019 = SURFACE_SIDE_STYLE('',(#6020));
#6020 = SURFACE_STYLE_FILL_AREA(#6021);
#6021 = FILL_AREA_STYLE('',(#6022));
#6022 = FILL_AREA_STYLE_COLOUR('',#5959);
#6023 = STYLED_ITEM('color',(#6024),#892);
#6024 = PRESENTATION_STYLE_ASSIGNMENT((#6025));
#6025 = SURFACE_STYLE_USAGE(.BOTH.,#6026);
#6026 = SURFACE_SIDE_STYLE('',(#6027));
#6027 = SURFACE_STYLE_FILL_AREA(#6028);
#6028 = FILL_AREA_STYLE('',(#6029));
#6029 = FILL_AREA_STYLE_COLOUR('',#5959);
#6030 = STYLED_ITEM('color',(#6031),#909);
#6031 = PRESENTATION_STYLE_ASSIGNMENT((#6032));
#6032 = SURFACE_STYLE_USAGE(.BOTH.,#6033);
#6033 = SURFACE_SIDE_STYLE('',(#6034));
#6034 = SURFACE_STYLE_FILL_AREA(#6035);
#6035 = FILL_AREA_STYLE('',(#6036));
#6036 = FILL_AREA_STYLE_COLOUR('',#5959);
#6037 = STYLED_ITEM('color',(#6038),#926);
#6038 = PRESENTATION_STYLE_ASSIGNMENT((#6039));
#6039 = SURFACE_STYLE_USAGE(.BOTH.,#6040);
#6040 = SURFACE_SIDE_STYLE('',(#6041));
#6041 = SURFACE_STYLE_FILL_AREA(#6042);
#6042 = FILL_AREA_STYLE('',(#6043));
#6043 = FILL_AREA_STYLE_COLOUR('',#5959);
#6044 = STYLED_ITEM('color',(#6045),#943);
#6045 = PRESENTATION_STYLE_ASSIGNMENT((#6046));
#6046 = SURFACE_STYLE_USAGE(.BOTH.,#6047);
#6047 = SURFACE_SIDE_STYLE('',(#6048));
#6048 = SURFACE_STYLE_FILL_AREA(#6049);
#6049 = FILL_AREA_STYLE('',(#6050));
#6050 = FILL_AREA_STYLE_COLOUR('',#5959);
#6051 = STYLED_ITEM('color',(#6052),#960);
#6052 = PRESENTATION_STYLE_ASSIGNMENT((#6053));
#6053 = SURFACE_STYLE_USAGE(.BOTH.,#6054);
#6054 = SURFACE_SIDE_STYLE('',(#6055));
#6055 = SURFACE_STYLE_FILL_AREA(#6056);
#6056 = FILL_AREA_STYLE('',(#6057));
#6057 = FILL_AREA_STYLE_COLOUR('',#5959);
#6058 = STYLED_ITEM('color',(#6059),#977);
#6059 = PRESENTATION_STYLE_ASSIGNMENT((#6060));
#6060 = SURFACE_STYLE_USAGE(.BOTH.,#6061);
#6061 = SURFACE_SIDE_STYLE('',(#6062));
#6062 = SURFACE_STYLE_FILL_AREA(#6063);
#6063 = FILL_AREA_STYLE('',(#6064));
#6064 = FILL_AREA_STYLE_COLOUR('',#5959);
#6065 = STYLED_ITEM('color',(#6066),#994);
#6066 = PRESENTATION_STYLE_ASSIGNMENT((#6067));
#6067 = SURFACE_STYLE_USAGE(.BOTH.,#6068);
#6068 = SURFACE_SIDE_STYLE('',(#6069));
#6069 = SURFACE_STYLE_FILL_AREA(#6070);
#6070 = FILL_AREA_STYLE('',(#6071));
#6071 = FILL_AREA_STYLE_COLOUR('',#5959);
#6072 = STYLED_ITEM('color',(#6073),#1011);
#6073 = PRESENTATION_STYLE_ASSIGNMENT((#6074));
#6074 = SURFACE_STYLE_USAGE(.BOTH.,#6075);
#6075 = SURFACE_SIDE_STYLE('',(#6076));
#6076 = SURFACE_STYLE_FILL_AREA(#6077);
#6077 = FILL_AREA_STYLE('',(#6078));
#6078 = FILL_AREA_STYLE_COLOUR('',#5959);
#6079 = STYLED_ITEM('color',(#6080),#1028);
#6080 = PRESENTATION_STYLE_ASSIGNMENT((#6081));
#6081 = SURFACE_STYLE_USAGE(.BOTH.,#6082);
#6082 = SURFACE_SIDE_STYLE('',(#6083));
#6083 = SURFACE_STYLE_FILL_AREA(#6084);
#6084 = FILL_AREA_STYLE('',(#6085));
#6085 = FILL_AREA_STYLE_COLOUR('',#5959);
#6086 = STYLED_ITEM('color',(#6087),#1045);
#6087 = PRESENTATION_STYLE_ASSIGNMENT((#6088));
#6088 = SURFACE_STYLE_USAGE(.BOTH.,#6089);
#6089 = SURFACE_SIDE_STYLE('',(#6090));
#6090 = SURFACE_STYLE_FILL_AREA(#6091);
#6091 = FILL_AREA_STYLE('',(#6092));
#6092 = FILL_AREA_STYLE_COLOUR('',#5959);
#6093 = STYLED_ITEM('color',(#6094),#1062);
#6094 = PRESENTATION_STYLE_ASSIGNMENT((#6095));
#6095 = SURFACE_STYLE_USAGE(.BOTH.,#6096);
#6096 = SURFACE_SIDE_STYLE('',(#6097));
#6097 = SURFACE_STYLE_FILL_AREA(#6098);
#6098 = FILL_AREA_STYLE('',(#6099));
#6099 = FILL_AREA_STYLE_COLOUR('',#5959);
#6100 = STYLED_ITEM('color',(#6101),#1079);
#6101 = PRESENTATION_STYLE_ASSIGNMENT((#6102));
#6102 = SURFACE_STYLE_USAGE(.BOTH.,#6103);
#6103 = SURFACE_SIDE_STYLE('',(#6104));
#6104 = SURFACE_STYLE_FILL_AREA(#6105);
#6105 = FILL_AREA_STYLE('',(#6106));
#6106 = FILL_AREA_STYLE_COLOUR('',#5959);
#6107 = STYLED_ITEM('color',(#6108),#1096);
#6108 = PRESENTATION_STYLE_ASSIGNMENT((#6109));
#6109 = SURFACE_STYLE_USAGE(.BOTH.,#6110);
#6110 = SURFACE_SIDE_STYLE('',(#6111));
#6111 = SURFACE_STYLE_FILL_AREA(#6112);
#6112 = FILL_AREA_STYLE('',(#6113));
#6113 = FILL_AREA_STYLE_COLOUR('',#5959);
#6114 = STYLED_ITEM('color',(#6115),#1113);
#6115 = PRESENTATION_STYLE_ASSIGNMENT((#6116));
#6116 = SURFACE_STYLE_USAGE(.BOTH.,#6117);
#6117 = SURFACE_SIDE_STYLE('',(#6118));
#6118 = SURFACE_STYLE_FILL_AREA(#6119);
#6119 = FILL_AREA_STYLE('',(#6120));
#6120 = FILL_AREA_STYLE_COLOUR('',#5959);
#6121 = STYLED_ITEM('color',(#6122),#1130);
#6122 = PRESENTATION_STYLE_ASSIGNMENT((#6123));
#6123 = SURFACE_STYLE_USAGE(.BOTH.,#6124);
#6124 = SURFACE_SIDE_STYLE('',(#6125));
#6125 = SURFACE_STYLE_FILL_AREA(#6126);
#6126 = FILL_AREA_STYLE('',(#6127));
#6127 = FILL_AREA_STYLE_COLOUR('',#5959);
#6128 = STYLED_ITEM('color',(#6129),#1147);
#6129 = PRESENTATION_STYLE_ASSIGNMENT((#6130));
#6130 = SURFACE_STYLE_USAGE(.BOTH.,#6131);
#6131 = SURFACE_SIDE_STYLE('',(#6132));
#6132 = SURFACE_STYLE_FILL_AREA(#6133);
#6133 = FILL_AREA_STYLE('',(#6134));
#6134 = FILL_AREA_STYLE_COLOUR('',#5959);
#6135 = STYLED_ITEM('color',(#6136),#1164);
#6136 = PRESENTATION_STYLE_ASSIGNMENT((#6137));
#6137 = SURFACE_STYLE_USAGE(.BOTH.,#6138);
#6138 = SURFACE_SIDE_STYLE('',(#6139));
#6139 = SURFACE_STYLE_FILL_AREA(#6140);
#6140 = FILL_AREA_STYLE('',(#6141));
#6141 = FILL_AREA_STYLE_COLOUR('',#5959);
#6142 = STYLED_ITEM('color',(#6143),#1181);
#6143 = PRESENTATION_STYLE_ASSIGNMENT((#6144));
#6144 = SURFACE_STYLE_USAGE(.BOTH.,#6145);
#6145 = SURFACE_SIDE_STYLE('',(#6146));
#6146 = SURFACE_STYLE_FILL_AREA(#6147);
#6147 = FILL_AREA_STYLE('',(#6148));
#6148 = FILL_AREA_STYLE_COLOUR('',#5959);
#6149 = STYLED_ITEM('color',(#6150),#1193);
#6150 = PRESENTATION_STYLE_ASSIGNMENT((#6151));
#6151 = SURFACE_STYLE_USAGE(.BOTH.,#6152);
#6152 = SURFACE_SIDE_STYLE('',(#6153));
#6153 = SURFACE_STYLE_FILL_AREA(#6154);
#6154 = FILL_AREA_STYLE('',(#6155));
#6155 = FILL_AREA_STYLE_COLOUR('',#6156);
#6156 = COLOUR_RGB('',0.859000020776,0.737999965183,0.495999988746);
#6157 = STYLED_ITEM('color',(#6158),#1224);
#6158 = PRESENTATION_STYLE_ASSIGNMENT((#6159));
#6159 = SURFACE_STYLE_USAGE(.BOTH.,#6160);
#6160 = SURFACE_SIDE_STYLE('',(#6161));
#6161 = SURFACE_STYLE_FILL_AREA(#6162);
#6162 = FILL_AREA_STYLE('',(#6163));
#6163 = FILL_AREA_STYLE_COLOUR('',#6156);
#6164 = STYLED_ITEM('color',(#6165),#1248);
#6165 = PRESENTATION_STYLE_ASSIGNMENT((#6166));
#6166 = SURFACE_STYLE_USAGE(.BOTH.,#6167);
#6167 = SURFACE_SIDE_STYLE('',(#6168));
#6168 = SURFACE_STYLE_FILL_AREA(#6169);
#6169 = FILL_AREA_STYLE('',(#6170));
#6170 = FILL_AREA_STYLE_COLOUR('',#6156);
#6171 = STYLED_ITEM('color',(#6172),#1272);
#6172 = PRESENTATION_STYLE_ASSIGNMENT((#6173));
#6173 = SURFACE_STYLE_USAGE(.BOTH.,#6174);
#6174 = SURFACE_SIDE_STYLE('',(#6175));
#6175 = SURFACE_STYLE_FILL_AREA(#6176);
#6176 = FILL_AREA_STYLE('',(#6177));
#6177 = FILL_AREA_STYLE_COLOUR('',#6156);
#6178 = STYLED_ITEM('color',(#6179),#1289);
#6179 = PRESENTATION_STYLE_ASSIGNMENT((#6180));
#6180 = SURFACE_STYLE_USAGE(.BOTH.,#6181);
#6181 = SURFACE_SIDE_STYLE('',(#6182));
#6182 = SURFACE_STYLE_FILL_AREA(#6183);
#6183 = FILL_AREA_STYLE('',(#6184));
#6184 = FILL_AREA_STYLE_COLOUR('',#6156);
#6185 = STYLED_ITEM('color',(#6186),#1320);
#6186 = PRESENTATION_STYLE_ASSIGNMENT((#6187));
#6187 = SURFACE_STYLE_USAGE(.BOTH.,#6188);
#6188 = SURFACE_SIDE_STYLE('',(#6189));
#6189 = SURFACE_STYLE_FILL_AREA(#6190);
#6190 = FILL_AREA_STYLE('',(#6191));
#6191 = FILL_AREA_STYLE_COLOUR('',#6156);
#6192 = STYLED_ITEM('color',(#6193),#1344);
#6193 = PRESENTATION_STYLE_ASSIGNMENT((#6194));
#6194 = SURFACE_STYLE_USAGE(.BOTH.,#6195);
#6195 = SURFACE_SIDE_STYLE('',(#6196));
#6196 = SURFACE_STYLE_FILL_AREA(#6197);
#6197 = FILL_AREA_STYLE('',(#6198));
#6198 = FILL_AREA_STYLE_COLOUR('',#6156);
#6199 = STYLED_ITEM('color',(#6200),#1368);
#6200 = PRESENTATION_STYLE_ASSIGNMENT((#6201));
#6201 = SURFACE_STYLE_USAGE(.BOTH.,#6202);
#6202 = SURFACE_SIDE_STYLE('',(#6203));
#6203 = SURFACE_STYLE_FILL_AREA(#6204);
#6204 = FILL_AREA_STYLE('',(#6205));
#6205 = FILL_AREA_STYLE_COLOUR('',#6156);
#6206 = STYLED_ITEM('color',(#6207),#1385);
#6207 = PRESENTATION_STYLE_ASSIGNMENT((#6208));
#6208 = SURFACE_STYLE_USAGE(.BOTH.,#6209);
#6209 = SURFACE_SIDE_STYLE('',(#6210));
#6210 = SURFACE_STYLE_FILL_AREA(#6211);
#6211 = FILL_AREA_STYLE('',(#6212));
#6212 = FILL_AREA_STYLE_COLOUR('',#6156);
#6213 = STYLED_ITEM('color',(#6214),#1416);
#6214 = PRESENTATION_STYLE_ASSIGNMENT((#6215));
#6215 = SURFACE_STYLE_USAGE(.BOTH.,#6216);
#6216 = SURFACE_SIDE_STYLE('',(#6217));
#6217 = SURFACE_STYLE_FILL_AREA(#6218);
#6218 = FILL_AREA_STYLE('',(#6219));
#6219 = FILL_AREA_STYLE_COLOUR('',#6156);
#6220 = STYLED_ITEM('color',(#6221),#1440);
#6221 = PRESENTATION_STYLE_ASSIGNMENT((#6222));
#6222 = SURFACE_STYLE_USAGE(.BOTH.,#6223);
#6223 = SURFACE_SIDE_STYLE('',(#6224));
#6224 = SURFACE_STYLE_FILL_AREA(#6225);
#6225 = FILL_AREA_STYLE('',(#6226));
#6226 = FILL_AREA_STYLE_COLOUR('',#6156);
#6227 = STYLED_ITEM('color',(#6228),#1464);
#6228 = PRESENTATION_STYLE_ASSIGNMENT((#6229));
#6229 = SURFACE_STYLE_USAGE(.BOTH.,#6230);
#6230 = SURFACE_SIDE_STYLE('',(#6231));
#6231 = SURFACE_STYLE_FILL_AREA(#6232);
#6232 = FILL_AREA_STYLE('',(#6233));
#6233 = FILL_AREA_STYLE_COLOUR('',#6156);
#6234 = STYLED_ITEM('color',(#6235),#1481);
#6235 = PRESENTATION_STYLE_ASSIGNMENT((#6236));
#6236 = SURFACE_STYLE_USAGE(.BOTH.,#6237);
#6237 = SURFACE_SIDE_STYLE('',(#6238));
#6238 = SURFACE_STYLE_FILL_AREA(#6239);
#6239 = FILL_AREA_STYLE('',(#6240));
#6240 = FILL_AREA_STYLE_COLOUR('',#6156);
#6241 = STYLED_ITEM('color',(#6242),#1512);
#6242 = PRESENTATION_STYLE_ASSIGNMENT((#6243));
#6243 = SURFACE_STYLE_USAGE(.BOTH.,#6244);
#6244 = SURFACE_SIDE_STYLE('',(#6245));
#6245 = SURFACE_STYLE_FILL_AREA(#6246);
#6246 = FILL_AREA_STYLE('',(#6247));
#6247 = FILL_AREA_STYLE_COLOUR('',#6156);
#6248 = STYLED_ITEM('color',(#6249),#1536);
#6249 = PRESENTATION_STYLE_ASSIGNMENT((#6250));
#6250 = SURFACE_STYLE_USAGE(.BOTH.,#6251);
#6251 = SURFACE_SIDE_STYLE('',(#6252));
#6252 = SURFACE_STYLE_FILL_AREA(#6253);
#6253 = FILL_AREA_STYLE('',(#6254));
#6254 = FILL_AREA_STYLE_COLOUR('',#6156);
#6255 = STYLED_ITEM('color',(#6256),#1560);
#6256 = PRESENTATION_STYLE_ASSIGNMENT((#6257));
#6257 = SURFACE_STYLE_USAGE(.BOTH.,#6258);
#6258 = SURFACE_SIDE_STYLE('',(#6259));
#6259 = SURFACE_STYLE_FILL_AREA(#6260);
#6260 = FILL_AREA_STYLE('',(#6261));
#6261 = FILL_AREA_STYLE_COLOUR('',#6156);
#6262 = STYLED_ITEM('color',(#6263),#1577);
#6263 = PRESENTATION_STYLE_ASSIGNMENT((#6264));
#6264 = SURFACE_STYLE_USAGE(.BOTH.,#6265);
#6265 = SURFACE_SIDE_STYLE('',(#6266));
#6266 = SURFACE_STYLE_FILL_AREA(#6267);
#6267 = FILL_AREA_STYLE('',(#6268));
#6268 = FILL_AREA_STYLE_COLOUR('',#6156);
#6269 = STYLED_ITEM('color',(#6270),#1608);
#6270 = PRESENTATION_STYLE_ASSIGNMENT((#6271));
#6271 = SURFACE_STYLE_USAGE(.BOTH.,#6272);
#6272 = SURFACE_SIDE_STYLE('',(#6273));
#6273 = SURFACE_STYLE_FILL_AREA(#6274);
#6274 = FILL_AREA_STYLE('',(#6275));
#6275 = FILL_AREA_STYLE_COLOUR('',#6156);
#6276 = STYLED_ITEM('color',(#6277),#1632);
#6277 = PRESENTATION_STYLE_ASSIGNMENT((#6278));
#6278 = SURFACE_STYLE_USAGE(.BOTH.,#6279);
#6279 = SURFACE_SIDE_STYLE('',(#6280));
#6280 = SURFACE_STYLE_FILL_AREA(#6281);
#6281 = FILL_AREA_STYLE('',(#6282));
#6282 = FILL_AREA_STYLE_COLOUR('',#6156);
#6283 = STYLED_ITEM('color',(#6284),#1656);
#6284 = PRESENTATION_STYLE_ASSIGNMENT((#6285));
#6285 = SURFACE_STYLE_USAGE(.BOTH.,#6286);
#6286 = SURFACE_SIDE_STYLE('',(#6287));
#6287 = SURFACE_STYLE_FILL_AREA(#6288);
#6288 = FILL_AREA_STYLE('',(#6289));
#6289 = FILL_AREA_STYLE_COLOUR('',#6156);
#6290 = STYLED_ITEM('color',(#6291),#1673);
#6291 = PRESENTATION_STYLE_ASSIGNMENT((#6292));
#6292 = SURFACE_STYLE_USAGE(.BOTH.,#6293);
#6293 = SURFACE_SIDE_STYLE('',(#6294));
#6294 = SURFACE_STYLE_FILL_AREA(#6295);
#6295 = FILL_AREA_STYLE('',(#6296));
#6296 = FILL_AREA_STYLE_COLOUR('',#6156);
#6297 = STYLED_ITEM('color',(#6298),#1704);
#6298 = PRESENTATION_STYLE_ASSIGNMENT((#6299));
#6299 = SURFACE_STYLE_USAGE(.BOTH.,#6300);
#6300 = SURFACE_SIDE_STYLE('',(#6301));
#6301 = SURFACE_STYLE_FILL_AREA(#6302);
#6302 = FILL_AREA_STYLE('',(#6303));
#6303 = FILL_AREA_STYLE_COLOUR('',#6156);
#6304 = STYLED_ITEM('color',(#6305),#1728);
#6305 = PRESENTATION_STYLE_ASSIGNMENT((#6306));
#6306 = SURFACE_STYLE_USAGE(.BOTH.,#6307);
#6307 = SURFACE_SIDE_STYLE('',(#6308));
#6308 = SURFACE_STYLE_FILL_AREA(#6309);
#6309 = FILL_AREA_STYLE('',(#6310));
#6310 = FILL_AREA_STYLE_COLOUR('',#6156);
#6311 = STYLED_ITEM('color',(#6312),#1752);
#6312 = PRESENTATION_STYLE_ASSIGNMENT((#6313));
#6313 = SURFACE_STYLE_USAGE(.BOTH.,#6314);
#6314 = SURFACE_SIDE_STYLE('',(#6315));
#6315 = SURFACE_STYLE_FILL_AREA(#6316);
#6316 = FILL_AREA_STYLE('',(#6317));
#6317 = FILL_AREA_STYLE_COLOUR('',#6156);
#6318 = STYLED_ITEM('color',(#6319),#1769);
#6319 = PRESENTATION_STYLE_ASSIGNMENT((#6320));
#6320 = SURFACE_STYLE_USAGE(.BOTH.,#6321);
#6321 = SURFACE_SIDE_STYLE('',(#6322));
#6322 = SURFACE_STYLE_FILL_AREA(#6323);
#6323 = FILL_AREA_STYLE('',(#6324));
#6324 = FILL_AREA_STYLE_COLOUR('',#6156);
#6325 = STYLED_ITEM('color',(#6326),#1800);
#6326 = PRESENTATION_STYLE_ASSIGNMENT((#6327));
#6327 = SURFACE_STYLE_USAGE(.BOTH.,#6328);
#6328 = SURFACE_SIDE_STYLE('',(#6329));
#6329 = SURFACE_STYLE_FILL_AREA(#6330);
#6330 = FILL_AREA_STYLE('',(#6331));
#6331 = FILL_AREA_STYLE_COLOUR('',#6156);
#6332 = STYLED_ITEM('color',(#6333),#1824);
#6333 = PRESENTATION_STYLE_ASSIGNMENT((#6334));
#6334 = SURFACE_STYLE_USAGE(.BOTH.,#6335);
#6335 = SURFACE_SIDE_STYLE('',(#6336));
#6336 = SURFACE_STYLE_FILL_AREA(#6337);
#6337 = FILL_AREA_STYLE('',(#6338));
#6338 = FILL_AREA_STYLE_COLOUR('',#6156);
#6339 = STYLED_ITEM('color',(#6340),#1848);
#6340 = PRESENTATION_STYLE_ASSIGNMENT((#6341));
#6341 = SURFACE_STYLE_USAGE(.BOTH.,#6342);
#6342 = SURFACE_SIDE_STYLE('',(#6343));
#6343 = SURFACE_STYLE_FILL_AREA(#6344);
#6344 = FILL_AREA_STYLE('',(#6345));
#6345 = FILL_AREA_STYLE_COLOUR('',#6156);
#6346 = STYLED_ITEM('color',(#6347),#1865);
#6347 = PRESENTATION_STYLE_ASSIGNMENT((#6348));
#6348 = SURFACE_STYLE_USAGE(.BOTH.,#6349);
#6349 = SURFACE_SIDE_STYLE('',(#6350));
#6350 = SURFACE_STYLE_FILL_AREA(#6351);
#6351 = FILL_AREA_STYLE('',(#6352));
#6352 = FILL_AREA_STYLE_COLOUR('',#6156);
#6353 = STYLED_ITEM('color',(#6354),#1896);
#6354 = PRESENTATION_STYLE_ASSIGNMENT((#6355));
#6355 = SURFACE_STYLE_USAGE(.BOTH.,#6356);
#6356 = SURFACE_SIDE_STYLE('',(#6357));
#6357 = SURFACE_STYLE_FILL_AREA(#6358);
#6358 = FILL_AREA_STYLE('',(#6359));
#6359 = FILL_AREA_STYLE_COLOUR('',#6156);
#6360 = STYLED_ITEM('color',(#6361),#1920);
#6361 = PRESENTATION_STYLE_ASSIGNMENT((#6362));
#6362 = SURFACE_STYLE_USAGE(.BOTH.,#6363);
#6363 = SURFACE_SIDE_STYLE('',(#6364));
#6364 = SURFACE_STYLE_FILL_AREA(#6365);
#6365 = FILL_AREA_STYLE('',(#6366));
#6366 = FILL_AREA_STYLE_COLOUR('',#6156);
#6367 = STYLED_ITEM('color',(#6368),#1944);
#6368 = PRESENTATION_STYLE_ASSIGNMENT((#6369));
#6369 = SURFACE_STYLE_USAGE(.BOTH.,#6370);
#6370 = SURFACE_SIDE_STYLE('',(#6371));
#6371 = SURFACE_STYLE_FILL_AREA(#6372);
#6372 = FILL_AREA_STYLE('',(#6373));
#6373 = FILL_AREA_STYLE_COLOUR('',#6156);
#6374 = STYLED_ITEM('color',(#6375),#1961);
#6375 = PRESENTATION_STYLE_ASSIGNMENT((#6376));
#6376 = SURFACE_STYLE_USAGE(.BOTH.,#6377);
#6377 = SURFACE_SIDE_STYLE('',(#6378));
#6378 = SURFACE_STYLE_FILL_AREA(#6379);
#6379 = FILL_AREA_STYLE('',(#6380));
#6380 = FILL_AREA_STYLE_COLOUR('',#6156);
#6381 = STYLED_ITEM('color',(#6382),#1992);
#6382 = PRESENTATION_STYLE_ASSIGNMENT((#6383));
#6383 = SURFACE_STYLE_USAGE(.BOTH.,#6384);
#6384 = SURFACE_SIDE_STYLE('',(#6385));
#6385 = SURFACE_STYLE_FILL_AREA(#6386);
#6386 = FILL_AREA_STYLE('',(#6387));
#6387 = FILL_AREA_STYLE_COLOUR('',#6156);
#6388 = STYLED_ITEM('color',(#6389),#2016);
#6389 = PRESENTATION_STYLE_ASSIGNMENT((#6390));
#6390 = SURFACE_STYLE_USAGE(.BOTH.,#6391);
#6391 = SURFACE_SIDE_STYLE('',(#6392));
#6392 = SURFACE_STYLE_FILL_AREA(#6393);
#6393 = FILL_AREA_STYLE('',(#6394));
#6394 = FILL_AREA_STYLE_COLOUR('',#6156);
#6395 = STYLED_ITEM('color',(#6396),#2040);
#6396 = PRESENTATION_STYLE_ASSIGNMENT((#6397));
#6397 = SURFACE_STYLE_USAGE(.BOTH.,#6398);
#6398 = SURFACE_SIDE_STYLE('',(#6399));
#6399 = SURFACE_STYLE_FILL_AREA(#6400);
#6400 = FILL_AREA_STYLE('',(#6401));
#6401 = FILL_AREA_STYLE_COLOUR('',#6156);
#6402 = STYLED_ITEM('color',(#6403),#2057);
#6403 = PRESENTATION_STYLE_ASSIGNMENT((#6404));
#6404 = SURFACE_STYLE_USAGE(.BOTH.,#6405);
#6405 = SURFACE_SIDE_STYLE('',(#6406));
#6406 = SURFACE_STYLE_FILL_AREA(#6407);
#6407 = FILL_AREA_STYLE('',(#6408));
#6408 = FILL_AREA_STYLE_COLOUR('',#6156);
#6409 = STYLED_ITEM('color',(#6410),#2088);
#6410 = PRESENTATION_STYLE_ASSIGNMENT((#6411));
#6411 = SURFACE_STYLE_USAGE(.BOTH.,#6412);
#6412 = SURFACE_SIDE_STYLE('',(#6413));
#6413 = SURFACE_STYLE_FILL_AREA(#6414);
#6414 = FILL_AREA_STYLE('',(#6415));
#6415 = FILL_AREA_STYLE_COLOUR('',#6156);
#6416 = STYLED_ITEM('color',(#6417),#2112);
#6417 = PRESENTATION_STYLE_ASSIGNMENT((#6418));
#6418 = SURFACE_STYLE_USAGE(.BOTH.,#6419);
#6419 = SURFACE_SIDE_STYLE('',(#6420));
#6420 = SURFACE_STYLE_FILL_AREA(#6421);
#6421 = FILL_AREA_STYLE('',(#6422));
#6422 = FILL_AREA_STYLE_COLOUR('',#6156);
#6423 = STYLED_ITEM('color',(#6424),#2136);
#6424 = PRESENTATION_STYLE_ASSIGNMENT((#6425));
#6425 = SURFACE_STYLE_USAGE(.BOTH.,#6426);
#6426 = SURFACE_SIDE_STYLE('',(#6427));
#6427 = SURFACE_STYLE_FILL_AREA(#6428);
#6428 = FILL_AREA_STYLE('',(#6429));
#6429 = FILL_AREA_STYLE_COLOUR('',#6156);
#6430 = STYLED_ITEM('color',(#6431),#2153);
#6431 = PRESENTATION_STYLE_ASSIGNMENT((#6432));
#6432 = SURFACE_STYLE_USAGE(.BOTH.,#6433);
#6433 = SURFACE_SIDE_STYLE('',(#6434));
#6434 = SURFACE_STYLE_FILL_AREA(#6435);
#6435 = FILL_AREA_STYLE('',(#6436));
#6436 = FILL_AREA_STYLE_COLOUR('',#6156);
#6437 = STYLED_ITEM('color',(#6438),#2184);
#6438 = PRESENTATION_STYLE_ASSIGNMENT((#6439));
#6439 = SURFACE_STYLE_USAGE(.BOTH.,#6440);
#6440 = SURFACE_SIDE_STYLE('',(#6441));
#6441 = SURFACE_STYLE_FILL_AREA(#6442);
#6442 = FILL_AREA_STYLE('',(#6443));
#6443 = FILL_AREA_STYLE_COLOUR('',#6156);
#6444 = STYLED_ITEM('color',(#6445),#2208);
#6445 = PRESENTATION_STYLE_ASSIGNMENT((#6446));
#6446 = SURFACE_STYLE_USAGE(.BOTH.,#6447);
#6447 = SURFACE_SIDE_STYLE('',(#6448));
#6448 = SURFACE_STYLE_FILL_AREA(#6449);
#6449 = FILL_AREA_STYLE('',(#6450));
#6450 = FILL_AREA_STYLE_COLOUR('',#6156);
#6451 = STYLED_ITEM('color',(#6452),#2232);
#6452 = PRESENTATION_STYLE_ASSIGNMENT((#6453));
#6453 = SURFACE_STYLE_USAGE(.BOTH.,#6454);
#6454 = SURFACE_SIDE_STYLE('',(#6455));
#6455 = SURFACE_STYLE_FILL_AREA(#6456);
#6456 = FILL_AREA_STYLE('',(#6457));
#6457 = FILL_AREA_STYLE_COLOUR('',#6156);
#6458 = STYLED_ITEM('color',(#6459),#2249);
#6459 = PRESENTATION_STYLE_ASSIGNMENT((#6460));
#6460 = SURFACE_STYLE_USAGE(.BOTH.,#6461);
#6461 = SURFACE_SIDE_STYLE('',(#6462));
#6462 = SURFACE_STYLE_FILL_AREA(#6463);
#6463 = FILL_AREA_STYLE('',(#6464));
#6464 = FILL_AREA_STYLE_COLOUR('',#6156);
#6465 = STYLED_ITEM('color',(#6466),#2280);
#6466 = PRESENTATION_STYLE_ASSIGNMENT((#6467));
#6467 = SURFACE_STYLE_USAGE(.BOTH.,#6468);
#6468 = SURFACE_SIDE_STYLE('',(#6469));
#6469 = SURFACE_STYLE_FILL_AREA(#6470);
#6470 = FILL_AREA_STYLE('',(#6471));
#6471 = FILL_AREA_STYLE_COLOUR('',#6156);
#6472 = STYLED_ITEM('color',(#6473),#2304);
#6473 = PRESENTATION_STYLE_ASSIGNMENT((#6474));
#6474 = SURFACE_STYLE_USAGE(.BOTH.,#6475);
#6475 = SURFACE_SIDE_STYLE('',(#6476));
#6476 = SURFACE_STYLE_FILL_AREA(#6477);
#6477 = FILL_AREA_STYLE('',(#6478));
#6478 = FILL_AREA_STYLE_COLOUR('',#6156);
#6479 = STYLED_ITEM('color',(#6480),#2328);
#6480 = PRESENTATION_STYLE_ASSIGNMENT((#6481));
#6481 = SURFACE_STYLE_USAGE(.BOTH.,#6482);
#6482 = SURFACE_SIDE_STYLE('',(#6483));
#6483 = SURFACE_STYLE_FILL_AREA(#6484);
#6484 = FILL_AREA_STYLE('',(#6485));
#6485 = FILL_AREA_STYLE_COLOUR('',#6156);
#6486 = STYLED_ITEM('color',(#6487),#2345);
#6487 = PRESENTATION_STYLE_ASSIGNMENT((#6488));
#6488 = SURFACE_STYLE_USAGE(.BOTH.,#6489);
#6489 = SURFACE_SIDE_STYLE('',(#6490));
#6490 = SURFACE_STYLE_FILL_AREA(#6491);
#6491 = FILL_AREA_STYLE('',(#6492));
#6492 = FILL_AREA_STYLE_COLOUR('',#6156);
#6493 = STYLED_ITEM('color',(#6494),#2376);
#6494 = PRESENTATION_STYLE_ASSIGNMENT((#6495));
#6495 = SURFACE_STYLE_USAGE(.BOTH.,#6496);
#6496 = SURFACE_SIDE_STYLE('',(#6497));
#6497 = SURFACE_STYLE_FILL_AREA(#6498);
#6498 = FILL_AREA_STYLE('',(#6499));
#6499 = FILL_AREA_STYLE_COLOUR('',#6156);
#6500 = STYLED_ITEM('color',(#6501),#2400);
#6501 = PRESENTATION_STYLE_ASSIGNMENT((#6502));
#6502 = SURFACE_STYLE_USAGE(.BOTH.,#6503);
#6503 = SURFACE_SIDE_STYLE('',(#6504));
#6504 = SURFACE_STYLE_FILL_AREA(#6505);
#6505 = FILL_AREA_STYLE('',(#6506));
#6506 = FILL_AREA_STYLE_COLOUR('',#6156);
#6507 = STYLED_ITEM('color',(#6508),#2424);
#6508 = PRESENTATION_STYLE_ASSIGNMENT((#6509));
#6509 = SURFACE_STYLE_USAGE(.BOTH.,#6510);
#6510 = SURFACE_SIDE_STYLE('',(#6511));
#6511 = SURFACE_STYLE_FILL_AREA(#6512);
#6512 = FILL_AREA_STYLE('',(#6513));
#6513 = FILL_AREA_STYLE_COLOUR('',#6156);
#6514 = STYLED_ITEM('color',(#6515),#2441);
#6515 = PRESENTATION_STYLE_ASSIGNMENT((#6516));
#6516 = SURFACE_STYLE_USAGE(.BOTH.,#6517);
#6517 = SURFACE_SIDE_STYLE('',(#6518));
#6518 = SURFACE_STYLE_FILL_AREA(#6519);
#6519 = FILL_AREA_STYLE('',(#6520));
#6520 = FILL_AREA_STYLE_COLOUR('',#6156);
#6521 = STYLED_ITEM('color',(#6522),#2472);
#6522 = PRESENTATION_STYLE_ASSIGNMENT((#6523));
#6523 = SURFACE_STYLE_USAGE(.BOTH.,#6524);
#6524 = SURFACE_SIDE_STYLE('',(#6525));
#6525 = SURFACE_STYLE_FILL_AREA(#6526);
#6526 = FILL_AREA_STYLE('',(#6527));
#6527 = FILL_AREA_STYLE_COLOUR('',#6156);
#6528 = STYLED_ITEM('color',(#6529),#2496);
#6529 = PRESENTATION_STYLE_ASSIGNMENT((#6530));
#6530 = SURFACE_STYLE_USAGE(.BOTH.,#6531);
#6531 = SURFACE_SIDE_STYLE('',(#6532));
#6532 = SURFACE_STYLE_FILL_AREA(#6533);
#6533 = FILL_AREA_STYLE('',(#6534));
#6534 = FILL_AREA_STYLE_COLOUR('',#6156);
#6535 = STYLED_ITEM('color',(#6536),#2520);
#6536 = PRESENTATION_STYLE_ASSIGNMENT((#6537));
#6537 = SURFACE_STYLE_USAGE(.BOTH.,#6538);
#6538 = SURFACE_SIDE_STYLE('',(#6539));
#6539 = SURFACE_STYLE_FILL_AREA(#6540);
#6540 = FILL_AREA_STYLE('',(#6541));
#6541 = FILL_AREA_STYLE_COLOUR('',#6156);
#6542 = STYLED_ITEM('color',(#6543),#2537);
#6543 = PRESENTATION_STYLE_ASSIGNMENT((#6544));
#6544 = SURFACE_STYLE_USAGE(.BOTH.,#6545);
#6545 = SURFACE_SIDE_STYLE('',(#6546));
#6546 = SURFACE_STYLE_FILL_AREA(#6547);
#6547 = FILL_AREA_STYLE('',(#6548));
#6548 = FILL_AREA_STYLE_COLOUR('',#6156);
#6549 = STYLED_ITEM('color',(#6550),#2568);
#6550 = PRESENTATION_STYLE_ASSIGNMENT((#6551));
#6551 = SURFACE_STYLE_USAGE(.BOTH.,#6552);
#6552 = SURFACE_SIDE_STYLE('',(#6553));
#6553 = SURFACE_STYLE_FILL_AREA(#6554);
#6554 = FILL_AREA_STYLE('',(#6555));
#6555 = FILL_AREA_STYLE_COLOUR('',#6156);
#6556 = STYLED_ITEM('color',(#6557),#2592);
#6557 = PRESENTATION_STYLE_ASSIGNMENT((#6558));
#6558 = SURFACE_STYLE_USAGE(.BOTH.,#6559);
#6559 = SURFACE_SIDE_STYLE('',(#6560));
#6560 = SURFACE_STYLE_FILL_AREA(#6561);
#6561 = FILL_AREA_STYLE('',(#6562));
#6562 = FILL_AREA_STYLE_COLOUR('',#6156);
#6563 = STYLED_ITEM('color',(#6564),#2616);
#6564 = PRESENTATION_STYLE_ASSIGNMENT((#6565));
#6565 = SURFACE_STYLE_USAGE(.BOTH.,#6566);
#6566 = SURFACE_SIDE_STYLE('',(#6567));
#6567 = SURFACE_STYLE_FILL_AREA(#6568);
#6568 = FILL_AREA_STYLE('',(#6569));
#6569 = FILL_AREA_STYLE_COLOUR('',#6156);
#6570 = STYLED_ITEM('color',(#6571),#2633);
#6571 = PRESENTATION_STYLE_ASSIGNMENT((#6572));
#6572 = SURFACE_STYLE_USAGE(.BOTH.,#6573);
#6573 = SURFACE_SIDE_STYLE('',(#6574));
#6574 = SURFACE_STYLE_FILL_AREA(#6575);
#6575 = FILL_AREA_STYLE('',(#6576));
#6576 = FILL_AREA_STYLE_COLOUR('',#6156);
#6577 = STYLED_ITEM('color',(#6578),#2664);
#6578 = PRESENTATION_STYLE_ASSIGNMENT((#6579));
#6579 = SURFACE_STYLE_USAGE(.BOTH.,#6580);
#6580 = SURFACE_SIDE_STYLE('',(#6581));
#6581 = SURFACE_STYLE_FILL_AREA(#6582);
#6582 = FILL_AREA_STYLE('',(#6583));
#6583 = FILL_AREA_STYLE_COLOUR('',#6156);
#6584 = STYLED_ITEM('color',(#6585),#2688);
#6585 = PRESENTATION_STYLE_ASSIGNMENT((#6586));
#6586 = SURFACE_STYLE_USAGE(.BOTH.,#6587);
#6587 = SURFACE_SIDE_STYLE('',(#6588));
#6588 = SURFACE_STYLE_FILL_AREA(#6589);
#6589 = FILL_AREA_STYLE('',(#6590));
#6590 = FILL_AREA_STYLE_COLOUR('',#6156);
#6591 = STYLED_ITEM('color',(#6592),#2712);
#6592 = PRESENTATION_STYLE_ASSIGNMENT((#6593));
#6593 = SURFACE_STYLE_USAGE(.BOTH.,#6594);
#6594 = SURFACE_SIDE_STYLE('',(#6595));
#6595 = SURFACE_STYLE_FILL_AREA(#6596);
#6596 = FILL_AREA_STYLE('',(#6597));
#6597 = FILL_AREA_STYLE_COLOUR('',#6156);
#6598 = STYLED_ITEM('color',(#6599),#2729);
#6599 = PRESENTATION_STYLE_ASSIGNMENT((#6600));
#6600 = SURFACE_STYLE_USAGE(.BOTH.,#6601);
#6601 = SURFACE_SIDE_STYLE('',(#6602));
#6602 = SURFACE_STYLE_FILL_AREA(#6603);
#6603 = FILL_AREA_STYLE('',(#6604));
#6604 = FILL_AREA_STYLE_COLOUR('',#6156);
#6605 = STYLED_ITEM('color',(#6606),#2741);
#6606 = PRESENTATION_STYLE_ASSIGNMENT((#6607));
#6607 = SURFACE_STYLE_USAGE(.BOTH.,#6608);
#6608 = SURFACE_SIDE_STYLE('',(#6609));
#6609 = SURFACE_STYLE_FILL_AREA(#6610);
#6610 = FILL_AREA_STYLE('',(#6611));
#6611 = FILL_AREA_STYLE_COLOUR('',#6156);
#6612 = STYLED_ITEM('color',(#6613),#2753);
#6613 = PRESENTATION_STYLE_ASSIGNMENT((#6614));
#6614 = SURFACE_STYLE_USAGE(.BOTH.,#6615);
#6615 = SURFACE_SIDE_STYLE('',(#6616));
#6616 = SURFACE_STYLE_FILL_AREA(#6617);
#6617 = FILL_AREA_STYLE('',(#6618));
#6618 = FILL_AREA_STYLE_COLOUR('',#6156);
#6619 = STYLED_ITEM('color',(#6620),#2765);
#6620 = PRESENTATION_STYLE_ASSIGNMENT((#6621));
#6621 = SURFACE_STYLE_USAGE(.BOTH.,#6622);
#6622 = SURFACE_SIDE_STYLE('',(#6623));
#6623 = SURFACE_STYLE_FILL_AREA(#6624);
#6624 = FILL_AREA_STYLE('',(#6625));
#6625 = FILL_AREA_STYLE_COLOUR('',#6156);
#6626 = STYLED_ITEM('color',(#6627),#2777);
#6627 = PRESENTATION_STYLE_ASSIGNMENT((#6628));
#6628 = SURFACE_STYLE_USAGE(.BOTH.,#6629);
#6629 = SURFACE_SIDE_STYLE('',(#6630));
#6630 = SURFACE_STYLE_FILL_AREA(#6631);
#6631 = FILL_AREA_STYLE('',(#6632));
#6632 = FILL_AREA_STYLE_COLOUR('',#6156);
#6633 = STYLED_ITEM('color',(#6634),#2789);
#6634 = PRESENTATION_STYLE_ASSIGNMENT((#6635));
#6635 = SURFACE_STYLE_USAGE(.BOTH.,#6636);
#6636 = SURFACE_SIDE_STYLE('',(#6637));
#6637 = SURFACE_STYLE_FILL_AREA(#6638);
#6638 = FILL_AREA_STYLE('',(#6639));
#6639 = FILL_AREA_STYLE_COLOUR('',#6156);
#6640 = STYLED_ITEM('color',(#6641),#2801);
#6641 = PRESENTATION_STYLE_ASSIGNMENT((#6642));
#6642 = SURFACE_STYLE_USAGE(.BOTH.,#6643);
#6643 = SURFACE_SIDE_STYLE('',(#6644));
#6644 = SURFACE_STYLE_FILL_AREA(#6645);
#6645 = FILL_AREA_STYLE('',(#6646));
#6646 = FILL_AREA_STYLE_COLOUR('',#6156);
#6647 = STYLED_ITEM('color',(#6648),#2813);
#6648 = PRESENTATION_STYLE_ASSIGNMENT((#6649));
#6649 = SURFACE_STYLE_USAGE(.BOTH.,#6650);
#6650 = SURFACE_SIDE_STYLE('',(#6651));
#6651 = SURFACE_STYLE_FILL_AREA(#6652);
#6652 = FILL_AREA_STYLE('',(#6653));
#6653 = FILL_AREA_STYLE_COLOUR('',#6156);
#6654 = MECHANICAL_DESIGN_GEOMETRIC_PRESENTATION_REPRESENTATION('',(
    #6655),#3766);
#6655 = STYLED_ITEM('color',(#6656),#2876);
#6656 = PRESENTATION_STYLE_ASSIGNMENT((#6657));
#6657 = SURFACE_STYLE_USAGE(.BOTH.,#6658);
#6658 = SURFACE_SIDE_STYLE('',(#6659));
#6659 = SURFACE_STYLE_FILL_AREA(#6660);
#6660 = FILL_AREA_STYLE('',(#6661));
#6661 = FILL_AREA_STYLE_COLOUR('',#6662);
#6662 = COLOUR_RGB('',0.301960791261,0.301960791261,0.301960791261);
#6663 = MECHANICAL_DESIGN_GEOMETRIC_PRESENTATION_REPRESENTATION('',(
    #6664),#5882);
#6664 = STYLED_ITEM('color',(#6665),#5004);
#6665 = PRESENTATION_STYLE_ASSIGNMENT((#6666));
#6666 = SURFACE_STYLE_USAGE(.BOTH.,#6667);
#6667 = SURFACE_SIDE_STYLE('',(#6668));
#6668 = SURFACE_STYLE_FILL_AREA(#6669);
#6669 = FILL_AREA_STYLE('',(#6670));
#6670 = FILL_AREA_STYLE_COLOUR('',#6671);
#6671 = COLOUR_RGB('',0.313304153717,0.484529207832,0.410020903123);
ENDSEC;
END-ISO-10303-21;
